<?xml version="1.0" encoding="UTF-8"?>
<?xml-model href="http://www.tei-c.org/release/xml/tei/custom/schema/relaxng/tei_all.rng" type="application/xml" schematypens="http://relaxng.org/ns/structure/1.0"?>
<TEI xmlns="http://www.tei-c.org/ns/1.0" xml:id="EHRI-ET-ZIH3010884_EN">
  <teiHeader>
    <fileDesc>
      <titleStmt>
        <title>Relacja Renaty Trau (301/884)</title>
      </titleStmt>
      <editionStmt>
        <edition>EHRI Edition of Early Holocaust Testimony</edition>
        <author>
          <persName>Michał Czajka</persName>
        </author>
        <author>
          <persName>Marta Wojas</persName>
        </author>
        <author>
          <persName>Dagmara Chełstowska</persName>
        </author>
      </editionStmt>
      <publicationStmt>
        <publisher>
          <ref target="https://www.ehri-project.eu/">European Holocaust Research
            Infrastructure</ref>
        </publisher>
        <availability>
          <licence target="http://creativecommons.org/licenses/by-sa/4.0/">Attribution-ShareAlike
            4.0 International</licence>
        </availability>
      </publicationStmt>
      <sourceDesc>
        <msDesc>
          <msIdentifier>
            <country ref="https://portal.ehri-project.eu/countries/pl">Poland</country>
            <repository ref="https://portal.ehri-project.eu/institutions/pl-003146">Jewish
              Historical Institute in Warsaw</repository>
            <collection ref="https://portal.ehri-project.eu/units/pl-003146-301#desc-pol">Holocaust
              Survivor Testimonies (coll. 301)</collection>

          </msIdentifier>
          <physDesc/>
        </msDesc>
        <bibl>JHI, 301, Renata Trau Testimony (301/884) <textLang mainLang="pl">Original in
            Polish.</textLang></bibl>

      </sourceDesc>
    </fileDesc>
    <profileDesc>
      <creation><date when="1945">1945</date>, <persName ref="#ehri_et_trau_renata">Renata
          Trau</persName>, <persName ref="#ehri_et_haupt_dawid">Dawid Haupt</persName>, <placeName
          ref="http://www.geonames.org/761168/przemysl.html">Przemyśl</placeName>, <term
          type="subject" ref="https://portal.ehri-project.eu/keywords/ehri_terms-545"
        >ghettos</term>, <term type="subject"
          ref="https://portal.ehri-project.eu/keywords/ehri_terms-708">cultural activities</term>,
          <term type="subject" ref="https://portal.ehri-project.eu/keywords/ehri_terms-550">round
          ups (razzias, Aktionen)</term>, <term type="subject"
          ref="https://portal.ehri-project.eu/keywords/ehri_terms-1443">shelters</term>
        <idno>EHRI-ET-ZIH3010884</idno></creation>
      <textClass>
        <keywords>
          <term>testimony</term>
        </keywords>
      </textClass>

      <langUsage>
        <language ident="en">English</language>
      </langUsage>
      <abstract>
        <p>Establishment of the Przemyśl ghetto. Description of successive liquidation actions
          (July, August, September 194). In the last one, the author lost her mother and sister. She
          escaped with her father to the “Aryan side”.</p>
      </abstract>
    </profileDesc>
  </teiHeader>
  <text>
    <body>
      <p><persName ref="#ehri_et_trau_renata">Renata Trau</persName> Testimony (doc. 301/884)</p>
      <p>Typescript, 5 pages, 210 x 295 mm, Polish language</p>

      <p>Testimony of <persName ref="#ehri_et_trau_renata">Renata Trau</persName>, an 11-year-old,
        presents in simple words experiences of <term type="subject"
          ref="https://portal.ehri-project.eu/keywords/ehri_terms-824">children</term> in the
          <placeName ref="https://portal.ehri-project.eu/keywords/ehri_ghettos-836" type="ghetto"
          >ghetto</placeName>: <term type="subject"
          ref="https://portal.ehri-project.eu/keywords/ehri_terms-550">round-ups</term>, <term
          type="subject" ref="https://portal.ehri-project.eu/keywords/ehri_terms-262">hiding</term>,
        loss of relatives. <term type="subject"
          ref="https://portal.ehri-project.eu/keywords/ehri_terms-824">Children</term> weren’t
        allowed to stay in the living quarters for the working people. Risking their lives, <term
          type="subject" ref="https://portal.ehri-project.eu/keywords/ehri_terms-824"
          >children</term> of <q>the lower race</q> went out to listen to <term type="subject"
          ref="https://portal.ehri-project.eu/keywords/ehri_terms-691">music</term> and singing.</p>

      <p>Protocol No. 884/II</p>
      <p>Of the testimony deposed at the Historical Commission in <placeName
          ref="http://www.geonames.org/761168/przemysl.html">Przemyśl</placeName>.</p>
      <p>Recorded by: Dr. <persName ref="#ehri_et_haupt_dawid">Dawid Haupt</persName>, chairman of
        the Provincial Historical Commission in <placeName
          ref="http://www.geonames.org/761168/przemysl.html">Przemyśl</placeName>.</p>
      <p>Witness: <persName ref="#ehri_et_trau_renata">Renata Trau</persName>, born <date
          when="1934">1934</date> in <placeName ref="http://www.geonames.org/761168/przemysl.html"
          >Przemyśl</placeName>, father <persName ref="#ehri_et_trau_leon">Leon</persName>, mother
          <persName ref="#ehri_et_trau_golda">Golda</persName> was <term
          ref="https://portal.ehri-project.eu/keywords/ehri_terms-745" type="subject">killed</term>
        together with her second daughter at the hands of the hitlerites. Father is by profession a
          <term type="subject" ref="https://portal.ehri-project.eu/keywords/ehri_terms-886">military
          officer</term> on pension.</p>

      <p>Testimony: We lived in our own little house on <placeName
          ref="http://www.geonames.org/761168/przemysl.html">Dworskiego Street</placeName> in
          <placeName ref="http://www.geonames.org/761168/przemysl.html">Przemyśl</placeName>. When
        the <term type="subject" ref="#ehri_et_nationalities_germans">Germans</term> seized
          <placeName ref="http://www.geonames.org/761168/przemysl.html">Przemyśl</placeName> in
          <date when="1941">1941</date>, my father still ran a little trade of various goods. We had
        [money] for living and we didn’t lack anything. My sister <persName
          ref="#ehri_et_trau_tosia">Tosia</persName> was 4 years older than me (she was born in
          <date when="1930">1930</date>).</p>
      <p>I remember that the <term type="subject" ref="#ehri_et_nationalities_germans"
          >Germans</term> ordered the Jews to wear <term
          ref="https://portal.ehri-project.eu/keywords/ehri_terms-338" type="subject"
          >armbands</term>. Father didn’t put the <term
          ref="https://portal.ehri-project.eu/keywords/ehri_terms-338" type="subject">armband</term>
        on for 3 months, but later he had to, because people were <term type="subject"
          ref="https://portal.ehri-project.eu/keywords/ehri_terms-532">shot</term> for not wearing
        it.</p>
      <p>In <date when="1942">1942</date> we had to move out of our house into the <placeName
          ref="https://portal.ehri-project.eu/keywords/ehri_ghettos-836" type="ghetto"
          >ghetto</placeName> and there my father had his store of various goods for only 2 weeks,
        because there was an action in the <placeName
          ref="https://portal.ehri-project.eu/keywords/ehri_ghettos-836" type="ghetto"
          >ghetto</placeName>. We didn’t have stamps on our papers therefore we had to be
          <q>resettled</q>. My parents went to the gathering place and we walked them there. My
        sister and I cried and didn’t want to be separated, but my father calmed us down, saying
        that he would come back and my uncle, who was a commandant of the <term
          ref="https://portal.ehri-project.eu/keywords/ehri_terms-566" type="subject">Jewish
          policemen</term>, <note type="gloss">Ordners- from Yiddish: policemen of the <term
            ref="https://portal.ehri-project.eu/keywords/ehri_terms-566" type="subject">Jewish
            Police</term> in the ghetto called <term
            ref="https://portal.ehri-project.eu/keywords/ehri_terms-566" type="subject"
            >Ordnungdienst Polizei</term> (“Order Service”) [recorders’s remark].</note> took us to
        auntie’s apartment in the <placeName
          ref="https://portal.ehri-project.eu/keywords/ehri_ghettos-836" type="ghetto"
          >ghetto</placeName>. My Aunt had permission to stay in the <term
          ref="https://portal.ehri-project.eu/keywords/ehri_terms-545" type="subject">ghetto</term>
        and as a result one had to go through document checks. After a few hours, a <orgName
          ref="https://portal.ehri-project.eu/authorities/ehri_cb-350">Gestapo</orgName>-man came,
        my aunt showed him a document and said that my sister and I we were her <term type="subject"
          ref="https://portal.ehri-project.eu/keywords/ehri_terms-824">children</term>. My father
        and mommy didn’t come back and we cried a lot.</p>
      <p>Finally they came back from the gathering place, where thousands of Jews were sitting in
        the line and didn’t dare move. Our uncle <persName ref="#ehri_et_trau_manek">Manek
          Trau</persName>, who was the commandant of the <term
          ref="https://portal.ehri-project.eu/keywords/ehri_terms-566" type="subject">Jewish
          policemen</term>, rescued my parents by saying that my father was a locksmith, although
        daddy never was a locksmith and didn’t know anything about locksmithing.</p>
      <p>It was in the end of <date when="1943-07">July 1943</date>, and again in <date
          when="1943-11">November</date> there was an action. In the meantime we had to move twice,
        because the <placeName ref="https://portal.ehri-project.eu/keywords/ehri_ghettos-836"
          type="ghetto">ghetto</placeName> was made smaller. During the second action we <term
          type="subject" ref="https://portal.ehri-project.eu/keywords/ehri_terms-262">hid</term> in
        a little <term ref="https://portal.ehri-project.eu/keywords/ehri_terms-265" type="subject"
          >still-room,</term> which my father covered with a wardrobe moving it forward with a rope,
        so no one would be able to recognize whether there was an entry to the <term
          ref="https://portal.ehri-project.eu/keywords/ehri_terms-265" type="subject"
          >still-room</term> behind the wardrobe. <orgName
          ref="https://portal.ehri-project.eu/authorities/ehri_cb-350">Gestapo</orgName>-men went
        searching whether Jews were <term type="subject"
          ref="https://portal.ehri-project.eu/keywords/ehri_terms-265">hiding</term> and they came
        into our apartment. They broke the door down with an axe and made a search of the apartment.
        Using the axe they broke down a buffet and a wardrobe, behind which the door to the <term
          ref="https://portal.ehri-project.eu/keywords/ehri_terms-265" type="subject"
          >still-room</term> was. Fortunately they didn’t move the wardrobe away. I was terrified
        when the <orgName ref="https://portal.ehri-project.eu/authorities/ehri_cb-350"
          >Gestapo</orgName>-men were breaking down the wardrobe, but I stood quietly and didn’t
        cry. There was little room in the <term
          ref="https://portal.ehri-project.eu/keywords/ehri_terms-265" type="subject"
          >still-room</term> and we had to stand there for 24 hours. There, we had <term
          type="subject" ref="https://portal.ehri-project.eu/keywords/ehri_terms-832">bread</term>
        and water. We relieved ourselves in the bucket. Uncle didn’t come to us until the next day
        in the evening and told us that the action was over.</p>
      <p>After the action the <term ref="https://portal.ehri-project.eu/keywords/ehri_terms-545"
          type="subject">quarter</term> was divided into two parts: one for employed and the other
        for unemployed. We stayed in the quarter for working people, although my father wasn’t
        employed. He had to <term type="subject"
          ref="https://portal.ehri-project.eu/keywords/ehri_terms-265">hide</term> there, so the
        commandant of the <term ref="https://portal.ehri-project.eu/keywords/ehri_terms-508"
          type="subject">labour camp</term> in the <placeName
          ref="https://portal.ehri-project.eu/keywords/ehri_ghettos-836" type="ghetto"
          >ghetto</placeName> wouldn’t see us. He was a <term type="subject"
          ref="#ehri_et_nationalities_germans">German</term>, an <term
          ref="https://portal.ehri-project.eu/keywords/ehri_terms-1216" type="subject"
        >SS-man</term>. <term type="subject"
          ref="https://portal.ehri-project.eu/keywords/ehri_terms-824">Children</term> weren’t
        allowed to be in the quarter for working people and because of it we went out on the street
        only when the commandant wasn’t in the quarter.</p>
      <p>In the <term ref="https://portal.ehri-project.eu/keywords/ehri_terms-545" type="subject"
          >quarter</term> for working people there was a Jewish orchestra, a little choir and a
        Jewish ballet. They performed for the <term type="subject"
          ref="#ehri_et_nationalities_germans">Germans</term>, and when the commandant wasn’t there
        they rehearsed and played for the Jews who <q>ruled in the<placeName
            ref="https://portal.ehri-project.eu/keywords/ehri_ghettos-836" type="ghetto"
            >ghetto</placeName></q>. They had their own premises and sometimes I snuck out of the
        house and went there to listen to the <term type="subject"
          ref="https://portal.ehri-project.eu/keywords/ehri_terms-691">music</term> and singing.
          <persName ref="#ehri_et_haubenówna_janka">Janka Haubenówna</persName> was singing and
        Stegmanówna was dancing.</p>
      <p>On the <date when="1943-09-02">2nd</date> and <date when="1943-09-02">3rd of September
          1943</date> there was a third action in the <placeName
          ref="https://portal.ehri-project.eu/keywords/ehri_ghettos-836" type="ghetto"
          >ghetto</placeName>. Daddy already knew before that there would be an action and <term
          type="subject" ref="https://portal.ehri-project.eu/keywords/ehri_terms-262">hid</term> us
        in the <term ref="https://portal.ehri-project.eu/keywords/ehri_terms-265" type="subject"
          >hiding-place</term>. It was above the attic, and the entrance to this <term
          ref="https://portal.ehri-project.eu/keywords/ehri_terms-265" type="subject"
          >hiding-place</term> was through the opening in the roof, and then sheet iron was slipped
        in, so no one would notice. There were 18 of us there. Among the others who were saved was
          <persName ref="#ehri_et_hauben_samuel">Samuel Hauben</persName>, who in a few days would
        be <term ref="https://portal.ehri-project.eu/keywords/ehri_terms-745" type="subject"
          >killed</term> by the <term ref="https://portal.ehri-project.eu/keywords/ehri_terms-480"
          type="subject">watchman</term> who patrolled under the fence surrounding the <placeName
          ref="https://portal.ehri-project.eu/keywords/ehri_ghettos-836" type="ghetto"
          >ghetto</placeName>. <persName ref="#ehri_et_hauben_samuel">Hauben</persName> stole things
        from the apartments abandoned by the Jews during the action and traded those things under
        the fence for <term type="subject"
          ref="https://portal.ehri-project.eu/keywords/ehri_terms-832">food</term> with the <term
          type="subject" ref="https://portal.ehri-project.eu/keywords/ehri_terms-763"
          >Christian</term> tradesmen. Every time he gave 50 zloty to the <term
          ref="https://portal.ehri-project.eu/keywords/ehri_terms-480" type="subject"
          >watchman</term> (who previously was a Soviet soldier). Once he gave him only 10 zloty and
        then the <term ref="https://portal.ehri-project.eu/keywords/ehri_terms-480" type="subject"
          >watchman</term>
        <term ref="https://portal.ehri-project.eu/keywords/ehri_terms-745" type="subject"
          >killed</term> him, thrusting into his mouth the 10 zloty piece and robbing the <term
          type="subject" ref="https://portal.ehri-project.eu/keywords/ehri_terms-515">dead
          body</term>.</p>
      <p>After that action we found out that the <placeName
          ref="https://portal.ehri-project.eu/keywords/ehri_ghettos-836" type="ghetto"
          >ghetto</placeName> would be liquidated and all Jews would be taken away. In the face of
        this my parents decided to <term type="subject"
          ref="https://portal.ehri-project.eu/keywords/ehri_terms-262">hide</term> in town at a
          <term type="subject" ref="#ehri_et_nationalities_poles">Polish</term> woman’s with whom
        they were acquainted and with whom daddy had previously arranged.</p>
      <p>My mommy and sister left earlier and daddy and I were supposed to leave the next day. But
        it was already too late, because the <term
          ref="https://portal.ehri-project.eu/keywords/ehri_terms-551" type="subject">action</term>
        started the next morning. Daddy and I <term type="subject"
          ref="https://portal.ehri-project.eu/keywords/ehri_terms-262">hid</term> again in the same
          <term ref="https://portal.ehri-project.eu/keywords/ehri_terms-265" type="subject"
          >hiding-place</term>. This time there were 20 people there. Other people also wanted to
        come in there, but daddy didn’t let them, because there was no room and the ceiling below
        us, above the attic, would collapse. Faced with this, the Jews who didn’t come in,
        threatened that they would <term type="subject"
          ref="https://portal.ehri-project.eu/keywords/ehri_terms-200">denounce</term> us in case
        the <term type="subject" ref="#ehri_et_nationalities_germans">Germans</term> would detect
        them.</p>
      <p>And so they did.</p>
      <p>The next day <term type="subject" ref="#ehri_et_nationalities_germans">German</term>
        soldiers came, they climbed the ladder up to the roof and started to beat us with axes above
        our <term ref="https://portal.ehri-project.eu/keywords/ehri_terms-265" type="subject"
          >hiding-place</term> and called out: <q><foreign xml:lang="de">Heraus</foreign></q>.
        Everyone came out except daddy, a Jewish woman named <persName ref="#ehri_et_feuerowa"
          >Feuerowa</persName> and I stayed. We hid under the feather bed, but a <term
          type="subject" ref="#ehri_et_nationalities_germans">German</term> saw my father’s legs
        sticking out from the feather bed through the opening in the roof and shot in a way that
        wounded both my daddy’s legs and blood started to run from his wounds.</p>
      <p>I got scared of the <term type="subject" ref="#ehri_et_nationalities_germans"
          >Germans</term>’ screaming and I yelled for my father to come out and he came out on to
        the roof with me. From there we went down. The <term type="subject"
          ref="#ehri_et_nationalities_germans">Germans</term> pushed and kicked my father. When we
        were to leave the building, my father saw Jews standing in the courtyard with their hands in
        the air and turned to the <term ref="https://portal.ehri-project.eu/keywords/ehri_terms-265"
          type="subject">basement</term>. The <term type="subject"
          ref="#ehri_et_nationalities_germans">Germans</term> were then on the first floor <note
          type="gloss">First floor here refers to the second floor according to the American
          standards.</note> and in the courtyard. We <term type="subject"
          ref="https://portal.ehri-project.eu/keywords/ehri_terms-262">hid</term> in the <term
          ref="https://portal.ehri-project.eu/keywords/ehri_terms-265" type="subject"
          >basement</term>, covering ourselves with plywood that was there. My father threw the wrap
        that he had in his hands into the neighboring basement.</p>
      <p>The <term type="subject" ref="#ehri_et_nationalities_germans">Germans</term> searched the
        whole building and were in the <term
          ref="https://portal.ehri-project.eu/keywords/ehri_terms-265" type="subject"
          >basement</term> but they didn’t move the plywood. However, in the other basement, where
        they found the wrap, they searched thoroughly and even dug.</p>
      <p>We sat in the <term ref="https://portal.ehri-project.eu/keywords/ehri_terms-265"
          type="subject">basement</term> until the night and later, wounded in both legs, my father
        dragged himself on all fours to the apartment and washed the wounds with water. At night my
        uncle came to us and called over Dr. <persName ref="#ehri_et_schattner">Schattner</persName>
        who bandaged daddy’s legs.</p>
      <p>Uncle told us to hide, because the <term type="subject"
          ref="#ehri_et_nationalities_germans">Germans</term> were going from house to house and
        blowing up the <term ref="https://portal.ehri-project.eu/keywords/ehri_terms-265"
          type="subject">bunkers</term>, but father couldn’t get up and stayed in bed. The next day
        the <term type="subject" ref="#ehri_et_nationalities_germans">Germans</term> came and blew
        up the <term ref="https://portal.ehri-project.eu/keywords/ehri_terms-265" type="subject"
          >bunkers</term> in the <term ref="https://portal.ehri-project.eu/keywords/ehri_terms-265"
          type="subject">basement</term> and in the attic in the building where we lived, but didn’t
        come into our apartment and in this manner we were saved again. I <term type="subject"
          ref="https://portal.ehri-project.eu/keywords/ehri_terms-262">hid</term> under the wardrobe
        and father <term type="subject" ref="https://portal.ehri-project.eu/keywords/ehri_terms-262"
          >hid</term> under the feather bed. It was in the building on <placeName
          ref="http://www.geonames.org/761168/przemysl.html">26 Iwaszkiewicza
        Street</placeName>.</p>
      <p>The next day daddy and I left the <placeName
          ref="https://portal.ehri-project.eu/keywords/ehri_ghettos-836" type="ghetto"
          >ghetto</placeName> at night in secret and we <term type="subject"
          ref="https://portal.ehri-project.eu/keywords/ehri_terms-262">hid</term> at a <term
          type="subject" ref="#ehri_et_nationalities_poles">Polish</term> woman’s in <placeName
          ref="http://www.geonames.org/761168/przemysl.html">Przemyśl</placeName> where mommy was
        supposed to wait for us. We didn’t find her there, because she had returned to the
          <placeName ref="https://portal.ehri-project.eu/keywords/ehri_ghettos-836" type="ghetto"
          >ghetto</placeName> to find out what happened to us. On the way to the <placeName
          ref="https://portal.ehri-project.eu/keywords/ehri_ghettos-836" type="ghetto"
          >ghetto</placeName> a <term type="subject" ref="#ehri_et_nationalities_poles"
          >Polish</term> bloodhound encountered her and took all my mommy’s money and jewelry. When
        mommy was coming back from the <placeName
          ref="https://portal.ehri-project.eu/keywords/ehri_ghettos-836" type="ghetto"
          >ghetto</placeName>, a <term ref="https://portal.ehri-project.eu/keywords/ehri_terms-1126"
          type="subject">Ukrainian policeman</term> encountered her and took her to the commandant
        of the <term ref="https://portal.ehri-project.eu/keywords/ehri_terms-545" type="subject"
          >ghetto</term>, <term ref="https://portal.ehri-project.eu/keywords/ehri_terms-1216"
          type="subject">SS-man</term>
        <persName ref="https://portal.ehri-project.eu/authorities/ehri_pers-000364"
          >Schwamberger</persName>, <note type="gloss">Schwamberger Josef, SS-Obersturmführer (First
          Lieutenant), commandant of the <placeName
            ref="http://www.geonames.org/761168/przemysl.html">Przemyśl</placeName>
        ghetto.</note>who <term type="subject"
          ref="https://portal.ehri-project.eu/keywords/ehri_terms-532">shot</term> my mommy and
        sister. Daddy and I <term type="subject"
          ref="https://portal.ehri-project.eu/keywords/ehri_terms-262">hid</term> at this lady’s
        until the <orgName ref="https://portal.ehri-project.eu/authorities/ehri_cb-004583"
          >Soviets</orgName> came.</p>
    </body>
  </text>
</TEI>
