<?xml version="1.0" encoding="UTF-8"?>
<?xml-model href="http://www.tei-c.org/release/xml/tei/custom/schema/relaxng/tei_all.rng" type="application/xml" schematypens="http://relaxng.org/ns/structure/1.0"?>
<TEI xmlns="http://www.tei-c.org/ns/1.0" xml:id="EHRI-ET-ZIH301191_EN">
  <teiHeader>
    <fileDesc>
      <titleStmt>
        <title>Relacja Dawida Kohane (301/191)</title>
      </titleStmt>
      <editionStmt>
        <edition>EHRI Edition of Early Holocaust Testimony</edition>
        <author>
          <persName>Michał Czajka</persName>
        </author>
        <author>
          <persName>Marta Wojas</persName>
        </author>
        <author>
          <persName>Dagmara Chełstowska</persName>
        </author>
      </editionStmt>
      <publicationStmt>
        <publisher>
          <ref target="https://www.ehri-project.eu/">European Holocaust Research
            Infrastructure</ref>
        </publisher>
        <availability>
          <licence target="http://creativecommons.org/licenses/by-sa/4.0/">Attribution-ShareAlike
            4.0 International</licence>
        </availability>
      </publicationStmt>
      <sourceDesc>
        <msDesc>
          <msIdentifier>
            <country ref="https://portal.ehri-project.eu/countries/pl">Poland</country>
            <repository ref="https://portal.ehri-project.eu/institutions/pl-003146">Jewish
              Historical Institute in Warsaw</repository>
            <collection ref="https://portal.ehri-project.eu/units/pl-003146-301#desc-pol">Holocaust
              Survivor Testimonies (coll. 301)</collection>

          </msIdentifier>
          <physDesc/>
        </msDesc>
        <bibl>JHI, 301, Dawid Kohane Testimony (301/191) <textLang mainLang="pl">Original in
            Polish.</textLang></bibl>

      </sourceDesc>
    </fileDesc>
    <profileDesc>
      <creation><date when="1945">1945</date>, <persName ref="#ehri_et_kohane_dawid">Dawid
          Kohane</persName>, <placeName
          ref="http://www.geonames.org/759751/rzepiennik-strzyzewski.html">Rzepiennik
          Strzyżowski</placeName>, <term type="subject"
          ref="https://portal.ehri-project.eu/keywords/ehri_terms-508">labour camps</term>, <term
          type="subject" ref="https://portal.ehri-project.eu/keywords/ehri_terms-579"
          >Judenrat</term>, <term type="subject"
          ref="https://portal.ehri-project.eu/keywords/ehri_terms-540">mass murders</term>, <term
          type="subject" ref="https://portal.ehri-project.eu/keywords/ehri_terms-207">family camps
          in forests</term>
        <idno>EHRI-ET-ZIH301191</idno></creation>
      <textClass>
        <keywords>
          <term>testimony</term>
        </keywords>
      </textClass>

      <langUsage>
        <language ident="en">English</language>
      </langUsage>
      <abstract>
        <p>The author returned to Rzepiennik Strzyżowski from German captivity. Establishment of the
          ghetto. Contributions, looting of Jewish property. Description of mass execution of Jews
          during the liquidation of ghetto (Aug. 1942)</p>
      </abstract>
    </profileDesc>
  </teiHeader>
  <text>
    <body>
      <p><persName ref="#ehri_et_kohane_dawid">Dawid Kohane</persName> Testimony (doc. 301/191)</p>

      <p>Original, manuscript, 6 pages, 145 x 208 mm, Polish language</p>

      <p><persName ref="#ehri_et_kohane_dawid">Dawid Kohane</persName></p>

      <p>Born <date when="1917-07-10">10th of July 1917</date> in <placeName
          ref="http://www.geonames.org/759751/rzepiennik-strzyzewski.html">Rzepiennik</placeName>
          (<placeName ref="http://www.geonames.org/6690153/powiat-gorlicki.html">Gorlice
          district</placeName>) <note type="gloss">It has not been possible to establish which
          Rzepiennik the author lived in: R. Biskupi, R. Marciszewski, R. Strzyżowski or R.
          Suchy</note></p>
      <p>A Talmudist – a yeshiva in <placeName ref="http://www.geonames.org/757026/tarnow.html"
          >Tarnów</placeName></p>
      <p>When the <term type="subject" ref="https://portal.ehri-project.eu/keywords/ehri_terms-1080"
          >war</term> broke out – with the <term type="subject"
          ref="https://portal.ehri-project.eu/keywords/ehri_terms-1076">army</term>. Wounded and
        taken captive near <placeName ref="http://www.geonames.org/702550/lviv.html"
          >Lvov</placeName> on <date when="1939-09-22">22nd of September 1939</date>. <term
          ref="https://portal.ehri-project.eu/keywords/ehri_terms-204" type="subject"
        >Escaped</term>. Came back home.</p>
      <p><placeName ref="http://www.geonames.org/759751/rzepiennik-strzyzewski.html"
          >Rzepiennik</placeName> – 500 Jews</p>
      <p>There were no <term ref="https://portal.ehri-project.eu/keywords/ehri_terms-1159"
          type="subject">German</term><term
          ref="https://portal.ehri-project.eu/keywords/ehri_terms-1032" type="subject"
          >authorities</term> until <date when="1942">1942</date>. Things were very peaceful.</p>
      <p>In <date when="1941-12">December 1941</date> an order arrived (from <placeName
          ref="http://www.geonames.org/771804/gorlice.html">Gorlice</placeName>) to give up fur
        coats.</p>
      <p>From <date when="1942">1942</date> a <term
          ref="https://portal.ehri-project.eu/keywords/ehri_terms-1216" type="subject"
          >Sturmführer</term> from <orgName
          ref="https://portal.ehri-project.eu/authorities/ehri_cb-750">Arbeitsamt</orgName> used to
        arrive and take people (<term ref="https://portal.ehri-project.eu/keywords/ehri_terms-826"
          type="subject">men</term>) to <term
          ref="https://portal.ehri-project.eu/keywords/ehri_terms-556" type="subject">work</term>.
        He took <term ref="https://portal.ehri-project.eu/keywords/ehri_terms-1053" type="subject"
          >ransom</term> in the form of <term
          ref="https://portal.ehri-project.eu/keywords/ehri_terms-832" type="subject">vodka</term>,
          <term ref="https://portal.ehri-project.eu/keywords/ehri_terms-832" type="subject">pork
          fat</term>, bedclothes,<term ref="https://portal.ehri-project.eu/keywords/ehri_terms-832"
          type="subject">coffee</term>, <term
          ref="https://portal.ehri-project.eu/keywords/ehri_terms-832" type="subject">tea</term>. He
        would take 30-35 <term ref="https://portal.ehri-project.eu/keywords/ehri_terms-826"
          type="subject">men</term> into a <term
          ref="https://portal.ehri-project.eu/keywords/ehri_terms-567" type="subject">camp</term>
        near <placeName ref="http://www.geonames.org/759591/sanok.html">Sanok</placeName>. They
          <term ref="https://portal.ehri-project.eu/keywords/ehri_terms-556" type="subject"
          >worked</term> for 2 months. Then they <term
          ref="https://portal.ehri-project.eu/keywords/ehri_terms-204" type="subject"
        >escaped</term>. A deputy of <term
          ref="https://portal.ehri-project.eu/keywords/ehri_terms-1185" type="subject"><foreign
            xml:lang="de">Kreishauptmann</foreign></term>, <note type="gloss">District
          head</note><persName ref="#ehri_et_gartner">Gartner</persName>, the <foreign xml:lang="de"
          >Schulrat</foreign>, <note type="gloss">Schools supervisor</note>came from <placeName
          ref="http://www.geonames.org/770293/jaslo.html">Jasło</placeName> in <date when="1942-03"
          >March</date> to inspect <term
          ref="https://portal.ehri-project.eu/keywords/ehri_terms-1134" type="subject"
          >schools</term>. He’d burst into Jewish <term
          ref="https://portal.ehri-project.eu/keywords/ehri_terms-837" type="subject">flats</term>.
        He’d beat the <term ref="https://portal.ehri-project.eu/keywords/ehri_terms-825"
          type="subject">women</term>. He <term
          ref="https://portal.ehri-project.eu/keywords/ehri_terms-562" type="subject">broke</term>
        one <term ref="https://portal.ehri-project.eu/keywords/ehri_terms-825" type="subject"
          >elderly lady</term>’s arm and leg. He burst into the <term
          ref="https://portal.ehri-project.eu/keywords/ehri_terms-579" type="subject"
          >Judenrat</term> with a revolver, <term
          ref="https://portal.ehri-project.eu/keywords/ehri_terms-662" type="subject"
          >threatening</term> to <term ref="https://portal.ehri-project.eu/keywords/ehri_terms-532"
          type="subject">kill</term> everyone unless he’d be given 20 litres of <term
          ref="https://portal.ehri-project.eu/keywords/ehri_terms-832" type="subject"
          >slivovitz</term>. All Jews <term
          ref="https://portal.ehri-project.eu/keywords/ehri_terms-204" type="subject"
        >escaped</term>. He vandalized <term
          ref="https://portal.ehri-project.eu/keywords/ehri_terms-837" type="subject">flats</term>,
          <term ref="https://portal.ehri-project.eu/keywords/ehri_terms-655" type="subject"
          >robbed</term> whatever he could. A <placeName
          ref="http://www.geonames.org/798544/republic-of-poland.html">Polish</placeName>
        <term ref="https://portal.ehri-project.eu/keywords/ehri_terms-734" type="subject">canon
          priest</term>
        <persName ref="#ehri_et_krzemień">Krzemień</persName> accompanied him ([he had been] in
          <placeName ref="http://www.geonames.org/759751/rzepiennik-strzyzewski.html"
          >Rzepiennik</placeName> before then). The <term
          ref="https://portal.ehri-project.eu/keywords/ehri_terms-1159" type="subject"
          >Germans</term> would always stop by at his place; they drank at his place and with him
        too. He would always invite them.</p>
      <p>A <term ref="https://portal.ehri-project.eu/keywords/ehri_terms-1159" type="subject"
          >German</term> committee of 8 people arrived in <date when="1942-04">April</date> for
        junaks. They demanded the <term ref="https://portal.ehri-project.eu/keywords/ehri_terms-579"
          type="subject">Judenrat</term> deliver <term
          ref="https://portal.ehri-project.eu/keywords/ehri_terms-832" type="subject">vodka</term>
        and cigarettes – it did. They asked for more <term
          ref="https://portal.ehri-project.eu/keywords/ehri_terms-832" type="subject">vodka</term>
        to be prepared for the evening – there wasn’t any. All Jews had <term
          ref="https://portal.ehri-project.eu/keywords/ehri_terms-204" type="subject">fled</term>.
        In the evening they went looking for Jews and thieving with the <placeName
          ref="http://www.geonames.org/798544/republic-of-poland.html">Polish</placeName>
        <term ref="https://portal.ehri-project.eu/keywords/ehri_terms-1119" type="subject"
          >police</term>: <persName ref="#ehri_et_wid_jan">Jan Wid</persName> and <persName
          ref="#ehri_et_kuczera_hubert">Hubert Kuczera</persName>. They caught a 60 year-old <term
          ref="https://portal.ehri-project.eu/keywords/ehri_terms-825" type="subject">woman</term>
        from <placeName ref="http://www.geonames.org/3094802/krakow.html">Cracow</placeName>,
          <persName ref="#ehri_et_lorier">Lorier</persName>. They <term
          ref="https://portal.ehri-project.eu/keywords/ehri_terms-562" type="subject">beat</term>
        her in a horrible manner, they told her to climb over a wall (<persName
          ref="#ehri_et_wid_jan">Wid</persName>).</p>
      <p>A <term ref="https://portal.ehri-project.eu/keywords/ehri_terms-655" type="subject"
          >contribution</term> in <date when="1942-07">July</date> – 25000.</p>
      <p>A few days later they <term ref="https://portal.ehri-project.eu/keywords/ehri_terms-660"
          type="subject">demanded</term> 35 men’s <term
          ref="https://portal.ehri-project.eu/keywords/ehri_terms-836" type="subject">suits</term>.
        Next, <persName ref="#ehri_et_romański">Romański</persName>, head of <foreign xml:lang="de"
          >Liegenschaftsamt</foreign>, <note type="gloss">Real estate office</note> came and <term
          ref="https://portal.ehri-project.eu/keywords/ehri_terms-655" type="subject">robbed</term>
        everything: <term ref="https://portal.ehri-project.eu/keywords/ehri_terms-837"
          type="subject">furniture</term>, <term
          ref="https://portal.ehri-project.eu/keywords/ehri_terms-836" type="subject"
        >clothes</term>. He filled up 10 trucks.</p>

      <p><date when="1942-07">July 1942</date></p>
      <p>The <term ref="https://portal.ehri-project.eu/keywords/ehri_terms-579" type="subject"
          >Judenrat</term> gave a Jew <term
          ref="https://portal.ehri-project.eu/keywords/ehri_terms-518" type="subject"
          >deported</term> from <placeName ref="http://www.geonames.org/3093133/lodz.html"
          >Łódź</placeName> a paper to a Jew who lived 2 kilometres outside <placeName
          ref="http://www.geonames.org/759751/rzepiennik-strzyzewski.html">Rzepiennik</placeName>.
        When stopped outside the town, the Jew produced this paper as identification. Thus, the
          <term ref="https://portal.ehri-project.eu/keywords/ehri_terms-579" type="subject"
          >Judenrat</term> was accused of issuing passes. A day later the Obmann <note type="gloss"
          >Obmann – president, head</note> and the <term
          ref="https://portal.ehri-project.eu/keywords/ehri_terms-579" type="subject"
          >Judenrat’s</term> secretary received a summons from the <orgName
          ref="https://portal.ehri-project.eu/authorities/ehri_cb-350">Gestapo</orgName> in
          <placeName ref="http://www.geonames.org/771804/gorlice.html">Gorlice.</placeName> From
        there they were sent on, allegedly to a court hearing in <placeName
          ref="http://www.geonames.org/770293/jaslo.html">Jasło</placeName>, and <term
          ref="https://portal.ehri-project.eu/keywords/ehri_terms-532" type="subject">shot</term>
        <term ref="https://portal.ehri-project.eu/keywords/ehri_terms-745" type="subject"
          >dead</term> the day after.</p>
      <p>Beginning of <date when="1942-08">August</date> – <term
          ref="https://portal.ehri-project.eu/keywords/ehri_terms-1185" type="subject"
          >Kreishauptmann</term> arrives from <placeName
          ref="http://www.geonames.org/770293/jaslo.html">Jasło</placeName>. <persName
          ref="#ehri_et_gentz">D[octo]r Gentz</persName> – on the square all Jews are put on a
        registry. He calculated. He asked <term
          ref="https://portal.ehri-project.eu/keywords/ehri_terms-826" type="subject">boys</term>
        between 18 and 35 year-old to step forward. There were 45 <term
          ref="https://portal.ehri-project.eu/keywords/ehri_terms-826" type="subject">men</term>.
        Everyone came back <term ref="https://portal.ehri-project.eu/keywords/ehri_terms-837"
          type="subject">home</term>. An order came two days later from the <orgName
          ref="https://portal.ehri-project.eu/authorities/ehri_cb-350">Gestapo</orgName> in
          <placeName ref="http://www.geonames.org/770293/jaslo.html">Jasło</placeName>, saying these
          <term ref="https://portal.ehri-project.eu/keywords/ehri_terms-826" type="subject"
          >men</term> were to go to <term
          ref="https://portal.ehri-project.eu/keywords/ehri_terms-556" type="subject">work</term> in
          <placeName ref="http://www.geonames.org/775796/bobowa.html">Bobowa</placeName>. The <term
          ref="https://portal.ehri-project.eu/keywords/ehri_terms-579" type="subject"
          >Judenrat’s</term> Obmann in <placeName ref="http://www.geonames.org/775796/bobowa.html"
          >Bobowa</placeName> asked for a few people to be released, to which he got this reply from
        a <orgName ref="https://portal.ehri-project.eu/authorities/ehri_cb-350">Gestapo</orgName>
        soldier: <q><foreign xml:lang="de">Die Leute werden mir dankbar sein, dass sie hier
            sind</foreign></q>. <note type="gloss">These people will be grateful to me for being
          here.</note></p>
      <p>They were taken to <placeName ref="http://www.geonames.org/761276/prokocim.html"
          >Prokocim</placeName> on <date when="1942-08-08">8th August 1942</date>. On <date
          when="1942-08-11">11th August 1942</date> the head of <orgName
          ref="https://portal.ehri-project.eu/authorities/ehri_cb-350">Gestapo</orgName> came to
          <placeName ref="http://www.geonames.org/759751/rzepiennik-strzyzewski.html"
          >Rzepiennik</placeName> from <placeName ref="http://www.geonames.org/770293/jaslo.html"
          >Jasło</placeName> along with the head of Liegenschaftsamt and they demanded a <term
          ref="https://portal.ehri-project.eu/keywords/ehri_terms-655" type="subject"
          >contribution</term> of 10000 for restoration of <term
          ref="https://portal.ehri-project.eu/keywords/ehri_terms-837" type="subject"
          >furniture</term>. At the same time, they summoned the commune head and the chief of
          <placeName ref="http://www.geonames.org/798544/republic-of-poland.html">Polish</placeName>
        police to choose a location for a Jewish grave. The <term
          ref="https://portal.ehri-project.eu/keywords/ehri_terms-1159" type="subject"
          >Germans</term> came with the junaks at 3 in the morning the day after, they woke all Jews
        up, telling them they’d be <term type="subject"
          ref="https://portal.ehri-project.eu/keywords/ehri_terms-518">deported</term>. They told
        everyone to take 25 kg of their best possessions. (The youth were digging a grave at that
        time.) Everyone was herded into a square, along with their bundles. Twelve <orgName
          ref="https://portal.ehri-project.eu/authorities/ehri_cb-350">Gestapo</orgName> men
        arrived, they went into a tavern, drank 12 liters of <term
          ref="https://portal.ehri-project.eu/keywords/ehri_terms-832" type="subject">vodka</term>.
        They told everyone to kneel down – 3 hours, 6-9 in the morning, they told them to <term
          ref="https://portal.ehri-project.eu/keywords/ehri_terms-655" type="subject">give up their
          belongings</term>, put them on autos. Next they were all taken towards a forest (and <term
          ref="https://portal.ehri-project.eu/keywords/ehri_terms-562" type="subject">beaten</term>
        along the way), to a square near <placeName ref="#ehri_et_dąbra">Dąbra</placeName>
        <note type="gloss">Forest near Rzepiennik</note>. They were told to <term
          ref="https://portal.ehri-project.eu/keywords/ehri_terms-655" type="subject">give up
          money</term>. Then, they were told to take <term
          ref="https://portal.ehri-project.eu/keywords/ehri_terms-836" type="subject">clothes</term>
        off, 10 people at a time. Adults were shot, thrown into the grave, often wounded but still
        alive; they buried the people, shouts could be heard: <q>It’s burning my eyes.</q>
        <term ref="https://portal.ehri-project.eu/keywords/ehri_terms-824" type="subject"
          >Children</term> were smashed against trees and torn apart. After the <term
          ref="https://portal.ehri-project.eu/keywords/ehri_terms-540" type="subject"
          >execution</term> was over the <term
          ref="https://portal.ehri-project.eu/keywords/ehri_terms-734" type="subject">canon
          priest</term> invited all the <orgName
          ref="https://portal.ehri-project.eu/authorities/ehri_cb-350">Gestapo</orgName> men to
        dinner. The <term ref="https://portal.ehri-project.eu/keywords/ehri_terms-532"
          type="subject">shooting</term> went on from 10 o’clock in the morning until 3 o’clock [in
        the afternoon].</p>
      <p><persName ref="#ehri_et_kahane_abel">Abel Kahane</persName> (currently in <placeName
          ref="http://www.geonames.org/3094802/krakow.html">Cracow</placeName>) witnessed the <term
          ref="https://portal.ehri-project.eu/keywords/ehri_terms-540" type="subject"
          >execution</term>, he was standing on a hill 100 metres away. He, his <term
          ref="https://portal.ehri-project.eu/keywords/ehri_terms-822" type="subject">sister</term>
        and her <term ref="https://portal.ehri-project.eu/keywords/ehri_terms-822" type="subject"
          >husband</term> and <term ref="https://portal.ehri-project.eu/keywords/ehri_terms-822"
          type="subject">children</term> and one other <term
          ref="https://portal.ehri-project.eu/keywords/ehri_terms-822" type="subject">family</term>
        lived out of the town and so they didn’t get surrounded by the police cordon and managed to
          <term ref="https://portal.ehri-project.eu/keywords/ehri_terms-204" type="subject"
          >escape</term>. The <term ref="https://portal.ehri-project.eu/keywords/ehri_terms-566"
          type="subject">OD</term> who came to wake them up saved himself too. All of them, however,
        except for <persName ref="#ehri_et_kahane_abel">Abel Kahane</persName>, <term
          ref="https://portal.ehri-project.eu/keywords/ehri_terms-745" type="subject">died</term>
        later. <persName ref="#ehri_et_kahane_abel">Abel Kahane</persName>
        <term ref="https://portal.ehri-project.eu/keywords/ehri_terms-265" type="subject">hid</term>
        in the forest. His <term ref="https://portal.ehri-project.eu/keywords/ehri_terms-822"
          type="subject">sister</term> and her <term
          ref="https://portal.ehri-project.eu/keywords/ehri_terms-112" type="subject"
          >children</term> took <term ref="https://portal.ehri-project.eu/keywords/ehri_terms-265"
          type="subject">hide</term> with a farmer. Four weeks later, when the farmer would not have
        them any more, <persName ref="#ehri_et_kahane_dawid">Dawid Kahane</persName> came (without
        the band) from a <term ref="https://portal.ehri-project.eu/keywords/ehri_terms-265"
          type="subject">camp</term> and took his family to the <term
          ref="https://portal.ehri-project.eu/keywords/ehri_terms-545" type="subject">ghetto</term>
        in <placeName ref="http://www.geonames.org/757026/tarnow.html">Tarnów</placeName>, and took
        his <term ref="https://portal.ehri-project.eu/keywords/ehri_terms-822" type="subject"
          >brother</term> to the <term ref="https://portal.ehri-project.eu/keywords/ehri_terms-265"
          type="subject">camp</term>.</p>
      <p>46 people from <placeName ref="http://www.geonames.org/759751/rzepiennik-strzyzewski.html"
          >Rzepiennik</placeName> worked in <placeName
          ref="http://www.geonames.org/761276/prokocim.html">Prokocim</placeName>. Three months
        later, 5 people, sensing that things were getting unsteady, <term
          ref="https://portal.ehri-project.eu/keywords/ehri_terms-204" type="subject">escaped</term>
        to <placeName ref="http://www.geonames.org/759751/rzepiennik-strzyzewski.html"
          >Rzepiennik</placeName>. They paid their <term type="subject"
          ref="#ehri_et_nationalities_poles">Polish</term> neighbours there for letting them <term
          ref="https://portal.ehri-project.eu/keywords/ehri_terms-265" type="subject">hide</term> at
        their place, sometimes <term ref="https://portal.ehri-project.eu/keywords/ehri_terms-265"
          type="subject">hid</term> in <term
          ref="https://portal.ehri-project.eu/keywords/ehri_terms-265" type="subject"
        >forests</term>, sometimes also ventured further away when manhunts were on.</p>
      <p>Two friends of <persName ref="#ehri_et_kahane_dawid">Dawid Kahane</persName> from a
        neighbouring village – <persName ref="#ehri_et_oline_samuel">Samuel Oline</persName> and
          <persName ref="#ehri_et_schiff_michael">Michael Schiff</persName>
        <term ref="https://portal.ehri-project.eu/keywords/ehri_terms-265" type="subject">hid</term>
        with farmers in <placeName ref="http://www.geonames.org/765673/luzna.html"
        >Łużna</placeName>. They were <term
          ref="https://portal.ehri-project.eu/keywords/ehri_terms-200" type="subject"
          >denounced</term> and <term ref="https://portal.ehri-project.eu/keywords/ehri_terms-1119"
          type="subject">police</term> came from <placeName
          ref="http://www.geonames.org/771804/gorlice.html">Gorlice</placeName> to take them. They
        were <term ref="https://portal.ehri-project.eu/keywords/ehri_terms-562" type="subject"
          >stripped naked</term> (<date when="1943-01">January 1943</date>), handcuffed. While the
          <term type="subject" ref="#ehri_et_nationalities_poles">Polish</term> were digging a
        grave, the <term ref="https://portal.ehri-project.eu/keywords/ehri_terms-1159"
          type="subject">Germans</term> went to a tavern. The boys <term
          ref="https://portal.ehri-project.eu/keywords/ehri_terms-204" type="subject"
        >escaped</term>, went to a carpenter who cut through the handcuffs. The <term
          ref="https://portal.ehri-project.eu/keywords/ehri_terms-1159" type="subject"
          >Germans</term> came after them. <persName ref="#ehri_et_oline_samuel">Oline</persName>
        grabbed hold of a wooden board, <term
          ref="https://portal.ehri-project.eu/keywords/ehri_terms-212" type="subject">hit</term> a
          <term ref="https://portal.ehri-project.eu/keywords/ehri_terms-1159" type="subject"
          >German</term> on the head. The <term
          ref="https://portal.ehri-project.eu/keywords/ehri_terms-1159" type="subject">German</term>
        fell down. The other <term ref="https://portal.ehri-project.eu/keywords/ehri_terms-1159"
          type="subject">German</term>
        <term ref="https://portal.ehri-project.eu/keywords/ehri_terms-532" type="subject"
          >shot</term> one Jew <term ref="https://portal.ehri-project.eu/keywords/ehri_terms-745"
          type="subject">dead</term>. <persName ref="#ehri_et_oline_samuel">Oline</persName>
        <term ref="https://portal.ehri-project.eu/keywords/ehri_terms-204" type="subject"
          >escaped</term>. A few hours later he was caught too.</p>
      <p><persName ref="#ehri_et_lauer_iza">I.[za] L.[auer]</persName>
        <note type="gloss">Signature of the person recording the testimony.</note></p>
    </body>
  </text>
</TEI>
