<?xml version="1.0" encoding="UTF-8"?>
<?xml-model href="http://www.tei-c.org/release/xml/tei/custom/schema/relaxng/tei_all.rng" type="application/xml" schematypens="http://relaxng.org/ns/structure/1.0"?>
<TEI xmlns="http://www.tei-c.org/ns/1.0" xml:id="EHRI-ET-ZIH301014_EN">
  <teiHeader>
    <fileDesc>
      <titleStmt>
        <title>Relacja Hersza Cukiermana (301/14)</title>
      </titleStmt>
      <editionStmt>
        <edition>EHRI Edition of Early Holocaust Testimony</edition>
        <author>
          <persName>Michał Czajka</persName>
        </author>
        <author>
          <persName>Marta Wojas</persName>
        </author>
        <author>
          <persName>Dagmara Chełstowska</persName>
        </author>
      </editionStmt>
      <publicationStmt>
        <publisher>
          <ref target="https://www.ehri-project.eu/">European Holocaust Research
            Infrastructure</ref>
        </publisher>
        <availability>
          <licence target="http://creativecommons.org/licenses/by-sa/4.0/">Attribution-ShareAlike
            4.0 International</licence>
        </availability>
      </publicationStmt>
      <sourceDesc>
        <msDesc>
          <msIdentifier>
            <country ref="https://portal.ehri-project.eu/countries/pl">Poland</country>
            <repository ref="https://portal.ehri-project.eu/institutions/pl-003146">Jewish
              Historical Institute in Warsaw</repository>
            <collection ref="https://portal.ehri-project.eu/units/pl-003146-301#desc-pol">Holocaust
              Survivor Testimonies (coll. 301)</collection>

          </msIdentifier>
          <physDesc/>
        </msDesc>
        <bibl>JHI, 301, Hersz Cukierman Testimony (301/14) <textLang mainLang="pl">Original in
            Polish.</textLang></bibl>

      </sourceDesc>
    </fileDesc>
    <profileDesc>
      <creation><date when="1944-09-17">17. 9. 1944</date>, <persName ref="#ehri_et_cukierman_hersz"
          >Hersz Cukierman</persName>, <persName ref="#ehri_et_lewenkopf_m.">M.
        Lewenkopf</persName>, <placeName ref="http://www.geonames.org/754959/wolka-katna.html">Wólka
          Kątna</placeName>, <placeName ref="http://www.geonames.org/763107/opole-lubelskie.html"
          >Opole Lubelskie</placeName>, <placeName type="camp"
          ref="https://portal.ehri-project.eu/keywords/ehri_camps-2031">Sobibór</placeName>, <term
          type="subject" ref="https://portal.ehri-project.eu/keywords/ehri_terms-545"
        >ghettos</term>, <term type="subject"
          ref="https://portal.ehri-project.eu/keywords/ehri_terms-498">death camps</term>, <term
          type="subject" ref="https://portal.ehri-project.eu/keywords/ehri_terms-529"
          >extermination</term>, <term type="subject"
          ref="https://portal.ehri-project.eu/keywords/ehri_terms-499">gas chambers</term>, <term
          type="subject" ref="https://portal.ehri-project.eu/keywords/ehri_terms-539">mass
          graves</term>
        <idno>EHRI-ET-ZIH301014</idno></creation>
      <textClass>
        <keywords>
          <term>testimony</term>
        </keywords>
      </textClass>

      <langUsage>
        <language ident="en">English</language>
      </langUsage>
      <abstract>
        <p>In 1939, the author and his family moved to the village of Wólka Kątna. In Opole ghetto
          since April 1942. Description of liquidation action at Nałęczów (May 1942). Transport of
          Jews to the extermination camp at Sobibór (16-17 Nov. 1942). Description of conditions at
          the camp. Author and his son worked in the kitchen, Executions at the camp, description of
          rebellion and escape of author and his son. Hiding places near Kurów and Markuszów.</p>
      </abstract>
    </profileDesc>
  </teiHeader>
  <text>
    <body>
      <p><persName ref="#ehri_et_cukierman_hersz">Hersz Cukierman</persName> Testimony (doc.
        301/14)</p>
      <p>Original, manuscript, 9 pages, 210 x 295 mm, Polish language</p>
      <p>Recorded by <persName ref="#ehri_et_lewenkopf_m.">M. Lewenkopf</persName>,</p>
      <p><date when="1944-09-17">September 17, 1944</date></p>
      <p rend="center">
        <placeName ref="https://portal.ehri-project.eu/keywords/ehri_camps-2031" type="camp"
          >Sobibór</placeName>
      </p>
      <p><persName ref="#ehri_et_cukierman_hersz">Cukierman Hersz</persName>, in <date when="1939"
          >1939</date> living on <placeName ref="http://www.geonames.org/756135/warsaw.html"
          >Koszykowa Street 42</placeName>, <placeName
          ref="http://www.geonames.org/756135/warsaw.html">Warsaw</placeName></p>
      <p>After the <term type="subject"
          ref="https://portal.ehri-project.eu/keywords/ehri_terms-1080">war</term> broke out in
          <date when="1939-09">1939</date>, I left for <placeName
          ref="http://www.geonames.org/7532736/kurow.html">Kurów</placeName>, in the <placeName
          ref="http://www.geonames.org/7530868/powiat-pulawski.html">Puławy</placeName> district.
        After <placeName ref="http://www.geonames.org/7532736/kurow.html">Kurów</placeName> was
          <term ref="https://portal.ehri-project.eu/keywords/ehri_terms-1105" type="subject"
          >bombed</term>, I moved to the village of <placeName
          ref="http://www.geonames.org/754959/wolka-katna.html">Wólka Kątna</placeName>, in the
          <placeName ref="http://www.geonames.org/7531782/markuszow.html">Markuszów</placeName>
        municipality, where I lived with my wife and four <term
          ref="https://portal.ehri-project.eu/keywords/ehri_terms-824" type="subject"
          >children</term> until <date when="1942-04">April 1942</date>. From there, we were<term
          ref="https://portal.ehri-project.eu/keywords/ehri_terms-1173" type="subject"
          >resettled</term> in <placeName ref="http://www.geonames.org/7530818/opole.html"
          >Opole</placeName>. <note type="gloss">Opole Lubelskie</note>We settled in the <term
          ref="https://portal.ehri-project.eu/keywords/ehri_terms-545" type="subject">ghetto</term>
        there, whose <term ref="https://portal.ehri-project.eu/keywords/ehri_terms-551"
          type="subject">liquidation</term> began five weeks after we arrived. Over the course of
          <date when="1942">1942</date>, several <term
          ref="https://portal.ehri-project.eu/keywords/ehri_terms-521" type="subject"
          >transports</term> of Jews left <placeName
          ref="http://www.geonames.org/763107/opole-lubelskie.html">Opole</placeName> for an unknown
        destination, and we never heard from them again. In early <date when="1942-05">May</date>,
          <persName ref="#ehri_et_geda">Geda</persName>, a clerk from the district office, came and
        ordered them to move to <term ref="https://portal.ehri-project.eu/keywords/ehri_terms-837"
          type="subject">barracks</term> under the pretext of <term
          ref="https://portal.ehri-project.eu/keywords/ehri_terms-642" type="subject">punishing the
          Jews</term> for their filth and disorder. Then the <placeName
          ref="http://www.geonames.org/690791/ukraine.html">Ukrainians</placeName> surrounded those
          <term ref="https://portal.ehri-project.eu/keywords/ehri_terms-837" type="subject"
          >barracks</term>, guarded them for two days, and then the <term
          ref="https://portal.ehri-project.eu/keywords/ehri_terms-825" type="subject">women</term>
        and <term ref="https://portal.ehri-project.eu/keywords/ehri_terms-824" type="subject"
          >children</term> were taken away by <term
          ref="https://portal.ehri-project.eu/keywords/ehri_terms-522" type="subject">cart</term> to
        the station in <placeName ref="http://www.geonames.org/7533225/naleczow.html"
          >Nałęczów</placeName>, while the <term
          ref="https://portal.ehri-project.eu/keywords/ehri_terms-826" type="subject">men</term>
        were ordered to march there on foot. During the march, every once in a while the <placeName
          ref="http://www.geonames.org/690791/ukraine.html">Ukrainians</placeName> asked the men,
          <q>who wants to ride in the cart</q>, and then they <term
          ref="https://portal.ehri-project.eu/keywords/ehri_terms-532" type="subject">killed</term>
        anyone who volunteered. About 50 people were <term
          ref="https://portal.ehri-project.eu/keywords/ehri_terms-532" type="subject">killed</term>
        this way. People were also <term
          ref="https://portal.ehri-project.eu/keywords/ehri_terms-660" type="subject">robbed</term>
        during the march. In <placeName ref="http://www.geonames.org/764145/naleczow.html"
          >Nałęczów</placeName>, they kept everyone behind barbed wire for 48 hours. Even though it
        was raining, if someone wanted to drink some of the water running from the drainpipe, he had
        to buy it with a ring, an earring, or an appropriate sum of money. Many people <term
          ref="https://portal.ehri-project.eu/keywords/ehri_terms-745" type="subject">died</term> of
          <term ref="https://portal.ehri-project.eu/keywords/ehri_terms-569" type="subject"
          >hunger</term> and exhaustion then. When <term
          ref="https://portal.ehri-project.eu/keywords/ehri_terms-825" type="subject">women</term>
        and <term ref="https://portal.ehri-project.eu/keywords/ehri_terms-824" type="subject"
          >children</term> were getting off the carts, the <orgName
          ref="https://portal.ehri-project.eu/authorities/ehri_cb-356">SD</orgName>-men guarding
        them beat those misfortunate people with riding crops until they bled. Then everyone was
        taken to <placeName ref="https://portal.ehri-project.eu/keywords/ehri_camps-2031"
          type="camp">Sobibór</placeName>. Many people suffocated during the <term
          ref="https://portal.ehri-project.eu/keywords/ehri_terms-522" type="subject">journey</term>
        because the <term ref="https://portal.ehri-project.eu/keywords/ehri_terms-522"
          type="subject">wagons</term> were so overcrowded. The <term
          ref="https://portal.ehri-project.eu/keywords/ehri_terms-522" type="subject">train</term>
        entered the <term ref="https://portal.ehri-project.eu/keywords/ehri_terms-498"
          type="subject">camp</term> proper, which occupied an enormous area, and was surrounded by
        barbed wire four layers thick, and also by a deep ditch filled with water, and then even
        farther outside, the field adjacent to the ditch was mined. The <term
          ref="https://portal.ehri-project.eu/keywords/ehri_terms-498" type="subject">camp</term>
        was divided into three parts. The first and second were allowed to have contact with one
        another; the third was separate, located in the woods, and it was forbidden to enter that
        area. Everyone who was in this <term
          ref="https://portal.ehri-project.eu/keywords/ehri_terms-498" type="subject">camp</term>
        was <term ref="https://portal.ehri-project.eu/keywords/ehri_terms-532" type="subject"
          >liquidated</term>. As many <term
          ref="https://portal.ehri-project.eu/keywords/ehri_terms-826" type="subject">men</term>,
          <term ref="https://portal.ehri-project.eu/keywords/ehri_terms-825" type="subject"
          >women</term>, and <term ref="https://portal.ehri-project.eu/keywords/ehri_terms-824"
          type="subject">children</term> as the <term
          ref="https://portal.ehri-project.eu/keywords/ehri_terms-499" type="subject">gas
          chambers</term> could hold were herded into the third <term
          ref="https://portal.ehri-project.eu/keywords/ehri_terms-498" type="subject">camp</term>.
        The unlucky were taken to <term ref="https://portal.ehri-project.eu/keywords/ehri_terms-498"
          type="subject">camp</term> no. 2, where <term
          ref="https://portal.ehri-project.eu/keywords/ehri_terms-1216" type="subject">SS</term>
        read out the following statement: <q>This is the <term
            ref="https://portal.ehri-project.eu/keywords/ehri_terms-505" type="subject">transit
            camp</term>, from here people will be sent to <term
            ref="https://portal.ehri-project.eu/keywords/ehri_terms-556" type="subject">work</term>
          in <placeName ref="http://www.geonames.org/690791/ukraine.html">Ukraine</placeName>. They
          must go to the baths now, after which they will receive clean <term
            ref="https://portal.ehri-project.eu/keywords/ehri_terms-836" type="subject"
            >underwear</term> and will continue on their way.</q> In the beginning, <term
          ref="https://portal.ehri-project.eu/keywords/ehri_terms-825" type="subject">women</term>
        and <term ref="https://portal.ehri-project.eu/keywords/ehri_terms-826" type="subject"
          >men</term> were told to undress separately, but then the <term
          ref="https://portal.ehri-project.eu/keywords/ehri_terms-1159" type="subject"
          >Germans</term> stopped trying to keep up appearances, and <term
          ref="https://portal.ehri-project.eu/keywords/ehri_terms-825" type="subject">women</term>
        and <term ref="https://portal.ehri-project.eu/keywords/ehri_terms-826" type="subject"
          >men</term> undressed in the same room. In the next part of the speech, the <term
          ref="https://portal.ehri-project.eu/keywords/ehri_terms-1216" type="subject">SS</term>
        advised that each person should remember where he put his <term type="subject"
          ref="https://portal.ehri-project.eu/keywords/ehri_terms-836">clothes</term>, so they would
        not get lost, and they advised people to put their <term
          ref="https://portal.ehri-project.eu/keywords/ehri_terms-660" type="subject">money and
          valuables</term> in the deposit desk, for which they received a receipt. Meanwhile, in
          <term ref="https://portal.ehri-project.eu/keywords/ehri_terms-498" type="subject"
          >camp</term> no. 1, those waiting were witness to a <term
          ref="https://portal.ehri-project.eu/keywords/ehri_terms-411" type="subject"
          >selection</term>, at which skilled workers without <term
          ref="https://portal.ehri-project.eu/keywords/ehri_terms-819" type="subject"
          >families</term> were sent off through the main gate to <term
          ref="https://portal.ehri-project.eu/keywords/ehri_terms-556" type="subject">work</term> in
          <placeName ref="http://www.geonames.org/762966/osowa.html">Osowa</placeName> and
          <placeName ref="http://www.geonames.org/759534/sawin.html">Sawin</placeName>. 300 skilled
        workers left this way, then after a couple of weeks they were brought back and <term
          ref="https://portal.ehri-project.eu/keywords/ehri_terms-532" type="subject">killed</term>.
        That group was forced to send letters to various towns so that the remaining Jews would not
        realize what danger they were in – after having carried out this task, they returned to
          <placeName ref="https://portal.ehri-project.eu/keywords/ehri_camps-2031" type="camp"
          >Sobibór</placeName>, where they perished. The <placeName
          ref="http://www.geonames.org/690791/ukraine.html">Ukrainians</placeName> beat the people
        who were walking past, already naked, until they bled. Out of the 2000 people in the
          <placeName ref="http://www.geonames.org/763107/opole-lubelskie.html">Opole</placeName>
        <term ref="https://portal.ehri-project.eu/keywords/ehri_terms-521" type="subject"
          >transport</term> on the first day, 100 people remained in the yard, and 75 were sent to
          <term ref="https://portal.ehri-project.eu/keywords/ehri_terms-498" type="subject"
          >camp</term> no. 3 to <term ref="https://portal.ehri-project.eu/keywords/ehri_terms-515"
          type="subject">remove the corpses</term>. Up until that time, in the <term
          ref="https://portal.ehri-project.eu/keywords/ehri_terms-498" type="subject">camp</term> it
        had usually been the case that those who had been working, regardless of what kind of <term
          ref="https://portal.ehri-project.eu/keywords/ehri_terms-556" type="subject">work</term> it
        had been, would [be killed] as soon as a fresh <term
          ref="https://portal.ehri-project.eu/keywords/ehri_terms-521" type="subject"
          >transport</term> came, and they would be replaced with people from the newly arrived
        group. Because of fears of <term type="subject"
          ref="https://portal.ehri-project.eu/keywords/ehri_terms-254">rebellion</term>, people who
        were quite weak were taken to <term
          ref="https://portal.ehri-project.eu/keywords/ehri_terms-556" type="subject">work</term>.
        At that time, because of organizational difficulties, the <term
          ref="https://portal.ehri-project.eu/keywords/ehri_terms-1159" type="subject"
          >Germans</term> decided against constant changes and have permanent workers instead. This
        was how I was put to work as the permanent <term
          ref="https://portal.ehri-project.eu/keywords/ehri_terms-498" type="subject">camp</term>
        cook; I took on my <term ref="https://portal.ehri-project.eu/keywords/ehri_terms-824"
          type="subject">son</term> as an assistant. The rest of the 100 who arrived that first
        night gradually all were <term ref="https://portal.ehri-project.eu/keywords/ehri_terms-532"
          type="subject">killed</term>. The next <term
          ref="https://portal.ehri-project.eu/keywords/ehri_terms-521" type="subject"
          >transport</term> came from <placeName ref="http://www.geonames.org/753140/zolkiewka.html"
          >Żółkiew</placeName>
        <note type="gloss">Probably Żółkiewka</note> and <placeName
          ref="http://www.geonames.org/770751/izbica.html">Izbica</placeName>. 70 people from that
          <term ref="https://portal.ehri-project.eu/keywords/ehri_terms-521" type="subject"
          >transport</term> were designated to <term
          ref="https://portal.ehri-project.eu/keywords/ehri_terms-556" type="subject">work</term> in
        the <term ref="https://portal.ehri-project.eu/keywords/ehri_terms-567" type="subject"
          >camp</term>. As I mentioned, <term
          ref="https://portal.ehri-project.eu/keywords/ehri_terms-567" type="subject">camp</term>
        no. 3 was separate from the rest of the <term
          ref="https://portal.ehri-project.eu/keywords/ehri_terms-498" type="subject">camp.</term>
        The gate was permanently closed, and there were pine branches stuck in the barbed wire that
        surrounded [the camp], completely obscuring it from view. The same kinds of branches, stuck
        in [the fence] this way, hid the entire <term
          ref="https://portal.ehri-project.eu/keywords/ehri_terms-567" type="subject">camp</term>
        from sight as well. The workers who brought <term
          ref="https://portal.ehri-project.eu/keywords/ehri_terms-832" type="subject">food</term> to
        the people working in <term ref="https://portal.ehri-project.eu/keywords/ehri_terms-498"
          type="subject">camp</term> no. 3 would have to leave it 50 paces from the gate, and then
        walk away quickly. When <term ref="https://portal.ehri-project.eu/keywords/ehri_terms-521"
          type="subject">transports</term> arrived, there was a lot of <term
          ref="https://portal.ehri-project.eu/keywords/ehri_terms-832" type="subject">food</term>,
        since the <term ref="https://portal.ehri-project.eu/keywords/ehri_terms-833" type="subject"
          >food</term> that the Jews had brought with them was given to the kitchen. As the <term
          ref="https://portal.ehri-project.eu/keywords/ehri_terms-944" type="subject">cook</term>, I
        lived with my <term ref="https://portal.ehri-project.eu/keywords/ehri_terms-824"
          type="subject">son</term> in a separate <term
          ref="https://portal.ehri-project.eu/keywords/ehri_terms-837" type="subject"
          >building</term>. In addition to that <term
          ref="https://portal.ehri-project.eu/keywords/ehri_terms-944" type="subject"
        >kitchen</term>, there were 2 others for the <placeName
          ref="http://www.geonames.org/690791/ukraine.html">Ukrainians</placeName> and the <term
          ref="https://portal.ehri-project.eu/keywords/ehri_terms-1159" type="subject">German</term>
        officers. Several dozen people were chosen from each of the following groups and a <term
          ref="https://portal.ehri-project.eu/keywords/ehri_terms-556" type="subject">team of
          laborers</term> was formed, which for <term
          ref="https://portal.ehri-project.eu/keywords/ehri_terms-498" type="subject">camps</term>
        nos. 1 and 2 reached a total of 600; for <term
          ref="https://portal.ehri-project.eu/keywords/ehri_terms-498" type="subject">camp</term>
        no. 3, the total was 450. The conditions in <term
          ref="https://portal.ehri-project.eu/keywords/ehri_terms-567" type="subject">camp</term>
        no. 3 were <term ref="https://portal.ehri-project.eu/keywords/ehri_terms-831" type="subject"
          >extremely harsh</term>, with beatings, dogs set on <term
          ref="https://portal.ehri-project.eu/keywords/ehri_terms-483" type="subject"
          >prisoners</term>, and 50 lashes as punishment for badly done <term
          ref="https://portal.ehri-project.eu/keywords/ehri_terms-556" type="subject">work</term>.
        The Jews were changed there very often, and, under the pretext that they were being sent to
        other <term ref="https://portal.ehri-project.eu/keywords/ehri_terms-567" type="subject"
          >camps</term>, the weak were taken to the forest and <term
          ref="https://portal.ehri-project.eu/keywords/ehri_terms-532" type="subject">shot</term>.
        Every time such an <term ref="https://portal.ehri-project.eu/keywords/ehri_terms-541"
          type="subject">execution</term> took place, the rest of the <term
          ref="https://portal.ehri-project.eu/keywords/ehri_terms-483" type="subject">inmates</term>
        of <term ref="https://portal.ehri-project.eu/keywords/ehri_terms-498" type="subject"
          >camp</term> no. 3 were taken to <term
          ref="https://portal.ehri-project.eu/keywords/ehri_terms-498" type="subject">camp</term>
        no. 2, singing as they went, so they would not be able to figure out what was going on.
        Within 4-5 weeks everything was organized. In <term
          ref="https://portal.ehri-project.eu/keywords/ehri_terms-567" type="subject">camps</term>
        nos. 1 and 2, the Jews were put to <term
          ref="https://portal.ehri-project.eu/keywords/ehri_terms-489" type="subject">work sorting
          and packing</term> the belongings of those who had been <term type="subject"
          ref="https://portal.ehri-project.eu/keywords/ehri_terms-532">killed</term>. In addition,
        the <term ref="https://portal.ehri-project.eu/keywords/ehri_terms-489" type="subject"
          >skilled workers</term> were always kept busy doing various jobs. They sang as they went
        to <term ref="https://portal.ehri-project.eu/keywords/ehri_terms-556" type="subject"
          >work</term> (those were the orders), and if the <term
          ref="https://portal.ehri-project.eu/keywords/ehri_terms-556" type="subject">work</term>
        was not done, people were beaten, or a dog was let loose on them. As people worked, the
          <term ref="https://portal.ehri-project.eu/keywords/ehri_terms-1216" type="subject"
          >SS</term> amused themselves by beating the people who were <term
          ref="https://portal.ehri-project.eu/keywords/ehri_terms-556" type="subject">working</term>
        until they bled, and when the blood was flowing, they poured vinegar on the wounds and kept
        beating them. Jewish foremen headed the groups of <term
          ref="https://portal.ehri-project.eu/keywords/ehri_terms-556" type="subject"
        >workers</term>. One <term ref="https://portal.ehri-project.eu/keywords/ehri_terms-1216"
          type="subject">SS-man</term> in particular named <persName ref="#ehri_et_paul"
          >Paul</persName> was especially sadistic, and would often make the misfortunate one he
        chose drink Franc-Brantwein, <note type="gloss">Frantzbrenntwein (German) – rubbing
          alcohol.</note> after which the person was <term
          ref="https://portal.ehri-project.eu/keywords/ehri_terms-791" type="subject">sick</term>
        for a very long time, and often <term
          ref="https://portal.ehri-project.eu/keywords/ehri_terms-745" type="subject">died</term>
        with symptoms of having been poisoned. Jews were brought at that time from <placeName
          ref="http://www.geonames.org/2782113/republic-of-austria.html">Austria</placeName>, <term
          ref="https://portal.ehri-project.eu/keywords/ehri_terms-1159" type="subject"
          >Germany</term>, the <placeName ref="http://www.geonames.org/3077311/czechia.html">Czech
          lands</placeName>, <placeName ref="http://www.geonames.org/798544/republic-of-poland.html"
          >Poland</placeName>, <placeName
          ref="http://www.geonames.org/2750405/kingdom-of-the-netherlands.html">Holland</placeName>,
        and <placeName ref="http://www.geonames.org/3017382/republic-of-france.html"
          >France</placeName>, and they were annihilated. When no <term
          ref="https://portal.ehri-project.eu/keywords/ehri_terms-521" type="subject"
          >transports</term> arrived and there was not enough <term
          ref="https://portal.ehri-project.eu/keywords/ehri_terms-832" type="subject">food</term> in
        the kitchen, the <placeName ref="http://www.geonames.org/690791/ukraine.html"
          >Ukrainians</placeName> would beat people brutally when <term
          ref="https://portal.ehri-project.eu/keywords/ehri_terms-556" type="subject">workers</term>
        would find pieces of moldy <term
          ref="https://portal.ehri-project.eu/keywords/ehri_terms-833" type="subject">bread</term>
        in the packages and eat it. Three months after we arrived, the <term
          ref="https://portal.ehri-project.eu/keywords/ehri_terms-532" type="subject">killing</term>
        stopped, the officers were granted leaves for their ardent activities, and the oven began to
        be disassembled. Two months later, 10 masons were brought in, <placeName
          ref="http://www.geonames.org/756135/warsaw.html">Warsaw</placeName> Jews from <placeName
          ref="https://portal.ehri-project.eu/keywords/ehri_camps-2032" type="camp"
          >Treblinka</placeName>, 2 wagons of <term
          ref="https://portal.ehri-project.eu/keywords/ehri_terms-833" type="subject">food</term>
        and <term ref="https://portal.ehri-project.eu/keywords/ehri_terms-833" type="subject"
          >bread</term>, and bricks, and construction of a new oven began. The <term
          ref="https://portal.ehri-project.eu/keywords/ehri_terms-1216" type="subject">SS-men</term>
        said at that time that this oven would be for the <placeName
          ref="http://www.geonames.org/798544/republic-of-poland.html">Poles</placeName>. At that
        time, making use of the fact that <term
          ref="https://portal.ehri-project.eu/keywords/ehri_terms-556" type="subject">workers</term>
        from <term ref="https://portal.ehri-project.eu/keywords/ehri_terms-498" type="subject"
          >camp</term> no. 3 were assigned some <term
          ref="https://portal.ehri-project.eu/keywords/ehri_terms-944" type="subject">work</term> in
        the kitchen, I found out about the sad reality at <term
          ref="https://portal.ehri-project.eu/keywords/ehri_terms-498" type="subject">camp</term>
        no. 3. The conversation took place in a whisper, despite the presence of the guard. It was
        then I found out that after having been <term
          ref="https://portal.ehri-project.eu/keywords/ehri_terms-534" type="subject">gassed</term>,
        the <term ref="https://portal.ehri-project.eu/keywords/ehri_terms-515" type="subject"
          >corpses</term> were buried 30,000 to 40,000 to a pit. The <term
          ref="https://portal.ehri-project.eu/keywords/ehri_terms-515" type="subject">corpses</term>
        were doused in chlorine, and then later buried. When the pit was full, it was covered with
        dirt. It stank very badly despite the chlorine. After a few weeks, when the <term
          ref="https://portal.ehri-project.eu/keywords/ehri_terms-556" type="subject">workers</term>
        asked where their <term ref="https://portal.ehri-project.eu/keywords/ehri_terms-822"
          type="subject">families</term> were, the <term
          ref="https://portal.ehri-project.eu/keywords/ehri_terms-1216" type="subject">SS-men</term>
        said that they are in a <term ref="https://portal.ehri-project.eu/keywords/ehri_terms-567"
          type="subject">camp</term> in <placeName ref="http://www.geonames.org/690791/ukraine.html"
          >Ukraine</placeName>, and that some of them even have their own farms as independent
        farmers, and that they would see them in two weeks. Sometimes a clerk from the Arbeitsamt in
          <placeName ref="http://www.geonames.org/755474/wlodawa.html">Włodawa</placeName>, who used
        to order <term ref="https://portal.ehri-project.eu/keywords/ehri_terms-836" type="subject"
          >clothing</term> for himself from the [dead] Jews’ things, would tell another little fairy
        tale: that the Jews from this <term
          ref="https://portal.ehri-project.eu/keywords/ehri_terms-567" type="subject">camp</term>
        would be sent to <placeName ref="http://www.geonames.org/3094802/krakow.html"
          >Kraków</placeName>. In <date when="1942-09">September</date>, the new <term
          ref="https://portal.ehri-project.eu/keywords/ehri_terms-534" type="subject">gassing</term>
        equipment was finished. It had 8 compartments that could each hold 100-120 people. This way,
        1000 people could be <term ref="https://portal.ehri-project.eu/keywords/ehri_terms-533"
          type="subject">killed</term> at one time. After this factory was ready, fresh <term
          ref="https://portal.ehri-project.eu/keywords/ehri_terms-521" type="subject"
          >transports</term> began to arrive. Once, when a 20-wagon <term
          ref="https://portal.ehri-project.eu/keywords/ehri_terms-521" type="subject"
          >transport</term> arrived with people from <placeName
          ref="http://www.geonames.org/776175/biala-podlaska.html">Biała Podlaska</placeName>, the
          <term ref="https://portal.ehri-project.eu/keywords/ehri_terms-1159" type="subject"
          >Germans</term> decided to send the <term
          ref="https://portal.ehri-project.eu/keywords/ehri_terms-836" type="subject"
        >clothes</term>, <term ref="https://portal.ehri-project.eu/keywords/ehri_terms-836"
          type="subject">underwear</term>, and other such things by that <term
          ref="https://portal.ehri-project.eu/keywords/ehri_terms-840" type="subject">train</term>.
        The occupants of <term ref="https://portal.ehri-project.eu/keywords/ehri_terms-567"
          type="subject">camps</term> nos. 1 and 2 were put to work, and they were given an
        additional 200 Jews from the new <term
          ref="https://portal.ehri-project.eu/keywords/ehri_terms-521" type="subject"
          >transport</term> for help. The <term
          ref="https://portal.ehri-project.eu/keywords/ehri_terms-556" type="subject">work</term>
        lasted from 3:30 a.m. until eight p.m. The <term
          ref="https://portal.ehri-project.eu/keywords/ehri_terms-556" type="subject">workers</term>
        were rushed during that very hot day. The old <term
          ref="https://portal.ehri-project.eu/keywords/ehri_terms-483" type="subject">inmates</term>
        were given hats in order to distinguish them from the new people. When one old <term
          ref="https://portal.ehri-project.eu/keywords/ehri_terms-826" type="subject">man</term>
        from the newly arrived group fainted while <term
          ref="https://portal.ehri-project.eu/keywords/ehri_terms-556" type="subject"
        >working</term>, his <term ref="https://portal.ehri-project.eu/keywords/ehri_terms-824"
          type="subject">son</term>, who was walking behind him, was ordered to <term
          ref="https://portal.ehri-project.eu/keywords/ehri_terms-541" type="subject">hang</term>
        him from the first tree. One <term
          ref="https://portal.ehri-project.eu/keywords/ehri_terms-556" type="subject">worker</term>
        managed to <term ref="https://portal.ehri-project.eu/keywords/ehri_terms-262" type="subject"
          >hide</term> in this <term ref="https://portal.ehri-project.eu/keywords/ehri_terms-836"
          type="subject">clothing</term>
        <term ref="https://portal.ehri-project.eu/keywords/ehri_terms-521" type="subject"
          >transport</term> and was later able to <term
          ref="https://portal.ehri-project.eu/keywords/ehri_terms-204" type="subject">escape</term>
        successfully. On <date when="1942-12-24">Christmas Eve 1942</date>, 3 Jewish <term
          ref="https://portal.ehri-project.eu/keywords/ehri_terms-826" type="subject">men</term>, 2
        Jewish <term ref="https://portal.ehri-project.eu/keywords/ehri_terms-825" type="subject"
          >women</term>, and 2 <placeName ref="http://www.geonames.org/690791/ukraine.html"
          >Ukrainians</placeName> managed to <term
          ref="https://portal.ehri-project.eu/keywords/ehri_terms-204" type="subject">escape</term>.
        The next evening, the <term ref="https://portal.ehri-project.eu/keywords/ehri_terms-556"
          type="subject">workers</term> from <term
          ref="https://portal.ehri-project.eu/keywords/ehri_terms-567" type="subject">camps</term>
        nos. 1 and 2 were assembled and an evening of <term
          ref="https://portal.ehri-project.eu/keywords/ehri_terms-135" type="subject">musical
          entertainment</term> was organized, with dancing and singing (loud), while in <term
          ref="https://portal.ehri-project.eu/keywords/ehri_terms-567" type="subject">camp</term>
        no. 3 about 300 Jews (<term ref="https://portal.ehri-project.eu/keywords/ehri_terms-1057"
          type="subject">permanent workers</term>) were <term
          ref="https://portal.ehri-project.eu/keywords/ehri_terms-533" type="subject">shot</term> in
        retaliation for the <term ref="https://portal.ehri-project.eu/keywords/ehri_terms-204"
          type="subject">escape</term>.</p>
      <p>In <date when="1942-10">October 1942</date>, a crane was brought in, and they began to take
          <term ref="https://portal.ehri-project.eu/keywords/ehri_terms-515" type="subject"
          >corpses</term> out of the ground and burn them. In winter there were fewer <term
          ref="https://portal.ehri-project.eu/keywords/ehri_terms-521" type="subject"
          >transports</term>, and people were <term
          ref="https://portal.ehri-project.eu/keywords/ehri_terms-521" type="subject"
          >transported</term> barefoot. The <term
          ref="https://portal.ehri-project.eu/keywords/ehri_terms-824" type="subject"
          >children</term> in the <term ref="https://portal.ehri-project.eu/keywords/ehri_terms-522"
          type="subject">trains</term> were so thirsty that they would eat snow. In the spring of
          <date when="1943">1943</date>, <term
          ref="https://portal.ehri-project.eu/keywords/ehri_terms-522" type="subject">trains</term>
        began arriving with Jews from abroad. In <date when="1943-07">July 1943</date>, 20 <term
          ref="https://portal.ehri-project.eu/keywords/ehri_terms-1057" type="subject"
          >workers</term> went outside the barbed wire fence to cut down trees. They were supposed
        to construct places to store and sort the ammunition that had been obtained. The <term
          ref="https://portal.ehri-project.eu/keywords/ehri_terms-1216" type="subject">SS-men</term>
        got this idea when they saw that the Jewish problem was coming to an end, in an attempt to
        devise a new way of avoiding being sent to the front. While at work, the heat was bothering
        them terribly, and one time when two of them went with a <placeName
          ref="http://www.geonames.org/690791/ukraine.html">Ukrainian</placeName> to get some water,
        they liquidated the <placeName ref="http://www.geonames.org/690791/ukraine.html"
          >Ukrainian</placeName>, took his weapon and <term
          ref="https://portal.ehri-project.eu/keywords/ehri_terms-204" type="subject">ran
          away</term> to the forest. The officer in charge of the guard, having figured out what had
        happened after they had been gone a long time, surrounded the remaining Jews and began
        returning to the <term ref="https://portal.ehri-project.eu/keywords/ehri_terms-498"
          type="subject">camp</term>. Eight more took advantage of that moment and <term
          ref="https://portal.ehri-project.eu/keywords/ehri_terms-204" type="subject"
        >escaped</term>. The [remaining] 10 Jews were brought back to <term
          ref="https://portal.ehri-project.eu/keywords/ehri_terms-567" type="subject">camp</term>
        with their hands on their necks. Afterwards, the worker of <term
          ref="https://portal.ehri-project.eu/keywords/ehri_terms-498" type="subject">camps</term>
        nos. 1 and 2 were summoned and, after a speech justifying the necessity of carrying out the
          <term ref="https://portal.ehri-project.eu/keywords/ehri_terms-745" type="subject">death
          sentence</term>, the 10 unlucky men were <term
          ref="https://portal.ehri-project.eu/keywords/ehri_terms-533" type="subject">shot</term>.
        In his speech, the <term ref="https://portal.ehri-project.eu/keywords/ehri_terms-1216"
          type="subject">SS-man</term> said that if anything like that ever happened again, they
        would <term type="subject" ref="https://portal.ehri-project.eu/keywords/ehri_terms-532"
          >kill</term> half of the <term
          ref="https://portal.ehri-project.eu/keywords/ehri_terms-498" type="subject">camp</term>'s
          <term ref="https://portal.ehri-project.eu/keywords/ehri_terms-556" type="subject"
          >workers</term>. Ten more were <term
          ref="https://portal.ehri-project.eu/keywords/ehri_terms-533" type="subject">shot</term> in
        retaliation for the <term type="subject"
          ref="https://portal.ehri-project.eu/keywords/ehri_terms-204">escape</term> one night of
        two other Jews. The <term ref="https://portal.ehri-project.eu/keywords/ehri_terms-556"
          type="subject">workers</term> had to stand guard in the <term
          ref="https://portal.ehri-project.eu/keywords/ehri_terms-837" type="subject"
          >barracks</term> as punishment, and the windows were closed and barbed wire was put on
        them. Jews had been harboring thoughts of <term
          ref="https://portal.ehri-project.eu/keywords/ehri_terms-254" type="subject">revolt</term>
        and <term ref="https://portal.ehri-project.eu/keywords/ehri_terms-204" type="subject"
          >escape</term> for a long time. After long meetings of those privy to the <term
          ref="https://portal.ehri-project.eu/keywords/ehri_terms-242" type="subject"
          >conspiracy</term>, it was decided that an <term
          ref="https://portal.ehri-project.eu/keywords/ehri_terms-254" type="subject"
          >uprising</term> would be staged in mid-<date when="1943-10">October</date>, when some of
        the <term ref="https://portal.ehri-project.eu/keywords/ehri_terms-1216" type="subject"
          >SS-men</term> would be on furlough. One day, according to a prearranged plan, between 4
        and 5 p.m., they began to liquidate certain officers in closed sheds and <term
          ref="https://portal.ehri-project.eu/keywords/ehri_terms-837" type="subject"
          >barracks</term>. They had been lured to those places under various pretexts. The <term
          ref="https://portal.ehri-project.eu/keywords/ehri_terms-498" type="subject">camp's</term>
        second in command was the first to be <term
          ref="https://portal.ehri-project.eu/keywords/ehri_terms-532" type="subject">killed</term>.
        The plan was carried out scrupulously, and when all the <term
          ref="https://portal.ehri-project.eu/keywords/ehri_terms-556" type="subject">workers</term>
        assembled for the evening <term ref="https://portal.ehri-project.eu/keywords/ehri_terms-487"
          type="subject">roll call</term> at 5 p.m., the leaders announced that the <term
          ref="https://portal.ehri-project.eu/keywords/ehri_terms-254" type="subject">revolt</term>
        had begun. They had just obtained their weapons. A group of <placeName
          ref="http://www.geonames.org/690791/ukraine.html">Ukrainian</placeName> guards <term
          ref="https://portal.ehri-project.eu/keywords/ehri_terms-532" type="subject">shot</term> a
        thick barrage of gunfire. The Jews rushed at the barbed wire with axes and pliers, and wood
        and boards were thrown onto the minefield so the mines would explode. After a short and
        intense battle, during which 180 people <term
          ref="https://portal.ehri-project.eu/keywords/ehri_terms-862" type="subject">died</term>,
        the rest of the fighters were free. Fifty <term type="subject"
          ref="https://portal.ehri-project.eu/keywords/ehri_terms-292">ill</term> people stayed in
        the <term ref="https://portal.ehri-project.eu/keywords/ehri_terms-498" type="subject"
          >camp</term>, and 400 people <term
          ref="https://portal.ehri-project.eu/keywords/ehri_terms-204" type="subject"
        >escaped</term>. The telephone and electrical lines had been cut beforehand. In the forest,
        people split up into small groups and went off in different directions. Some of them crossed
        the river <placeName ref="http://www.geonames.org/774850/zakhidnyy-buh.html"
        >Bug</placeName>. My <term ref="https://portal.ehri-project.eu/keywords/ehri_terms-824"
          type="subject">son</term> and I wandered around the vicinity of <placeName
          ref="http://www.geonames.org/766980/kurow.html">Kurów</placeName> and <placeName
          ref="http://www.geonames.org/765177/markuszow.html">Markuszów</placeName>, staying with
        peasants there until my <term ref="https://portal.ehri-project.eu/keywords/ehri_terms-824"
          type="subject">son</term> joined a group of <term
          ref="https://portal.ehri-project.eu/keywords/ehri_terms-1215" type="subject"
          >partisans</term> in <date when="1944-05">May 1944</date>, and I stayed with a peasant I
        knew until I was able to join the <orgName
          ref="https://portal.ehri-project.eu/authorities/ehri_cb-312">Polish Army</orgName> in the
        village of <placeName ref="http://www.geonames.org/763091/orlicz.html">Orlice</placeName>
        <note type="gloss">Probably Orlicz near Garbów.</note>.</p>
    </body>
  </text>
</TEI>
