<?xml version="1.0" encoding="UTF-8"?>
<?xml-model href="http://www.tei-c.org/release/xml/tei/custom/schema/relaxng/tei_all.rng" type="application/xml" schematypens="http://relaxng.org/ns/structure/1.0"?>
<TEI xmlns="http://www.tei-c.org/ns/1.0" xml:id="EHRI-ET-JMP004_EN">
  <teiHeader>
    <fileDesc>
      <titleStmt>
        <title>Nasch, Erich: The medical examination in Auschwitz (protocol no. 15)</title>
      </titleStmt>
      <editionStmt>
        <edition>EHRI Edition of Early Holocaust Testimony</edition>
        <author>
          <persName>Michal Frankl</persName>
        </author>
        <author>
          <persName>Magdalena Sedlická</persName>
        </author>
        <author>
          <persName>Wolfgang Schellenbacher</persName>
        </author>
      </editionStmt>
      <publicationStmt>
        <publisher>
          <ref target="https://www.ehri-project.eu/">European Holocaust Research
            Infrastructure</ref>
        </publisher>
        <availability>
          <licence target="http://creativecommons.org/licenses/by-sa/4.0/">Attribution-ShareAlike
            4.0 International</licence>
        </availability>
      </publicationStmt>
      <sourceDesc>
        <msDesc>
          <msIdentifier>
            <country ref="https://portal.ehri-project.eu/countries/cz">Czech Republic</country>
            <repository ref="https://portal.ehri-project.eu/institutions/cz-002279">Jewish Museum in
              Prague</repository>
            <collection ref="https://portal.ehri-project.eu/units/cz-002279-collection_jmp_shoah_dp"
              >Documents of Persecution</collection>
            <idno>inventory number 80 (Memoirs, and literary and expert accounts of the persecution
              period, written after the war)</idno>

          </msIdentifier>
          <physDesc/>
        </msDesc>
        <bibl>JMP, DP, inv. no 80 <textLang mainLang="cs">Original in Czech.</textLang></bibl>
      </sourceDesc>
    </fileDesc>
    <profileDesc>
      <creation><date when="1945-07-21">21. 7. 1945</date>, <term type="subject"
          ref="https://portal.ehri-project.eu/keywords/terezin-terms-keyword-jmp-657">Dokumentační
          akce</term>, <persName ref="#ehri_et_nasch_erich">Erich Nasch</persName>, <placeName
          ref="http://www.geonames.org/3067696/prague.html">Prague</placeName>
        <idno>EHRI-ET-JMP004</idno></creation>

      <textClass>
        <keywords>
          <term>testimony</term>
        </keywords>
      </textClass>

      <langUsage>
        <language ident="en">English</language>
      </langUsage>

      <abstract>
        <p>A brief protocol of Erich Nasch, which became a part of the Documentation campaign,
          Prague. Nasch describes the selection process in the Auschwitz camp and particular case of
          three Czech prisoners, who succeeded to depart from the camp in a transport, which was
          sent to a labour camp.</p>
      </abstract>
    </profileDesc>
  </teiHeader>
  <text>
    <body>
      <pb n="1" facs="EHRI-ET-JMP004_01.jpg"/>
      <p>On <date when="1944-10-20">20.10.1944</date> a <term
          ref="https://portal.ehri-project.eu/keywords/ehri_terms-556" type="subject"
          >labor</term><term ref="https://portal.ehri-project.eu/keywords/ehri_terms-518"
          type="subject">transport</term> was put together in <placeName
          ref="https://portal.ehri-project.eu/keywords/ehri_camps-0">Auschwitz</placeName> in
        camp E. During the medical check-up, the examining <term
          ref="https://portal.ehri-project.eu/keywords/ehri_terms-1216" type="subject">SS</term>
        <term ref="https://portal.ehri-project.eu/keywords/ehri_terms-287" type="subject"
          >doctor</term>removed the following people due to physical weakness: <persName
          ref="#ehri_et_shek_zeev">Zeev Scheck</persName>, <persName
          ref="#https://www.holocaust.cz/databaze-obeti/obet/91551-egon-haas/">Egon Haas</persName>,
        and <persName ref="#ehri_et_simonsohn_berthold">Bertl Simonsohn</persName>, because they
        looked very thin. They were assured that they would be sent as <q><foreign xml:lang="de"
              ><distinct type="camp_language">Stubendienst</distinct></foreign></q> to the <term
          ref="https://portal.ehri-project.eu/keywords/ehri_terms-496" type="subject">camp</term>
        for a short time so that they could get better and then be sent to <term
          ref="https://portal.ehri-project.eu/keywords/ehri_terms-556" type="subject">work</term>.
        But they knew what was going on and <persName ref="#ehri_et_shek_zeev">Zeev</persName>
        especially tried to get onto the <term
          ref="https://portal.ehri-project.eu/keywords/ehri_terms-518" type="subject"
          >transport</term> by showing his muscles and vowing that he was used to hard work, that he
        only appeared thin, but that he was completely healthy. <persName
          ref="#https://www.holocaust.cz/databaze-obeti/obet/91551-egon-haas/">Egon Haas</persName>
        and <persName ref="#ehri_et_simonsohn_berthold">Bertl Simonsohn</persName> joined him. They
        weren’t successful, but were added to the <term
          ref="https://portal.ehri-project.eu/keywords/ehri_terms-518" type="subject"
          >transport</term> in the end only because some people were missing.</p>
      <p>It’s interesting that only 4 people survived this <term
          ref="https://portal.ehri-project.eu/keywords/ehri_terms-518" type="subject"
          >transport</term>, and <persName ref="#ehri_et_shek_zeev">Zeev</persName> and <persName
          ref="#ehri_et_simonsohn_berthold">Bertl</persName> are among them.</p>

      <p>Statement was accepted by: <space> </space>Signature of the witness:</p>
      <p><persName ref="#ehri_et_kratkova_marta">Marta Kratková</persName>
        <persName ref="#ehri_et_nasch_erich">Dr.Nasch</persName></p>

      <p>On behalf of the <term
          ref="https://portal.ehri-project.eu/keywords/terezin-terms-keyword-jmp-657" type="subject"
          >documentary campaign</term>:</p>
      <p><persName ref="#ehri_et_shek_zeev">Zeev Scheck</persName></p>

      <p>On behalf of the archive:</p>
      <p><persName ref="#ehri_et_schmiedt_alexander">Alex. Schmiedt</persName></p>
    </body>
  </text>
</TEI>
