<?xml version="1.0" encoding="UTF-8"?>
<?xml-model href="http://www.tei-c.org/release/xml/tei/custom/schema/relaxng/tei_all.rng" type="application/xml" schematypens="http://relaxng.org/ns/structure/1.0"?>
<TEI xmlns="http://www.tei-c.org/ns/1.0" xml:id="EHRI-ET-JMP019_EN">
  <teiHeader>
    <fileDesc>
      <titleStmt>
        <title>Lebensfeldová-Hofstädterová, Regina: Auschwitz (protocol no. 42)</title>
      </titleStmt>
      <editionStmt>
        <edition>EHRI Edition of Early Holocaust Testimony</edition>
        <author>
          <persName>Michal Frankl</persName>
        </author>
        <author>
          <persName>Magdalena Sedlická</persName>
        </author>
        <author>
          <persName>Wolfgang Schellenbacher</persName>
        </author>
      </editionStmt>
      <publicationStmt>
        <publisher>
          <ref target="https://www.ehri-project.eu/">European Holocaust Research
            Infrastructure</ref>
        </publisher>
        <availability>
          <licence target="http://creativecommons.org/licenses/by-sa/4.0/">Attribution-ShareAlike
            4.0 International</licence>
        </availability>

      </publicationStmt>
      <sourceDesc>
        <msDesc>
          <msIdentifier>
            <country ref="https://portal.ehri-project.eu/countries/cz">Czech Republic</country>
            <repository ref="https://portal.ehri-project.eu/institutions/cz-002279">Jewish Museum in
              Prague</repository>
            <collection ref="https://portal.ehri-project.eu/units/cz-002279-collection_jmp_shoah_dp"
              >Documents of Persecution</collection>
            <idno>inventory number 80 (Memoirs, and literary and expert accounts of the persecution
              period, written after the war)</idno>

          </msIdentifier>
          <physDesc/>
        </msDesc>
        <bibl>JMP, DP, inv. no 80 <textLang mainLang="de">Original in German.</textLang></bibl>
      </sourceDesc>
    </fileDesc>
    <profileDesc>
      <creation>
        <date when="1945-12-19">19. 12. 1945</date>, <term type="subject"
          ref="https://portal.ehri-project.eu/keywords/terezin-terms-keyword-jmp-657">Dokumentační
          akce</term>, <persName ref="#ehri_et_lebensfeldova_hofstadterova_regine">Regina
          Lebensfeldová-Hofstädterová</persName>, <placeName
          ref="http://www.geonames.org/3060972/bratislava.html">Bratislava</placeName>, <placeName
          ref="http://www.geonames.org/3067696/prague.html">Prague</placeName>
        <idno>EHRI-ET-JMP019</idno>
      </creation>

      <textClass>
        <keywords>
          <term>testimony</term>
        </keywords>
      </textClass>

      <langUsage>
        <language ident="en">English</language>
      </langUsage>
      <abstract>
        <p>Testimony of Regina Lebensfeldová-Hofstädterová, which became a part of the Documentation
          campaign, Prague. She was deported from Bratislava to Auschwitz-Birkenau in the summer of
          1942. Lebensfeldová describes the arrival of the prisoners to the camp and the harsh
          living conditions. In September she became a typist in the Political Department of the
          camp. She explains her work in detail. Next to other things she was also noting down
          information concerning investigations, interrogations and death of the camp prisoners.
          Lebensfeldová points out some of the SS men, their brutal methods, torture of the inmates.
          In January 1945 the camp was evacuated, she marched with a group of other prisoners to
          Ravensbrück.</p>
      </abstract>


    </profileDesc>
  </teiHeader>
  <text>
    <body>
      <pb n="1" facs="EHRI-ET-JMP019_01.jpg"/>
      <p>Statement</p>
      <p><persName ref="#ehri_et_lebensfeldova_hofstadterova_regine">Regine
          Lebensfeldová-Hofstädterová</persName>,</p>
      <p><placeName ref="http://www.geonames.org/3060972/bratislava.html"
        >Bratislava</placeName>.</p>

      <p>It was a hot and humid <date when="1942-07">July</date> night. Already during the afternoon
        they’re had been a certain degree of unrest in the streets of <placeName
          ref="http://www.geonames.org/3060972/bratislava.html">Bratislava</placeName>. The rumour
        was <q>another <term ref="https://portal.ehri-project.eu/keywords/ehri_terms-518"
            type="subject">transport</term>.</q> We were collected from my <term type="subject"
          ref="https://portal.ehri-project.eu/keywords/ehri_terms-837">house</term> and on the next
        day were put into <term type="subject"
          ref="https://portal.ehri-project.eu/keywords/ehri_terms-521">train carriages</term>. In
        one <term type="subject" ref="https://portal.ehri-project.eu/keywords/ehri_terms-522"
          >carriage</term>, there are 60 people, <term
          ref="https://portal.ehri-project.eu/keywords/ehri_terms-826" type="subject">men</term>,
          <term ref="https://portal.ehri-project.eu/keywords/ehri_terms-825" type="subject"
          >women</term>, healthy and <term
          ref="https://portal.ehri-project.eu/keywords/ehri_terms-292" type="subject"
          >unhealthy</term>, whether young or old, everybody was put into the <term
          ref="https://portal.ehri-project.eu/keywords/ehri_terms-522" type="subject">wagons</term>.
        1000 people were next to each other and the <term
          ref="https://portal.ehri-project.eu/keywords/ehri_terms-522" type="subject">train</term>
        began to move. Heat and a bad, pestilent air made breathing difficult. We didn’t know where
        our journey was taking us. The <term
          ref="https://portal.ehri-project.eu/keywords/ehri_terms-522" type="subject"
          >carriages</term> were completely closed, no light came on, no air or water was available
        to us. Finally, after a two-day journey, tired and exhausted, we arrived on the <date
          when="1942-07-25">25.7.1942</date> in an awful, empty field. The <term
          ref="https://portal.ehri-project.eu/keywords/ehri_terms-522" type="subject"
          >carriages</term> were opened by high-ranking <term
          ref="https://portal.ehri-project.eu/keywords/ehri_terms-1216" type="subject">members of
          the SS</term>. We were told to get out.</p>

      <p>First, us <term ref="https://portal.ehri-project.eu/keywords/ehri_terms-825" type="subject"
          >women</term> had to get out of the <term
          ref="https://portal.ehri-project.eu/keywords/ehri_terms-522" type="subject"
          >carriages</term>, then the <term
          ref="https://portal.ehri-project.eu/keywords/ehri_terms-826" type="subject">men</term>. We
        could hear the loud shouting of the <term
          ref="https://portal.ehri-project.eu/keywords/ehri_terms-1216" type="subject">SS
          hordes</term>. <q>Come on, come on, this is your final destination</q>. And so, it was
        either obey or die; that was our welcome. Us <term
          ref="https://portal.ehri-project.eu/keywords/ehri_terms-825" type="subject">women</term>
        were put to one side, of course only the young ones, maximum 35 years old. The rest were
        thrown into vans like bags of flour, 60 to 80 per van. Before we were taken somewhere else,
        we saw the other vans leave. New vans were filled and driven away. Then was our turn: we
        were put in a line, counted, and made to march. A <term
          ref="https://portal.ehri-project.eu/keywords/ehri_terms-1216" type="subject">member of the
          SS</term>, <term type="subject"
          ref="https://portal.ehri-project.eu/keywords/ehri_terms-1216">SS-Schütze</term> was our
        supervisor. With rifles and pistols, he showed us the way to our new site. On the way to the
        camp the supervisor shouted <q>and so this is how you left Egypt, and here you will die
          anyway</q>, those of us who heard this, broke out into a cold sweat. On the way, we met
          <term ref="https://portal.ehri-project.eu/keywords/ehri_terms-826" type="subject"
          >men</term> in striped uniforms, accompanied by <term
          ref="https://portal.ehri-project.eu/keywords/ehri_terms-1216" type="subject">SS</term>
        with carabiners in the hands. Some of them might have shouted to us whether we had any <term
          ref="https://portal.ehri-project.eu/keywords/ehri_terms-832" type="subject">food</term>,
        but their fear of <term ref="https://portal.ehri-project.eu/keywords/ehri_terms-745"
          type="subject">death</term> was too great. As we approached the <term
          ref="https://portal.ehri-project.eu/keywords/ehri_terms-496" type="subject">camp</term>,
        we saw the large inscription <q>Arbeit macht frei</q>(<term
          ref="https://portal.ehri-project.eu/keywords/ehri_terms-556" type="subject">Work</term>
        makes you free), but still we didn’t know where we were being brought to. Columns of <term
          ref="https://portal.ehri-project.eu/keywords/ehri_terms-826" type="subject">men</term>
        walking along the long, terrible streets in the <term
          ref="https://portal.ehri-project.eu/keywords/ehri_terms-496" type="subject">camp</term>.
        The tired and drawn faces of the <term
          ref="https://portal.ehri-project.eu/keywords/ehri_terms-506" type="subject">men</term>
        solved for us that puzzle.</p>

      <p>In was a morning <term ref="https://portal.ehri-project.eu/keywords/ehri_terms-487"
          type="subject">roll call</term> in the <term
          ref="https://portal.ehri-project.eu/keywords/ehri_terms-511" type="subject">women’s
          camp</term> as we arrived. Thousands of bald-headed <term
          ref="https://portal.ehri-project.eu/keywords/ehri_terms-483" type="subject">people</term>
        with a <placeName ref="http://www.geonames.org/2017370/russian-federation.html"
          >Russian</placeName> military uniforms turned to look at us as we entered. In that moment,
        we thought, that we were in a <placeName
          ref="http://www.geonames.org/2017370/russian-federation.html">Russian</placeName>
        <term ref="https://portal.ehri-project.eu/keywords/ehri_terms-510" type="subject">prisoner
          of war camp</term>. From the individual rows, I could hear muffled calls, I was recognised
        by several acquaintances from my own town. <q>If you have anything with you, throw it
          away.</q> A few <term type="subject"
          ref="https://portal.ehri-project.eu/keywords/ehri_terms-483">people</term> from the rows
        of the <term ref="https://portal.ehri-project.eu/keywords/ehri_terms-487" type="subject"
          >roll call</term> even put their hands out, in order to take some <term type="subject"
          ref="https://portal.ehri-project.eu/keywords/ehri_terms-832">bread</term> or whatever from
        us, for the <term ref="https://portal.ehri-project.eu/keywords/ehri_terms-569"
          type="subject">hunger</term> was eating away at them. It was a terrible sight. Immediately
        afterwards, all of the columns left the <term type="subject"
          ref="https://portal.ehri-project.eu/keywords/ehri_terms-496">camp</term> to go to <term
          ref="https://portal.ehri-project.eu/keywords/ehri_terms-556" type="subject"
        >work</term>.</p>

      <p>We were led to a bathroom, <term
          ref="https://portal.ehri-project.eu/keywords/ehri_terms-836" type="subject"
          >undressed</term>, shaved. They called it delousing. We were given new <term
          ref="https://portal.ehri-project.eu/keywords/ehri_terms-836" type="subject"
        >clothes</term>. A <term ref="https://portal.ehri-project.eu/keywords/ehri_terms-836"
          type="subject">linen dress</term> and wooden shoes, that was all the <term
          ref="https://portal.ehri-project.eu/keywords/ehri_terms-836" type="subject">clothes</term>
        I had, everything that I had on.</p>


      <p>We received a small flannel, that they called a hand towel, to share between three <term
          type="subject" ref="https://portal.ehri-project.eu/keywords/ehri_terms-483">people</term>.
        93 freshly shaved, bathed, and newly <term
          ref="https://portal.ehri-project.eu/keywords/ehri_terms-836" type="subject"
        >dressed</term>, we were led to a muster point. <term type="subject"
          ref="https://portal.ehri-project.eu/keywords/ehri_terms-1216"
          >SS-Hauptscharführer</term> <hi rend="letter-spacing: +2px"><persName
            ref="#ehri_et_schwarz">Schwartz</persName></hi>, the <term
          ref="https://portal.ehri-project.eu/keywords/ehri_terms-482" type="subject">camp
          leader</term> and <term ref="https://portal.ehri-project.eu/keywords/ehri_terms-482"
          type="subject">commander</term>, reprimanded the newly arrived cohort. After <term
          ref="https://portal.ehri-project.eu/keywords/ehri_terms-1136" type="subject"
          >registration</term> was carried out in the afternoon, we were allowed into the <term
          type="subject" ref="https://portal.ehri-project.eu/keywords/ehri_terms-837">block</term>,
        which would now be our new home.</p>

      <p>The head <term type="subject" ref="https://portal.ehri-project.eu/keywords/ehri_terms-478"
          >female supervisor</term>, <persName ref="#ehri_et_mandl_maria">Marie <hi
            rend="letter-spacing: +2px">Mandel</hi></persName>, also didn’t miss the opportunity,
        for us to be lined up again. It offered her amusing moments to insult us. <q>Mistbiene</q>
        (garbage bees) was her special term.</p>

      <pb n="2" facs="EHRI-ET-JMP019_02.jpg"/>

      <p>That’s how we spent the first day in the <term type="subject"
          ref="https://portal.ehri-project.eu/keywords/ehri_terms-496">camp</term>. On the next day,
        we went to <term ref="https://portal.ehri-project.eu/keywords/ehri_terms-556" type="subject"
          >work</term>. Five hours we had to stand in <term
          ref="https://portal.ehri-project.eu/keywords/ehri_terms-487" type="subject">roll
          call</term>, until the <term type="subject"
          ref="https://portal.ehri-project.eu/keywords/ehri_terms-478">supervisors</term>
        <persName ref="#ehri_et_weniger_gertrud">Gertrude <hi rend="letter-spacing: +2px"
            >Weniger</hi></persName>, <persName ref="#ehri_et_brandl_therese"><hi
            rend="letter-spacing: +2px">Brandl</hi></persName>, <persName
          ref="#ehri_et_clauss_erika">Erika <hi rend="letter-spacing: +2px">Clauss</hi></persName>,
          <persName ref="#ehri_et_hasse_elisabeth">Marie <hi rend="letter-spacing: +2px"
          >Hasse</hi></persName>, <persName ref="#ehri_et_franz_berta">Berta <hi
            rend="letter-spacing: +2px">Franz</hi></persName> and others, agreed to pronounce <term
          ref="https://portal.ehri-project.eu/keywords/ehri_terms-487" type="subject">roll
          call</term> over and let us leave the rows.</p>


      <p>And so, every day was the same for us. On <date when="1942-08-09">9.8.1942</date>, the
          <term ref="https://portal.ehri-project.eu/keywords/ehri_terms-506" type="subject">women’s
          camp</term> in <placeName ref="https://portal.ehri-project.eu/keywords/ehri_camps-0"
          type="camp">Auschwitz</placeName> was moved to <placeName
          ref="https://portal.ehri-project.eu/keywords/ehri_camps-2" type="camp"
          >Birkenau</placeName>. Here the plague have reached full bloom; <term
          ref="https://portal.ehri-project.eu/keywords/ehri_terms-292" type="subject"
          >illnesses</term>, <term ref="https://portal.ehri-project.eu/keywords/ehri_terms-569"
          type="subject">hunger</term>, and <term
          ref="https://portal.ehri-project.eu/keywords/ehri_terms-562" type="subject">abuse</term>
        were all part of the daily regime. In the <term type="subject"
          ref="https://portal.ehri-project.eu/keywords/ehri_terms-837">blocks</term> there was no
        light, water was not to be found in the whole <term type="subject"
          ref="https://portal.ehri-project.eu/keywords/ehri_terms-496">camp</term>, and the <term
          type="subject" ref="https://portal.ehri-project.eu/keywords/ehri_terms-483">people</term>
        had to go to the toilet in the streets between the barracks.</p>


      <p>Hundreds of <term ref="https://portal.ehri-project.eu/keywords/ehri_terms-515"
          type="subject">corpses</term> lay on the streets, without being cleared away. <term
          ref="https://portal.ehri-project.eu/keywords/ehri_terms-518" type="subject"
          >Transports</term> arrived hourly. Because there was no space, the old <term
          ref="https://portal.ehri-project.eu/keywords/ehri_terms-483" type="subject"
          >prisoners</term> were sent to the <term
          ref="https://portal.ehri-project.eu/keywords/ehri_terms-501" type="subject"
          >crematorium</term>. There was daily <term
          ref="https://portal.ehri-project.eu/keywords/ehri_terms-411" type="subject"
          >selections</term>, which the <term type="subject"
          ref="https://portal.ehri-project.eu/keywords/ehri_terms-482">camp leaders</term> (<term
          type="subject" ref="https://portal.ehri-project.eu/keywords/ehri_terms-1216"
          >SS-Obersturmführer</term>  <persName ref="#ehri_et_muller"><hi
            rend="letter-spacing: +2px">Müller</hi></persName> und Frau <persName
          ref="#ehri_et_mandl_maria">Marie <hi rend="letter-spacing: +2px">Mandel</hi></persName>)
        carried out with the <term ref="https://portal.ehri-project.eu/keywords/ehri_terms-287"
          type="subject">camp doctor</term> Dr. <hi rend="letter-spacing: +2px"><persName
            ref="#ehri_et_rohde_werner">Rohde</persName></hi> (<term type="subject"
          ref="https://portal.ehri-project.eu/keywords/ehri_terms-1216">SS-Obersturmführer</term>)
        and ended with a balance of least 400 to 600 human <term type="subject"
          ref="https://portal.ehri-project.eu/keywords/ehri_terms-745">lives</term>.</p>

      <p>On <date when="1942-09-21">21.9.1942</date>, office workers were being looked for in the
          <term type="subject" ref="https://portal.ehri-project.eu/keywords/ehri_terms-496"
          >camp</term>. Me and about nine of the <term
          ref="https://portal.ehri-project.eu/keywords/ehri_terms-825" type="subject">female
          prisoners</term> made themselves known. We were tested in the German language and sent
        over to the <term ref="https://portal.ehri-project.eu/keywords/ehri_terms-497"
          type="subject">political department</term> of the <term type="subject"
          ref="https://portal.ehri-project.eu/keywords/ehri_terms-496">camp</term>. Here in the
        office, the motto was <q>silence</q>. At the beginning of our work there we were made aware,
        that if we said a word about the work done in the office of the <term type="subject"
          ref="https://portal.ehri-project.eu/keywords/ehri_terms-496">camp</term>, then we would
        have to <term type="subject" ref="https://portal.ehri-project.eu/keywords/ehri_terms-745"
          >pay for this with our lives</term>.</p>


      <p>This <term ref="https://portal.ehri-project.eu/keywords/ehri_terms-497" type="subject"
          >department</term> was actually nothing different than the <orgName
          ref="https://portal.ehri-project.eu/authorities/ehri_cb-350">Gestapo</orgName>. For
        example, the name of anybody who entered the <term type="subject"
          ref="https://portal.ehri-project.eu/keywords/ehri_terms-496">camp</term>, normal cases of
          <term type="subject" ref="https://portal.ehri-project.eu/keywords/ehri_terms-745"
          >death</term>, those <term ref="https://portal.ehri-project.eu/keywords/ehri_terms-826"
          type="subject">male</term> and <term
          ref="https://portal.ehri-project.eu/keywords/ehri_terms-825" type="subject">female
          prisoners</term> who were on a list for the <term
          ref="https://portal.ehri-project.eu/keywords/ehri_terms-501" type="subject"
          >crematorium</term>. Post that was meant for the individual <term type="subject"
          ref="https://portal.ehri-project.eu/keywords/ehri_terms-483">prisoners</term> was
        registered and distributed. <term
          ref="https://portal.ehri-project.eu/keywords/ehri_terms-634" type="subject"
          >Investigations</term> of any sort, for example, <term
          ref="https://portal.ehri-project.eu/keywords/ehri_terms-634" type="subject"
          >interrogations</term> in court cases, tax, investigations by the <orgName
          ref="https://portal.ehri-project.eu/authorities/ehri_cb-350">Gestapo</orgName>, all
        carried out here and noted in the files. These investigations were carried out by individual
          <term ref="https://portal.ehri-project.eu/keywords/ehri_terms-1216" type="subject">SS
          members</term> in the <term ref="https://portal.ehri-project.eu/keywords/ehri_terms-497"
          type="subject">political department</term>, which was under the jurisdiction of the <term
          type="subject" ref="https://portal.ehri-project.eu/keywords/ehri_terms-482">camp
          commandant</term>. The leading figures of the <term type="subject"
          ref="https://portal.ehri-project.eu/keywords/ehri_terms-482">Kommandantur</term> where
          <persName ref="https://portal.ehri-project.eu/authorities/ehri_pers-000187"><hi
            rend="letter-spacing: +2px">Höss</hi></persName>, <persName
          ref="https://portal.ehri-project.eu/authorities/ehri_pers-000019">Baer</persName> and
        later <persName ref="https://portal.ehri-project.eu/authorities/ehri_pers-000253"><hi
            rend="letter-spacing: +2px">Liebehenschel</hi></persName>,the leader of the <term
          ref="https://portal.ehri-project.eu/keywords/ehri_terms-497" type="subject">political
          department</term> was <term type="subject"
          ref="https://portal.ehri-project.eu/keywords/ehri_terms-1216">SS-Untersturmführer</term>
        <persName ref="#ehri_et_grabner_maximilian">Ernst GRANNER</persName>
        <note>Head of the Political Department was Maximilian Grabner from Vienna.</note> was from
          <placeName ref="http://www.geonames.org/2761369/vienna.html">Vienna</placeName> and his
        successor was <term type="subject"
          ref="https://portal.ehri-project.eu/keywords/ehri_terms-1216">SS-Untersturmführer</term>
           <persName ref="https://portal.ehri-project.eu/authorities/ehri_pers-000124"><hi
            rend="letter-spacing: +2px">Schurz</hi></persName>, also from <placeName
          ref="http://www.geonames.org/2761369/vienna.html">Vienna</placeName>. The <term
          ref="https://portal.ehri-project.eu/keywords/ehri_terms-556" type="subject">work</term> in
        this <term ref="https://portal.ehri-project.eu/keywords/ehri_terms-497" type="subject"
          >department</term> was divided amongst the <term
          ref="https://portal.ehri-project.eu/keywords/ehri_terms-1216" type="subject">SS
          members</term> according to the circumstances. I <term
          ref="https://portal.ehri-project.eu/keywords/ehri_terms-556" type="subject">worked</term>
        for a while in the registry, where all <term
          ref="https://portal.ehri-project.eu/keywords/ehri_terms-745" type="subject">deaths</term>
        certified by a <term ref="https://portal.ehri-project.eu/keywords/ehri_terms-287"
          type="subject">doctor</term> were recorded in the files. These files were then forwarded
        to the registry office for further processing, for a certificate to be produced and for
        family members to be informed, and forwarded to the <orgName
          ref="https://portal.ehri-project.eu/authorities/ehri_cb-427">Reich Security
          Headquarters</orgName> in <placeName ref="http://www.geonames.org/2950159/berlin.html"
          >Berlin</placeName>. Such notificaions were not sent to the family members of Jewish <term
          type="subject" ref="https://portal.ehri-project.eu/keywords/ehri_terms-483"
          >prisoners</term>. The head of this registry office was <term type="subject"
          ref="https://portal.ehri-project.eu/keywords/ehri_terms-1216">SS-Hauptscharführer</term>
           <persName ref="#ehri_et_carstensen_lorenz"><hi rend="letter-spacing: +2px"
            >Karatensen</hi></persName> (from <placeName
          ref="http://www.geonames.org/2825297/stuttgart.html">Stuttgart</placeName> or <placeName
          ref="http://www.geonames.org/2873891/mannheim.html">Mannheim</placeName>).</p>


      <p>The terror of the <term type="subject"
          ref="https://portal.ehri-project.eu/keywords/ehri_terms-496">camp</term> overall, was
          <term type="subject" ref="https://portal.ehri-project.eu/keywords/ehri_terms-1216"
          >SS-Oberscharführer</term>
        <persName ref="https://portal.ehri-project.eu/authorities/ehri_pers-000801">Willy  <hi
            rend="letter-spacing: +2px">Boger</hi></persName>, from <placeName
          ref="http://www.geonames.org/2825297/stuttgart.html">Stuttgart</placeName>, head of the
          <term type="subject" ref="https://portal.ehri-project.eu/keywords/ehri_terms-204"
          >escape</term> department. He <term type="subject"
          ref="https://portal.ehri-project.eu/keywords/ehri_terms-532">butchered</term> in cold
        blood those <term ref="https://portal.ehri-project.eu/keywords/ehri_terms-483"
          type="subject">prisoners</term> who had <term type="subject"
          ref="https://portal.ehri-project.eu/keywords/ehri_terms-204">fled</term> and been caught
        when they tried to defend themselves with a lie, about why they are tried to <term
          ref="https://portal.ehri-project.eu/keywords/ehri_terms-204" type="subject">escape</term>.
        It was common, such <term ref="https://portal.ehri-project.eu/keywords/ehri_terms-483"
          type="subject">prisoners</term> were locked immediately in the <term type="subject"
          ref="https://portal.ehri-project.eu/keywords/ehri_terms-669">bunker</term>, and after
        several days, on <persName ref="https://portal.ehri-project.eu/authorities/ehri_pers-000801"
          >Boger</persName>’s command, that they would be beaten to <term type="subject"
          ref="https://portal.ehri-project.eu/keywords/ehri_terms-532">death</term>. Afterwards, the
          <term ref="https://portal.ehri-project.eu/keywords/ehri_terms-497" type="subject"
          >political department</term> would receive the message, that the <term
          ref="https://portal.ehri-project.eu/keywords/ehri_terms-483" type="subject"
          >prisoner</term> in question had <term type="subject"
          ref="https://portal.ehri-project.eu/keywords/ehri_terms-745">died</term> from some <term
          ref="https://portal.ehri-project.eu/keywords/ehri_terms-292" type="subject">disease</term>
        or another. Usually, the cause of <pb n="3" facs="EHRI-ET-JMP019_03.jpg"/>
        <term type="subject" ref="https://portal.ehri-project.eu/keywords/ehri_terms-745"
          >death</term> was given as a lung infection or a heart attack.</p>

      <p>We were well aware of what this meant, but we had to keep our countenance. We heard it from
        him often, that he would make us ready for a happy <term type="subject"
          ref="https://portal.ehri-project.eu/keywords/ehri_terms-532">ascension to heaven</term>,
        if we said a word about it.</p>



      <p>It was peculiarity of his, that <persName
          ref="https://portal.ehri-project.eu/authorities/ehri_pers-000801">Boger</persName> made
        sure that his <term type="subject"
          ref="https://portal.ehri-project.eu/keywords/ehri_terms-483">staff</term> received better
          <term ref="https://portal.ehri-project.eu/keywords/ehri_terms-832" type="subject"
          >food</term> and <term ref="https://portal.ehri-project.eu/keywords/ehri_terms-836"
          type="subject">clothing</term> than others. He didn’t ask his <term type="subject"
          ref="https://portal.ehri-project.eu/keywords/ehri_terms-483">typists</term> to be involved
        in the so-called secret service, because he didn’t trust them. There were 60 <term
          ref="https://portal.ehri-project.eu/keywords/ehri_terms-825" type="subject">women
          prisoners</term> in our commando. One day, it became clear that several of us have not
        been adhering to the regulations laid out for the <term type="subject"
          ref="https://portal.ehri-project.eu/keywords/ehri_terms-496">camp</term> at the office.
        Namely, documents about certifications had been found in the corridor. Because none of us
        would say from whom they came, eight of the <term type="subject"
          ref="https://portal.ehri-project.eu/keywords/ehri_terms-483">staff</term> in the office
        were fired and sent immediately back to <placeName
          ref="https://portal.ehri-project.eu/keywords/ehri_camps-2" type="camp"
          >Birkenau</placeName>. This happened by order of the head of personnel, <term
          type="subject" ref="https://portal.ehri-project.eu/keywords/ehri_terms-1216"
          >SS-Oberscharführer</term>
        <persName ref="#ehri_et_kirschner_hermann">Robert <hi rend="letter-spacing: +2px"
            >Kirschner</hi></persName>
        <note type="gloss">Hermann Kirschner</note>.</p>



      <p>In the first week of this hard <term
          ref="https://portal.ehri-project.eu/keywords/ehri_terms-490" type="subject">labour
          outside</term>, the eight <term
          ref="https://portal.ehri-project.eu/keywords/ehri_terms-825" type="subject">female
          prisoners</term> were <term type="subject"
          ref="https://portal.ehri-project.eu/keywords/ehri_terms-292">ill</term> and brought to the
          <term type="subject" ref="https://portal.ehri-project.eu/keywords/ehri_terms-491"
          >Revier</term>. After they had recovered, one of the <term
          ref="https://portal.ehri-project.eu/keywords/ehri_terms-483" type="subject"
          >prisoners</term> managed to be assigned to an <term
          ref="https://portal.ehri-project.eu/keywords/ehri_terms-932" type="subject"
          >agricultural</term> commando. There she met a <term
          ref="https://portal.ehri-project.eu/keywords/ehri_terms-826" type="subject">male
          prisoner</term>, with whom she exchanged <term type="subject"
          ref="https://portal.ehri-project.eu/keywords/terezin-terms-keyword-jmp-716">letters</term>
        for a long time.</p>


      <p>Personal discussions were completely forbidden at this time, and came with great personal
        danger. One day, one of the <term type="subject"
          ref="https://portal.ehri-project.eu/keywords/ehri_terms-825">women</term>’s commandos was
        returning from <term ref="https://portal.ehri-project.eu/keywords/ehri_terms-556"
          type="subject">work</term>. On the way, they met a <term type="subject"
          ref="https://portal.ehri-project.eu/keywords/ehri_terms-826">men</term>’s commando. One of
        the <term ref="https://portal.ehri-project.eu/keywords/ehri_terms-825" type="subject">female
          prisoners</term> took the opportunity to give a passing <term
          ref="https://portal.ehri-project.eu/keywords/ehri_terms-826" type="subject">male
          prisoner</term> a <term
          ref="https://portal.ehri-project.eu/keywords/terezin-terms-keyword-jmp-716" type="subject"
          >letter</term>. This was noticed by a <term
          ref="https://portal.ehri-project.eu/keywords/ehri_terms-1216" type="subject">member of the
          SS</term> and immediately reported to the <term
          ref="https://portal.ehri-project.eu/keywords/ehri_terms-497" type="subject">political
          department</term>. After a long <term
          ref="https://portal.ehri-project.eu/keywords/ehri_terms-634" type="subject"
          >interrogation</term> of the female prisoner, they were unable to find out, for which
          <term ref="https://portal.ehri-project.eu/keywords/ehri_terms-826" type="subject"
          >man</term> the <term
          ref="https://portal.ehri-project.eu/keywords/terezin-terms-keyword-jmp-716" type="subject"
          >letter</term> was intended. She was abused and locked in the <term type="subject"
          ref="https://portal.ehri-project.eu/keywords/ehri_terms-669">prison</term>. And then
        suddenly, we received a notice of her <term type="subject"
          ref="https://portal.ehri-project.eu/keywords/ehri_terms-745">death</term>, that the <term
          ref="https://portal.ehri-project.eu/keywords/ehri_terms-483" type="subject"
          >prisoner</term> had <term type="subject"
          ref="https://portal.ehri-project.eu/keywords/ehri_terms-745">died</term> from lung
        infection whilst under camp arrest. The <term
          ref="https://portal.ehri-project.eu/keywords/terezin-terms-keyword-jmp-716" type="subject"
          >letter</term> was even by the <term type="subject"
          ref="https://portal.ehri-project.eu/keywords/ehri_terms-496">camp</term> standards
        completely trivial, she wrote <q>when will there be a time when we can say anything we want
          and nobody will stand in our way?</q>.</p>



      <p>Such cases happened almost daily, first the <term
          ref="https://portal.ehri-project.eu/keywords/ehri_terms-483" type="subject"
          >prisoner</term> would be abused and then <term
          ref="https://portal.ehri-project.eu/keywords/ehri_terms-541" type="subject">shot</term>,
        or even sent to the <term ref="https://portal.ehri-project.eu/keywords/ehri_terms-501"
          type="subject">crematorium</term> alive.</p>

      <p>It sounds perhaps unbelievable, when I write down the individual things that happened
        during the months that I <term ref="https://portal.ehri-project.eu/keywords/ehri_terms-556"
          type="subject">worked</term> in the office. We experienced some incredible things, for
        example: at the beginning of the month, always on a Thursday, purges were done in the camp
          <term type="subject" ref="https://portal.ehri-project.eu/keywords/ehri_terms-669"
          >prison</term>. With a degree of delight, the <term
          ref="https://portal.ehri-project.eu/keywords/ehri_terms-1216" type="subject">SS
          members</term> of the individual departments from our <term
          ref="https://portal.ehri-project.eu/keywords/ehri_terms-497" type="subject">political
          department</term> went to the camp <term type="subject"
          ref="https://portal.ehri-project.eu/keywords/ehri_terms-669">prison</term> and <term
          ref="https://portal.ehri-project.eu/keywords/ehri_terms-541" type="subject">shot</term>
        the individual <term ref="https://portal.ehri-project.eu/keywords/ehri_terms-483"
          type="subject">prisoner</term>s that they did not like.</p>

      <p>Naturally, they would drink afterwards and end the day with celebrations.</p>
      <p><term type="subject" ref="https://portal.ehri-project.eu/keywords/ehri_terms-1216"
          >SS-Rottenführer</term>
        <persName ref="https://portal.ehri-project.eu/authorities/ehri_pers-000802">Perry <hi
            rend="letter-spacing: +2px">Broad</hi></persName> from <placeName
          ref="http://www.geonames.org/7290252/spandau.html">Berlin-Spandau</placeName>, <placeName
          ref="http://www.geonames.org/7290252/spandau.html">Jordanstrasse</placeName> No. 84, <term
          type="subject" ref="https://portal.ehri-project.eu/keywords/ehri_terms-1216"
          >Rottenführer</term> <persName ref="#ehri_et_kaufmann_johann"><hi
            rend="letter-spacing: +2px">Kaufmann</hi></persName> from <placeName
          ref="http://www.geonames.org/3196359/ljubljana.html">Ljubljana</placeName>, <term
          type="subject" ref="https://portal.ehri-project.eu/keywords/ehri_terms-1216"
          >Unterscharführer</term> <persName ref="#ehri_et_kristan_bernhard"><hi
            rend="letter-spacing: +2px">Kristan</hi></persName>, <term type="subject"
          ref="https://portal.ehri-project.eu/keywords/ehri_terms-1216">Oscha</term> <persName
          ref="#ehri_et_kirschner_hermann"><hi rend="letter-spacing: +2px"
        >Kirschner</hi></persName>, <persName
          ref="https://portal.ehri-project.eu/authorities/ehri_pers-000801"><hi
            rend="letter-spacing: +2px">Boger</hi></persName>, <persName
          ref="#ehri_et_kamphuis_hans_johann"><hi rend="letter-spacing: +2px"
          >Kamphuis</hi></persName>. The addresses of some of them I can’t remember anymore.</p>


      <p>In <date when="1943-06">1943-06</date>, six male <placeName
          ref="http://www.geonames.org/798544/republic-of-poland.html">Polish</placeName>
        <term ref="https://portal.ehri-project.eu/keywords/ehri_terms-826" type="subject"
          >prisoners</term> working in a surveying commando were able to <term
          ref="https://portal.ehri-project.eu/keywords/ehri_terms-204" type="subject">escape</term>
        from the <term type="subject" ref="https://portal.ehri-project.eu/keywords/ehri_terms-496"
          >camp</term>. They were not recaptured. By way of reprisal, <term type="subject"
          ref="https://portal.ehri-project.eu/keywords/ehri_terms-1216">SS-Unterscharführer</term>
        <persName ref="#ehri_et_lachmann_gerhard">Gerhard <hi rend="letter-spacing: +2px"
            >Lachmann</hi></persName> aus <placeName
          ref="http://www.geonames.org/3084423/strzelce-dolne.html">Niederstreslitz</placeName> 9
        chose nine <placeName ref="http://www.geonames.org/798544/republic-of-poland.html"
          >Polish</placeName> in intellectuals as <term
          ref="https://portal.ehri-project.eu/keywords/ehri_terms-483" type="subject"
          >prisoners</term> and on the <date when="1943-08-30">30th August 1943</date>, had them
        publicly <term type="subject" ref="https://portal.ehri-project.eu/keywords/ehri_terms-541"
          >hanged</term> in the <term type="subject"
          ref="https://portal.ehri-project.eu/keywords/ehri_terms-496">camp</term>.</p>



      <p>Such cases were repeated often. And so, you were never sure whether <pb n="4"
          facs="EHRI-ET-JMP019_04.jpg"/> you might be taken for reprisal, if you didn’t already fall
        under the selected <term ref="https://portal.ehri-project.eu/keywords/ehri_terms-483"
          type="subject">prisoners</term>.</p>


      <p><term type="subject" ref="https://portal.ehri-project.eu/keywords/ehri_terms-1216"
          >SS-Oberscharführer</term>
        <persName ref="#ehri_et_lachmann_gerhard"><hi rend="letter-spacing: +2px"
          >Lachmann</hi></persName> collaborated with the secret service within the <orgName
          ref="https://portal.ehri-project.eu/authorities/ehri_cb-350">Gestapo</orgName>. <term
          ref="https://portal.ehri-project.eu/keywords/ehri_terms-483" type="subject"
          >Prisoners</term>, particularly in the <term
          ref="https://portal.ehri-project.eu/keywords/ehri_terms-507" type="subject">men’s
          camp</term>, <term ref="https://portal.ehri-project.eu/keywords/ehri_terms-266"
          type="subject">smuggled</term>
        <term ref="https://portal.ehri-project.eu/keywords/terezin-terms-keyword-jmp-716"
          type="subject">letters</term> and other things out of the <term type="subject"
          ref="https://portal.ehri-project.eu/keywords/ehri_terms-507">camp</term> with the help of
        civilians.</p>

      <p><persName ref="#ehri_et_lachmann_gerhard"><hi rend="letter-spacing: +2px"
          >Lachmann</hi></persName> was a small, thin man and looked very pale, he would often put
        on the <term type="subject" ref="https://portal.ehri-project.eu/keywords/ehri_terms-483"
          >prisoner</term> clothing, go into the <term type="subject"
          ref="https://portal.ehri-project.eu/keywords/ehri_terms-496">camp</term> and spend the
        night there, in order to hear from <term
          ref="https://portal.ehri-project.eu/keywords/ehri_terms-483" type="subject"
          >prisoners</term> who didn’t recognise him what was going on in the <term type="subject"
          ref="https://portal.ehri-project.eu/keywords/ehri_terms-496">camp</term>.</p>


      <p>After such undercover work, there are always many <term
          ref="https://portal.ehri-project.eu/keywords/ehri_terms-483" type="subject"
          >prisoners</term> who would be doomed to <term
          ref="https://portal.ehri-project.eu/keywords/ehri_terms-745" type="subject"
        >death</term>.</p>


      <p><term ref="https://portal.ehri-project.eu/keywords/ehri_terms-1216" type="subject">SS
          Uscha</term>
        <persName ref="#ehri_et_schmidt_otto">Otto <hi rend="letter-spacing: +2px"
          >Schmidt</hi></persName> issued <term type="subject"
          ref="https://portal.ehri-project.eu/keywords/ehri_terms-745">death</term> sentences
        without substantial <term ref="https://portal.ehri-project.eu/keywords/ehri_terms-634"
          type="subject">investigations</term>.</p>

      <p>As the second and neighbouring <term type="subject"
          ref="https://portal.ehri-project.eu/keywords/ehri_terms-496">camp</term> of <placeName
          ref="https://portal.ehri-project.eu/keywords/ehri_camps-0" type="camp"
          >Auschwitz</placeName>, <placeName
          ref="https://portal.ehri-project.eu/keywords/ehri_camps-2" type="camp"
          >Birkenau</placeName> was known as <placeName type="camp"
          ref="https://portal.ehri-project.eu/keywords/ehri_camps-2">Camp II</placeName>. <term
          type="subject" ref="https://portal.ehri-project.eu/keywords/ehri_terms-1216"
          >SS-Obersturmführer</term>
        <persName ref="https://portal.ehri-project.eu/authorities/ehri_pers-000228"><hi
            rend="letter-spacing: +2px">Kramer</hi></persName> was the <term type="subject"
          ref="https://portal.ehri-project.eu/keywords/ehri_terms-482">commandant</term> of this
          <term type="subject" ref="https://portal.ehri-project.eu/keywords/ehri_terms-496"
          >camp</term>. The head of the <term type="subject"
          ref="https://portal.ehri-project.eu/keywords/ehri_terms-496">camp</term> was <term
          type="subject" ref="https://portal.ehri-project.eu/keywords/ehri_terms-1216"
          >SS-Obersturmführer</term> <persName
          ref="https://portal.ehri-project.eu/authorities/ehri_pers-001244"><hi
            rend="letter-spacing: +2px">Schwarzhuber</hi></persName>. They lead the <term
          type="subject" ref="https://portal.ehri-project.eu/keywords/ehri_terms-411"
          >selections</term> in the <term type="subject"
          ref="https://portal.ehri-project.eu/keywords/ehri_terms-496">camp</term>, along with the
          <term ref="https://portal.ehri-project.eu/keywords/ehri_terms-287" type="subject">camp
          doctor</term> and together with the <term type="subject"
          ref="https://portal.ehri-project.eu/keywords/ehri_terms-1438">camp supervisors</term>. In
        the years <date when="1942">1942</date> to <date when="1945">1945</date>, the <term
          ref="https://portal.ehri-project.eu/keywords/ehri_terms-287" type="subject">camp
          doctors</term> in <placeName ref="https://portal.ehri-project.eu/keywords/ehri_camps-0"
          type="camp">Auschwitz</placeName> were: Dr. <persName
          ref="https://portal.ehri-project.eu/authorities/ehri_pers-000272">Josef <hi
            rend="letter-spacing: +2px">Mengele</hi></persName>, Dr. <persName
          ref="https://portal.ehri-project.eu/authorities/ehri_pers-001726"><hi
            rend="letter-spacing: +2px">Entress</hi></persName>, Dr. <persName
          ref="#ehri_et_rohde_werner"><hi rend="letter-spacing: +2px">Rohde</hi></persName>, Dr.
          <persName ref="#ehri_et_wirths_eduard"><hi rend="letter-spacing: +2px"
          >Wirths</hi></persName>, Dr. <persName
          ref="https://portal.ehri-project.eu/authorities/ehri_pers-001165"><hi
            rend="letter-spacing: +2px">Thilo</hi></persName>, amongst others.</p>



      <p>These led in the most terrible and infamous way the <term type="subject"
          ref="https://portal.ehri-project.eu/keywords/ehri_terms-411">selections</term> in the
          <term type="subject" ref="https://portal.ehri-project.eu/keywords/ehri_terms-496"
          >camp</term>.</p>


      <p>It is well known from several sources, that in <placeName
          ref="https://portal.ehri-project.eu/keywords/ehri_camps-0" type="camp"
          >Auschwitz</placeName> there was a special <term
          ref="https://portal.ehri-project.eu/keywords/ehri_terms-495" type="subject"
          >experimentation block</term>. This block was solely occupied by <placeName
          ref="http://www.geonames.org/390903/hellenic-republic.html">Greek</placeName>, <placeName
          ref="http://www.geonames.org/798544/republic-of-poland.html">Polish</placeName>, and
          <placeName ref="http://www.geonames.org/2802361/kingdom-of-belgium.html"
          >Belgian</placeName>
        <term type="subject" ref="https://portal.ehri-project.eu/keywords/ehri_terms-825"
          >female</term> Jews. The <term
          ref="https://portal.ehri-project.eu/keywords/ehri_terms-287" type="subject">head
          doctor</term> was Dr <persName ref="#ehri_et_wirths_eduard">Wirths</persName>.</p>


      <p>Based on different pieces of <term
          ref="https://portal.ehri-project.eu/keywords/terezin-terms-keyword-jmp-716" type="subject"
          >correspondence</term> in our office, it was clear that the block was supervised
          Prof <persName ref="https://portal.ehri-project.eu/authorities/ehri_pers-001885"><hi
            rend="letter-spacing: +2px">Clauberg</hi></persName> in <placeName
          ref="https://portal.ehri-project.eu/keywords/ehri_camps-1265" type="camp">Königshütte near
          Kattowitz</placeName>, who ran a sanatorium there.</p>

      <p>He wanted to develop a serum for fertilisation and <term type="subject"
          ref="https://portal.ehri-project.eu/keywords/ehri_terms-668">sterilisation</term>, and in
        order to do so, <term ref="https://portal.ehri-project.eu/keywords/ehri_terms-495"
          type="subject">experiments</term> were carried out on individual <term
          ref="https://portal.ehri-project.eu/keywords/ehri_terms-483" type="subject"
          >prisoners</term> who were accommodated in this block.</p>



      <p>In the <term ref="https://portal.ehri-project.eu/keywords/ehri_terms-501" type="subject"
          >crematorium</term>, the <term
          ref="https://portal.ehri-project.eu/keywords/ehri_terms-556" type="subject">work</term>
        was solely carried out by Jews under the supervision of <term type="subject"
          ref="https://portal.ehri-project.eu/keywords/ehri_terms-1216">SS members</term>, such as
          <term type="subject" ref="https://portal.ehri-project.eu/keywords/ehri_terms-1216"
          >SS-Uscha</term>
        <persName ref="#ehri_et_seitz_robert"><hi rend="letter-spacing: +2px">Seitz</hi></persName>,
          <persName ref="#ehri_et_georgen"><hi rend="letter-spacing: +2px">Georgen</hi></persName>,
          <persName ref="https://portal.ehri-project.eu/authorities/ehri_pers-001251"><hi
            rend="letter-spacing: +2px">Erber</hi></persName>, <persName
          ref="#ehri_et_mokrus_michael"><hi rend="letter-spacing: +2px">Mokrus</hi></persName>,
          <persName ref="https://portal.ehri-project.eu/authorities/ehri_pers-000954"><hi
            rend="letter-spacing: +2px">Schillinger</hi></persName> and others. <persName
          ref="https://portal.ehri-project.eu/authorities/ehri_pers-000954">Schillinger</persName>
        was <term ref="https://portal.ehri-project.eu/keywords/ehri_terms-541" type="subject"
          >shot</term> by a <term ref="https://portal.ehri-project.eu/keywords/ehri_terms-825"
          type="subject">female prisoner</term>, who had only just arrived at the <term
          type="subject" ref="https://portal.ehri-project.eu/keywords/ehri_terms-496">camp</term>,
        with his own pistol.</p>


      <p>The <term ref="https://portal.ehri-project.eu/keywords/ehri_terms-507" type="subject">men’s
          camp</term> in <placeName ref="https://portal.ehri-project.eu/keywords/ehri_camps-0"
          type="camp">Auschwitz</placeName> was under the <term type="subject"
          ref="https://portal.ehri-project.eu/keywords/ehri_terms-477">command</term> of <term
          type="subject" ref="https://portal.ehri-project.eu/keywords/ehri_terms-1216"
          >SS-Obersturmführer</term>
        <persName ref="#ehri_et_sell_max">Max <hi rend="letter-spacing: +2px">Sell</hi></persName>,
        a master tailor from <placeName ref="http://www.geonames.org/2950159/berlin.html"
          >Berlin</placeName>. He was a monster in human form. He couldn’t stand either the smiling
        or the crying of a <term ref="https://portal.ehri-project.eu/keywords/ehri_terms-483"
          type="subject">prisoner</term>. The abuse of <term
          ref="https://portal.ehri-project.eu/keywords/ehri_terms-483" type="subject"
          >prisoners</term> was a delight to him.</p>



      <p><persName ref="#ehri_et_sell_max">Sell</persName> found his equal in the form of <term
          type="subject" ref="https://portal.ehri-project.eu/keywords/ehri_terms-1216"
          >SS-Obersturmführer</term>  <persName ref="#ehri_et_rossler"><hi
            rend="letter-spacing: +2px">Rössler</hi></persName>. He was the <term type="subject"
          ref="https://portal.ehri-project.eu/keywords/ehri_terms-477">head</term> of the <term
          ref="https://portal.ehri-project.eu/keywords/ehri_terms-506" type="subject">women’s
          camp</term>. His subordinate, the <term type="subject"
          ref="https://portal.ehri-project.eu/keywords/ehri_terms-478">female guard</term>
        <persName ref="#ehri_et_dreschel_margot"><hi rend="letter-spacing: +2px"
          >Drechsler</hi></persName>, carried out all of his commands and wishes in the <term
          type="subject" ref="https://portal.ehri-project.eu/keywords/ehri_terms-496">camp</term> as
        quickly as possible. So, for example, searches in the <term type="subject"
          ref="https://portal.ehri-project.eu/keywords/ehri_terms-496">camp</term> to find out
        whether a <term ref="https://portal.ehri-project.eu/keywords/ehri_terms-483" type="subject"
          >prisoner</term> has a <term ref="https://portal.ehri-project.eu/keywords/ehri_terms-836"
          type="subject">piece of clothing</term> that the <term type="subject"
          ref="https://portal.ehri-project.eu/keywords/ehri_terms-477">camp leadership</term>
        considered excessive. Cooking in the <term type="subject"
          ref="https://portal.ehri-project.eu/keywords/ehri_terms-496">camp</term> was one of the
        major crimes. This was punished with your hair being cut off, being put in the <term
          type="subject" ref="https://portal.ehri-project.eu/keywords/ehri_terms-669">bunker</term>,
          <term ref="https://portal.ehri-project.eu/keywords/ehri_terms-832" type="subject">denied
          food</term> and even 24 hours of standing. In the beginning, there was also a stake in the
          <term type="subject" ref="https://portal.ehri-project.eu/keywords/ehri_terms-496"
          >camp</term>, and 30 to 60 minutes at this stake were given as a punishment. In <date
          when="1943-07">1943</date>, in <date when="1943-07">July</date> or thereabouts, this was
        abolished. A memo in the file about punishment at the stake was destroyed. As a result of
        this, we had to go and re-write thousands of files which contained such memos.</p>



      <p>Another <q>toy</q> that was used as a deterrent and to which <term
          ref="https://portal.ehri-project.eu/keywords/ehri_terms-483" type="subject"
          >prisoners</term> and civil workers both fell victim, was something that was known as
          <q>the swing</q>. It was a wooden contraption, to which iron bars were attached. The <term
          ref="https://portal.ehri-project.eu/keywords/ehri_terms-483" type="subject"
          >prisoner</term> that was to be the victim, was bound to the swing <pb n="5"
          facs="EHRI-ET-JMP019_05.jpg"/> by their hands and feet and spun around. On both sides of
        the swing, <term ref="https://portal.ehri-project.eu/keywords/ehri_terms-1216"
          type="subject">SS members</term> stood and would hit and kick and abuse the <term
          ref="https://portal.ehri-project.eu/keywords/ehri_terms-483" type="subject"
          >prisoner</term> as they were twisted. It often happened, that the victim remained
        unconscious. Blood stains and any other traces were often immediately cleaned away so that
        they wouldn’t be noticed by other <term
          ref="https://portal.ehri-project.eu/keywords/ehri_terms-483" type="subject"
          >prisoner</term>s when they entered the room for their <term
          ref="https://portal.ehri-project.eu/keywords/ehri_terms-634" type="subject"
          >interrogation</term>.</p>


      <p>One such swing was installed in the office – in the <term
          ref="https://portal.ehri-project.eu/keywords/ehri_terms-634" type="subject">interrogation
          room</term> – where I <term ref="https://portal.ehri-project.eu/keywords/ehri_terms-556"
          type="subject">worked</term>.</p>


      <p>At such performances, I was observed to see what faces I made.</p>


      <p>Such things occurred almost daily. My nerves had reached the point that I’ve become quite
        mechanical, like a machine. Sleepless nights, <term
          ref="https://portal.ehri-project.eu/keywords/ehri_terms-292" type="subject">illness</term>
        and tiredness were written large across my face. After several months, the <term
          type="subject" ref="https://portal.ehri-project.eu/keywords/ehri_terms-1216">SS</term>
        clerk <term type="subject" ref="https://portal.ehri-project.eu/keywords/ehri_terms-1216"
          >Rottenführer</term>
        <persName ref="https://portal.ehri-project.eu/authorities/ehri_pers-000802">Perry <hi
            rend="letter-spacing: +2px">Broad</hi></persName> was transferred to another department
        and I was assigned to him again. Now it was a little bit easier. The abuses no longer took
        place right in front of my eyes.</p>



      <p><date when="1944-01">January 1944</date>, I was once again in <placeName
          ref="https://portal.ehri-project.eu/keywords/ehri_camps-2" type="camp"
          >Birkenau</placeName>, in the so-called <term
          ref="https://portal.ehri-project.eu/keywords/ehri_terms-514" type="subject">gypsy
          camp</term>. Here they were only <placeName
          ref="http://www.geonames.org/2921044/federal-republic-of-germany.html">German</placeName>,
          <placeName ref="http://www.geonames.org/3077311/czechia.html">Czech</placeName>, and
          <placeName ref="http://www.geonames.org/798544/republic-of-poland.html">Polish</placeName>
        <term ref="https://portal.ehri-project.eu/keywords/ehri_terms-670" type="subject"
          >gypsies</term>. At the beginning, there was roughly 20,000. <term
          ref="https://portal.ehri-project.eu/keywords/ehri_terms-292" type="subject">Illness</term>
        and <term type="subject" ref="https://portal.ehri-project.eu/keywords/ehri_terms-292"
          >disease</term> in the <term type="subject"
          ref="https://portal.ehri-project.eu/keywords/ehri_terms-496">camp</term> meant that after
        barely six months, the reduction by more than 10,000 was noticeable.</p>


      <p>In spring <date when="1944">1944</date>, the <placeName
          ref="http://www.geonames.org/719819/hungary.html">Hungarian</placeName> Jews were brought
        to the <term type="subject" ref="https://portal.ehri-project.eu/keywords/ehri_terms-496"
          >camp</term>. Between 15 and 20,000 arrived daily. The <term
          ref="https://portal.ehri-project.eu/keywords/ehri_terms-501" type="subject"
          >crematorium</term> – there was four of them – couldn’t keep up with the rapid burning of
        these victims and so between the third and fourth <term
          ref="https://portal.ehri-project.eu/keywords/ehri_terms-501" type="subject"
          >crematorium</term>, ditches were dug, and fires were set in them.</p>


      <p>The <term ref="https://portal.ehri-project.eu/keywords/ehri_terms-501" type="subject"
          >crematoria</term> were located in a wasteland, that was called <q>the woods</q>. Giant
        flames could be seen from far away. The smoke was such that for the whole of <date
          when="1944">summer</date> it was enough to almost suffocate.</p>


      <p>One morning, as I was on the way to <term
          ref="https://portal.ehri-project.eu/keywords/ehri_terms-556" type="subject">work</term>, I
        noticed that there was a mass of <term type="subject"
          ref="https://portal.ehri-project.eu/keywords/ehri_terms-483">people</term> gathered by our
        office block, which was located outside of the <term type="subject"
          ref="https://portal.ehri-project.eu/keywords/ehri_terms-496">camp</term>. In that moment,
        I didn’t know what it meant. It was old <term type="subject"
          ref="https://portal.ehri-project.eu/keywords/ehri_terms-483">people</term>, <term
          type="subject" ref="https://portal.ehri-project.eu/keywords/ehri_terms-825">mothers</term>
        with <term ref="https://portal.ehri-project.eu/keywords/ehri_terms-824" type="subject"
          >children</term> in their arms. They were praying, because they had understood everything
        that stood before then. The <term type="subject"
          ref="https://portal.ehri-project.eu/keywords/ehri_terms-501">crematorium</term> was only
        another hundred steps away. And soon it meant for the <term type="subject"
          ref="https://portal.ehri-project.eu/keywords/ehri_terms-483">people</term> who are
        waiting, that it was their turn. After several minutes, from this mass of around 300 <term
          type="subject" ref="https://portal.ehri-project.eu/keywords/ehri_terms-483">people</term>,
        there was only clouds of smoke to be seen. This went on for the whole <date when="1944"
          >summer</date>, even into late <date>1944</date> of <date when="1944">1944</date>, when in
          <term type="subject" ref="https://portal.ehri-project.eu/keywords/ehri_terms-501"
          >crematorium</term> three there was an <term type="subject"
          ref="https://portal.ehri-project.eu/keywords/ehri_terms-254">uprising</term> and <term
          ref="https://portal.ehri-project.eu/keywords/ehri_terms-204" type="subject">mass
          escape</term> planned. It was a sunny evening in <date when="1944-09">September</date>,
        and we heard break a lot of noise coming from the <term type="subject"
          ref="https://portal.ehri-project.eu/keywords/ehri_terms-496">camp</term> around midday.
          <term ref="https://portal.ehri-project.eu/keywords/ehri_terms-501" type="subject"
          >Crematorium</term> three have been set on fire. <term type="subject"
          ref="https://portal.ehri-project.eu/keywords/ehri_terms-483">People</term> were sent back
        to the blocks ordered by the <term
          ref="https://portal.ehri-project.eu/keywords/ehri_terms-1216" type="subject">SS</term> and
        were not allowed to leave. After roughly an hour, the fire was brought under control. A
        report was written immediately by us in the office. I learnt that a <term
          ref="https://portal.ehri-project.eu/keywords/ehri_terms-204" type="subject">mass
          escape</term> had occurred. Namely, that all of the <term
          ref="https://portal.ehri-project.eu/keywords/ehri_terms-483" type="subject"
          >prisoners</term> who <term ref="https://portal.ehri-project.eu/keywords/ehri_terms-556"
          type="subject">worked</term> in <term
          ref="https://portal.ehri-project.eu/keywords/ehri_terms-501" type="subject"
          >crematoria</term> 2 and 3 that <term type="subject"
          ref="https://portal.ehri-project.eu/keywords/ehri_terms-204">escaped</term>.</p>


      <p>Before they blew up the <term ref="https://portal.ehri-project.eu/keywords/ehri_terms-501"
          type="subject">crematorium</term> and <term
          ref="https://portal.ehri-project.eu/keywords/ehri_terms-204" type="subject"
        >escaped</term>, they had done a purge of the commando. As their leader – the so-called
          <term type="subject" ref="https://portal.ehri-project.eu/keywords/ehri_terms-485"
          >Capo</term> – the Jewish <term
          ref="https://portal.ehri-project.eu/keywords/ehri_terms-483" type="subject"
          >prisoners</term> had had an ethnic German <term
          ref="https://portal.ehri-project.eu/keywords/ehri_terms-483" type="subject"
          >prisoner</term>. He had spied on them for the <term
          ref="https://portal.ehri-project.eu/keywords/ehri_terms-1216" type="subject">SS</term>. In
        order to make sure that they were able to <term type="subject"
          ref="https://portal.ehri-project.eu/keywords/ehri_terms-204">escape</term> and to blow up
        the <term ref="https://portal.ehri-project.eu/keywords/ehri_terms-501" type="subject"
          >crematoria</term>, they pushed him into the fire.</p>


      <p>Roughly two hours after the successful <term
          ref="https://portal.ehri-project.eu/keywords/ehri_terms-204" type="subject">escape</term>,
        all of the <term ref="https://portal.ehri-project.eu/keywords/ehri_terms-483" type="subject"
          >prisoners</term> have been recaptured. <term type="subject"
          ref="https://portal.ehri-project.eu/keywords/ehri_terms-1216">SS-Oberscharführer</term>
        <persName ref="https://portal.ehri-project.eu/authorities/ehri_pers-001251"><hi
            rend="letter-spacing: +2px">Erber – Heustek</hi></persName>, who had the <placeName
          ref="http://www.geonames.org/3077311/czechia.html">Czech</placeName> background, carried
        out a heroic act, in that, with the help of <term type="subject"
          ref="https://portal.ehri-project.eu/keywords/ehri_terms-1216">SS-Unterscharführer</term>
           <hi rend="letter-spacing: +2px"><persName ref="#ehri_et_wurm_leopold_anton"
            >Wurm</persName></hi> und <term type="subject"
          ref="https://portal.ehri-project.eu/keywords/ehri_terms-1216">SS.-Uscha</term>  <hi
          rend="letter-spacing: +2px"><persName ref="#hri_et_wunsch_franz">Wunsch</persName></hi>–
        both of whom came from <placeName ref="http://www.geonames.org/2761369/vienna.html"
          >Vienna</placeName> – <term type="subject"
          ref="https://portal.ehri-project.eu/keywords/ehri_terms-541">shot</term> and <term
          type="subject" ref="https://portal.ehri-project.eu/keywords/ehri_terms-541">killed</term>
        279 <term type="subject" ref="https://portal.ehri-project.eu/keywords/ehri_terms-483"
          >prisoners</term> in front of <term type="subject"
          ref="https://portal.ehri-project.eu/keywords/ehri_terms-501">crematorium</term> 2 and 450
          <term ref="https://portal.ehri-project.eu/keywords/ehri_terms-483" type="subject"
          >prisoners</term> from <term ref="https://portal.ehri-project.eu/keywords/ehri_terms-501"
          type="subject">crematorium</term> 3. We had a <term type="subject"
          ref="https://portal.ehri-project.eu/keywords/ehri_terms-745">death</term> notice for over
        729 <term type="subject" ref="https://portal.ehri-project.eu/keywords/ehri_terms-483"
          >prisoners</term> who had been <term
          ref="https://portal.ehri-project.eu/keywords/ehri_terms-541" type="subject">shot</term>
        trying to <term ref="https://portal.ehri-project.eu/keywords/ehri_terms-204" type="subject"
          >escape</term>.</p>

      <pb n="6" facs="EHRI-ET-JMP019_06.jpg"/>


      <p>After about four weeks, by way of deterrence, a further 100 <term
          ref="https://portal.ehri-project.eu/keywords/ehri_terms-483" type="subject"
          >prisoners</term> from the commando in <term
          ref="https://portal.ehri-project.eu/keywords/ehri_terms-501" type="subject"
          >crematorium</term> 1 and 4 were punished with <term
          ref="https://portal.ehri-project.eu/keywords/ehri_terms-745" type="subject">death</term>.
        In connection with the <term ref="https://portal.ehri-project.eu/keywords/ehri_terms-501"
          type="subject">crematorium</term>, four <term
          ref="https://portal.ehri-project.eu/keywords/ehri_terms-825" type="subject">female
          prisoners</term>, <placeName ref="http://www.geonames.org/798544/republic-of-poland.html"
          >Polish</placeName>
        <term type="subject" ref="https://portal.ehri-project.eu/keywords/ehri_terms-825"
          >Jews</term>, were <term type="subject"
          ref="https://portal.ehri-project.eu/keywords/ehri_terms-541">hanged</term> on <date
          when="1944-12-30">30.12.1944</date> in the <term type="subject"
          ref="https://portal.ehri-project.eu/keywords/ehri_terms-496">camp</term> and all <term
          type="subject" ref="https://portal.ehri-project.eu/keywords/ehri_terms-483">camp
          inhabitants</term> had to be present for the carrying out of the <term type="subject"
          ref="https://portal.ehri-project.eu/keywords/ehri_terms-541">death sentence</term>.</p>


      <p>The <term ref="https://portal.ehri-project.eu/keywords/ehri_terms-483" type="subject"
          >prisoners</term> had been <term
          ref="https://portal.ehri-project.eu/keywords/ehri_terms-556" type="subject">working</term>
        in the ammunition <term type="subject"
          ref="https://portal.ehri-project.eu/keywords/ehri_terms-929">factory</term> UNION. From
        there, they brought explosives and had <term
          ref="https://portal.ehri-project.eu/keywords/ehri_terms-266" type="subject"
          >smuggled</term> them into the <term
          ref="https://portal.ehri-project.eu/keywords/ehri_terms-507" type="subject">men’s
          camp</term> as well as the <term
          ref="https://portal.ehri-project.eu/keywords/ehri_terms-501" type="subject"
          >crematoria</term>.</p>

      <p>During summer <date when="1944">1944</date>, <term
          ref="https://portal.ehri-project.eu/keywords/ehri_terms-483" type="subject"
          >prisoners</term> also <term type="subject"
          ref="https://portal.ehri-project.eu/keywords/ehri_terms-204">escaped</term> from
          <placeName type="camp" ref="https://portal.ehri-project.eu/keywords/ehri_camps-2">camp
          2</placeName>. There was a <placeName
          ref="http://www.geonames.org/2802361/kingdom-of-belgium.html">Belgian</placeName>
        <term type="subject" ref="https://portal.ehri-project.eu/keywords/ehri_terms-825"
          >female</term> Jew and a <placeName
          ref="http://www.geonames.org/798544/republic-of-poland.html">Pole</placeName>. After
        roughly 14 days, they were found near to <placeName
          ref="https://portal.ehri-project.eu/keywords/ehri_camps-0" type="camp"
          >Auschwitz</placeName> as they were trying to travel away, caught and locked in the <term
          type="subject" ref="https://portal.ehri-project.eu/keywords/ehri_terms-669">camp
          jail</term>. After a long <term
          ref="https://portal.ehri-project.eu/keywords/ehri_terms-634" type="subject"
          >interrogation</term> and harassment, the <term
          ref="https://portal.ehri-project.eu/keywords/ehri_terms-483" type="subject"
          >prisoners</term> were supposed to be <term
          ref="https://portal.ehri-project.eu/keywords/ehri_terms-541" type="subject">hanged</term>.
        The <term ref="https://portal.ehri-project.eu/keywords/ehri_terms-825" type="subject">female
          prisoner</term> was brought to the <term
          ref="https://portal.ehri-project.eu/keywords/ehri_terms-487" type="subject">roll
          call</term> in the <term type="subject"
          ref="https://portal.ehri-project.eu/keywords/ehri_terms-496">camp</term> and because she
        knew that this was the day that the <term type="subject"
          ref="https://portal.ehri-project.eu/keywords/ehri_terms-541">death sentence</term> would
        be carried out, she slit her wrists by the gate to the <term type="subject"
          ref="https://portal.ehri-project.eu/keywords/ehri_terms-496">camp</term>. This was noticed
        by <term type="subject" ref="https://portal.ehri-project.eu/keywords/ehri_terms-1216"
          >SS-Unterscharführer</term> <persName ref="#ehri_et_ritters"><hi
            rend="letter-spacing: +2px">Ritters</hi></persName>. He jumped at her, and took the
        razor that she had in her hand away from her.</p>

      <p>As the razorblade was taken away by the <term
          ref="https://portal.ehri-project.eu/keywords/ehri_terms-1216" type="subject">SS
        man</term>, the <term ref="https://portal.ehri-project.eu/keywords/ehri_terms-483"
          type="subject">prisoner</term> was able to deal him several blows to the face. And so, the
        abuse of the <term ref="https://portal.ehri-project.eu/keywords/ehri_terms-483"
          type="subject">prisoner</term> began again anew. She was forced along the <term
          type="subject" ref="https://portal.ehri-project.eu/keywords/ehri_terms-496">camp</term>
        streets and beaten. Every <term ref="https://portal.ehri-project.eu/keywords/ehri_terms-483"
          type="subject">prisoner</term> of the Jewish nation had to be present. After an hour of
        this wrestling with <term ref="https://portal.ehri-project.eu/keywords/ehri_terms-745"
          type="subject">death</term>, the <term
          ref="https://portal.ehri-project.eu/keywords/ehri_terms-483" type="subject"
          >prisoner</term> was half-conscious and thrown into a box with wheels attached and
        transferred to the <term ref="https://portal.ehri-project.eu/keywords/ehri_terms-501"
          type="subject">crematorium</term>.</p>



      <p>The <term ref="https://portal.ehri-project.eu/keywords/ehri_terms-826" type="subject">male
          prisoner</term> was <term type="subject"
          ref="https://portal.ehri-project.eu/keywords/ehri_terms-541">hanged</term> at the same
        time in the <term ref="https://portal.ehri-project.eu/keywords/ehri_terms-507"
          type="subject">men’s camp</term>. The reason behind his sentence was <q>because together
          with a Jewish <term ref="https://portal.ehri-project.eu/keywords/ehri_terms-825"
            type="subject">female</term>
          <term ref="https://portal.ehri-project.eu/keywords/ehri_terms-483" type="subject"
            >prisoner</term> he attempted to <term
            ref="https://portal.ehri-project.eu/keywords/ehri_terms-204" type="subject"
            >escape</term> from the <term type="subject"
            ref="https://portal.ehri-project.eu/keywords/ehri_terms-496">camp</term></q>.</p>


      <p>Such cases repeated themselves during my time at the <term type="subject"
          ref="https://portal.ehri-project.eu/keywords/ehri_terms-496">camp</term> quite often.
          <term type="subject" ref="https://portal.ehri-project.eu/keywords/ehri_terms-483"
          >Prisoners</term> were <term ref="https://portal.ehri-project.eu/keywords/ehri_terms-204"
          type="subject">escaping</term> almost daily from the <term
          ref="https://portal.ehri-project.eu/keywords/ehri_terms-507" type="subject">men’s
          camp</term>, particularly <placeName
          ref="http://www.geonames.org/798544/republic-of-poland.html">Polish</placeName> and
          <placeName ref="http://www.geonames.org/2017370/russian-federation.html"
          >Russian</placeName>
        <term type="subject" ref="https://portal.ehri-project.eu/keywords/ehri_terms-483"
          >prisoners</term>. When they were recaptured, they were <term
          ref="https://portal.ehri-project.eu/keywords/ehri_terms-541" type="subject">hanged</term>
        or <term ref="https://portal.ehri-project.eu/keywords/ehri_terms-541" type="subject"
          >shot</term> in front of all the <term type="subject"
          ref="https://portal.ehri-project.eu/keywords/ehri_terms-496">camp</term>
        <term ref="https://portal.ehri-project.eu/keywords/ehri_terms-483" type="subject"
          >inmates</term>.</p>


      <p>If a <term ref="https://portal.ehri-project.eu/keywords/ehri_terms-483" type="subject"
          >prisoner</term> was <term ref="https://portal.ehri-project.eu/keywords/ehri_terms-541"
          type="subject">shot</term> during their <term
          ref="https://portal.ehri-project.eu/keywords/ehri_terms-204" type="subject">escape</term>,
        the <term ref="https://portal.ehri-project.eu/keywords/ehri_terms-515" type="subject"
          >corpse</term> would be tied in a sitting position to a chair and all of the <term
          type="subject" ref="https://portal.ehri-project.eu/keywords/ehri_terms-483">camp
          inmates</term> had to march past. This was used as a deterrent. After all of these
        experiences in the <term type="subject"
          ref="https://portal.ehri-project.eu/keywords/ehri_terms-496">camp</term>, we all became
        more and more numb. Here it was either bend or break.</p>


      <p>Our facial expressions weren’t like those of people living in freedom. <term
          ref="https://portal.ehri-project.eu/keywords/ehri_terms-569" type="subject">Hunger</term>,
        fear for your own life, this made us animals without feeling.</p>


      <p>Our many experiences in the <term type="subject"
          ref="https://portal.ehri-project.eu/keywords/ehri_terms-496">camp</term>, such as the
          <term type="subject" ref="https://portal.ehri-project.eu/keywords/ehri_terms-411"
          >selections</term> and other things during my almost 3 years in the <term type="subject"
          ref="https://portal.ehri-project.eu/keywords/ehri_terms-496">camp</term>, made us hard.
        Often, I had the feeling that I would never experience the free world again. Particularly
        those of us in my commando didn’t think about ever being free again. Our <term
          type="subject" ref="https://portal.ehri-project.eu/keywords/ehri_terms-478"
          >supervisors</term> comforted us by saying that if <term
          ref="https://portal.ehri-project.eu/keywords/ehri_terms-1159" type="subject"
          >Germany</term> was victorious, that we would still have to stay in the <term
          type="subject" ref="https://portal.ehri-project.eu/keywords/ehri_terms-1159">Reich</term>,
        but that will be no longer concentrated, but rather obliged to <term type="subject"
          ref="https://portal.ehri-project.eu/keywords/ehri_terms-556">work</term>. If <term
          ref="https://portal.ehri-project.eu/keywords/ehri_terms-1159" type="subject"
          >Germany</term> were to lose the <term type="subject"
          ref="https://portal.ehri-project.eu/keywords/ehri_terms-1080">war</term>, that will be the
          <term type="subject" ref="https://portal.ehri-project.eu/keywords/ehri_terms-745"
          >end</term> of us.</p>



      <p>We were no longer informed about the political events in the world, because we only had
        very few chances to listen to illegal radio stations in the <term type="subject"
          ref="https://portal.ehri-project.eu/keywords/ehri_terms-496">camp</term>. This was also
        punishable by <term type="subject"
          ref="https://portal.ehri-project.eu/keywords/ehri_terms-541">death</term>. And there were
        many such victims. Particularly <placeName
          ref="http://www.geonames.org/3077311/czechia.html">Czechs</placeName> and the <placeName
          ref="http://www.geonames.org/798544/republic-of-poland.html">Polish</placeName> fell
        victim to this.</p>


      <p>This kind of illegal activity developed amongst the <term type="subject"
          ref="https://portal.ehri-project.eu/keywords/ehri_terms-483">prisoners</term> in the
        neighbouring <term type="subject"
          ref="https://portal.ehri-project.eu/keywords/ehri_terms-567">camp</term>
        <placeName ref="http://www.geonames.org/3097333/jaworzno.html">Jaworzno</placeName>. In this
        coal mine a tunnel was being built. <pb n="7" facs="EHRI-ET-JMP019_07.jpg"/> Over 1500
          <placeName ref="http://www.geonames.org/3077311/czechia.html">Czech</placeName>
        <term type="subject" ref="https://portal.ehri-project.eu/keywords/ehri_terms-483"
          >prisoners</term> were involved in this <term type="subject"
          ref="https://portal.ehri-project.eu/keywords/ehri_terms-556">work</term>. As there were
        also experts amongst them, they built themselves a smaller tunnel alongside the main one,
        which was supposed to be used by the <term type="subject"
          ref="https://portal.ehri-project.eu/keywords/ehri_terms-483">prisoners</term> to <term
          type="subject" ref="https://portal.ehri-project.eu/keywords/ehri_terms-204">escape</term>.
        When the <term type="subject" ref="https://portal.ehri-project.eu/keywords/ehri_terms-556"
          >work</term> was finished, the <term type="subject"
          ref="https://portal.ehri-project.eu/keywords/ehri_terms-483">prisoners</term> – this was
        roughly in <date when="1943-09">September 1943</date> - were going to all leave the <term
          type="subject" ref="https://portal.ehri-project.eu/keywords/ehri_terms-567">camp</term>
        one night.</p>



      <p>The <term ref="https://portal.ehri-project.eu/keywords/ehri_terms-204" type="subject"
          >escape</term> was well-planned and well prepared. However, amongst these <term
          ref="https://portal.ehri-project.eu/keywords/ehri_terms-483" type="subject"
          >prisoners</term> there was a <placeName
          ref="http://www.geonames.org/798544/republic-of-poland.html">Pole</placeName> who knew
        what the <placeName ref="http://www.geonames.org/3077311/czechia.html">Czechs</placeName>
        had planned. He pretended that he planned to <term
          ref="https://portal.ehri-project.eu/keywords/ehri_terms-204" type="subject">escape</term>
        with them and was able to find out when they planned their <term
          ref="https://portal.ehri-project.eu/keywords/ehri_terms-204" type="subject">escape</term>.
        He reported this to the <term ref="https://portal.ehri-project.eu/keywords/ehri_terms-497"
          type="subject">political department</term>, who were able to prevent the <term
          ref="https://portal.ehri-project.eu/keywords/ehri_terms-204" type="subject">escape</term>
        with guard posts.</p>



      <p>At the end of <date when="1943-10">October 1943</date>, 32 <placeName
          ref="http://www.geonames.org/3077311/czechia.html">Czech</placeName>
        <term type="subject" ref="https://portal.ehri-project.eu/keywords/ehri_terms-483"
          >people</term> were <term ref="https://portal.ehri-project.eu/keywords/ehri_terms-541"
          type="subject">shot</term> after a long period of torment in the <term type="subject"
          ref="https://portal.ehri-project.eu/keywords/ehri_terms-567">camp</term>. The <placeName
          ref="http://www.geonames.org/798544/republic-of-poland.html">Polish</placeName> man had,
        through this betrayal, gathered some attention in our department, especially with <term
          type="subject" ref="https://portal.ehri-project.eu/keywords/ehri_terms-1216"
          >SS-Unterscharführer</term>  <hi rend="letter-spacing: +2px"><persName
            ref="#ehri_et_schurz_hans">Schürz</persName></hi> and <term type="subject"
          ref="https://portal.ehri-project.eu/keywords/ehri_terms-1216">SS-Uscha</term>  <hi
          rend="letter-spacing: +2px"><persName ref="#ehri_et_lachmann_gerhard"
          >Lachmann</persName></hi>. He carried out his work as an informant quite openly, and was a
        very feared man in the <term type="subject"
          ref="https://portal.ehri-project.eu/keywords/ehri_terms-567">camp</term>. None of the
          <term type="subject" ref="https://portal.ehri-project.eu/keywords/ehri_terms-483"
          >prisoners</term> dared to remove him from the <term type="subject"
          ref="https://portal.ehri-project.eu/keywords/ehri_terms-567">camp</term>. It was shortly
        before <date when="1943-12">Christmas</date>, that the <placeName
          ref="http://www.geonames.org/798544/republic-of-poland.html">Polish</placeName>
        <term ref="https://portal.ehri-project.eu/keywords/ehri_terms-483" type="subject"
          >prisoner</term> came to <term type="subject"
          ref="https://portal.ehri-project.eu/keywords/ehri_terms-1216">SS-Uscha</term>  <hi
          rend="letter-spacing: +2px"><persName ref="#ehri_et_lachmann_gerhard"
          >Lachmann</persName></hi>, who at this time I was <term type="subject"
          ref="https://portal.ehri-project.eu/keywords/ehri_terms-556">working</term> at the typist
        for, and demanded $100, so that he could catch <term
          ref="https://portal.ehri-project.eu/keywords/ehri_terms-483" type="subject"
          >prisoners</term> and civilians <term
          ref="https://portal.ehri-project.eu/keywords/ehri_terms-266" type="subject"
          >smuggling</term>. He gave the <term
          ref="https://portal.ehri-project.eu/keywords/ehri_terms-483" type="subject"
          >prisoner</term> the hundred dollars that he demanded. The <term
          ref="https://portal.ehri-project.eu/keywords/ehri_terms-483" type="subject"
          >prisoner</term> also asked that he be accompanied by <term type="subject"
          ref="https://portal.ehri-project.eu/keywords/ehri_terms-1216">SS-Rottenführer</term>  <hi
          rend="letter-spacing: +2px"><persName ref="#ehri_et_jarosewitsch"
          >Jarosewitsch</persName></hi>, as the place of exchange was outside of the cordon. The
          <term type="subject" ref="https://portal.ehri-project.eu/keywords/ehri_terms-483"
          >prisoner</term> left our office and said that he would report back that afternoon before
          <term ref="https://portal.ehri-project.eu/keywords/ehri_terms-487" type="subject">roll
          call</term> with the results. The whole commando returned from <term
          ref="https://portal.ehri-project.eu/keywords/ehri_terms-556" type="subject">work</term> to
        the <term type="subject" ref="https://portal.ehri-project.eu/keywords/ehri_terms-567"
          >camp</term>, but I had to wait in the office as the <term
          ref="https://portal.ehri-project.eu/keywords/ehri_terms-483" type="subject"
          >prisoner</term> and the <term
          ref="https://portal.ehri-project.eu/keywords/ehri_terms-1216" type="subject">SS man</term>
        <persName ref="#ehri_et_jarosewitsch">Jarosewitz</persName> had not reported back. I was
        frightened.</p>


      <p>The message came, that the <placeName
          ref="http://www.geonames.org/798544/republic-of-poland.html">Polish</placeName>
        <term ref="https://portal.ehri-project.eu/keywords/ehri_terms-483" type="subject"
          >prisoner</term>, together with the Jewish <term
          ref="https://portal.ehri-project.eu/keywords/ehri_terms-483" type="subject"
          >prisoner</term>, accompanied by <persName ref="#ehri_et_jarosewitsch"
          >Jarosewitz</persName> had <term
          ref="https://portal.ehri-project.eu/keywords/ehri_terms-204" type="subject"
        >escaped</term>. <persName ref="#ehri_et_jarosewitsch">Jarosewitz</persName> had been <term
          type="subject" ref="https://portal.ehri-project.eu/keywords/ehri_terms-532"
          >murdered</term> by them behind the large fence of the <term type="subject"
          ref="https://portal.ehri-project.eu/keywords/ehri_terms-567">camp</term>. Telegrams and
        wanted posters followed, regarding the two <term type="subject"
          ref="https://portal.ehri-project.eu/keywords/ehri_terms-204">escaped</term>
        <term ref="https://portal.ehri-project.eu/keywords/ehri_terms-483" type="subject"
          >prisoners</term>. Nothing was said in front of me in the office, but I used to get the
        post, from which I was able to glean the important facts.</p>


      <p>From that day on, <term type="subject"
          ref="https://portal.ehri-project.eu/keywords/ehri_terms-483">prisoners</term> were only
        allowed to leave the <term type="subject"
          ref="https://portal.ehri-project.eu/keywords/ehri_terms-567">camp</term> with two <term
          ref="https://portal.ehri-project.eu/keywords/ehri_terms-1216" type="subject">SS
          members</term> present.</p>


      <p>There are many other things that happened in the <term type="subject"
          ref="https://portal.ehri-project.eu/keywords/ehri_terms-496">camp</term> and in the office
        that I don’t feel I'm able to write down at the moment. On the <date when="1945-01-13"
          >13.1.1945</date>, the <term type="subject"
          ref="https://portal.ehri-project.eu/keywords/ehri_terms-623">evacuation</term> of the
          <term type="subject" ref="https://portal.ehri-project.eu/keywords/ehri_terms-496"
          >camp</term> began. After eight days of wandering around without aim, we arrived
        half-frozen, <term type="subject"
          ref="https://portal.ehri-project.eu/keywords/ehri_terms-569">hungry</term> and tired at
          <placeName ref="https://portal.ehri-project.eu/keywords/ehri_camps-760" type="camp"
          >Ravensbrück</placeName>. Here we spent our time without <term
          ref="https://portal.ehri-project.eu/keywords/ehri_terms-832" type="subject">food</term>,
        in a <term type="subject" ref="https://portal.ehri-project.eu/keywords/ehri_terms-837"
          >tent</term> – 1500 <term ref="https://portal.ehri-project.eu/keywords/ehri_terms-483"
          type="subject">prisoners</term> – for over three weeks.</p>

      <p>After that we were sent to the neighbouring <term type="subject"
          ref="https://portal.ehri-project.eu/keywords/ehri_terms-837">camp</term> in <placeName
          ref="https://portal.ehri-project.eu/keywords/ehri_camps-775" type="camp"
          >Malchow</placeName> in <placeName
          ref="http://www.geonames.org/2872567/mecklenburg-western-pomerania.html"
          >Mecklenburg</placeName>. The <placeName
          ref="https://portal.ehri-project.eu/keywords/ehri_camps-0" type="camp"
          >Auschwitz</placeName>
        <term ref="https://portal.ehri-project.eu/keywords/ehri_terms-1216" type="subject">SS
          monsters</term> were now for us a forgotten chapter. Now we had a new one, <term
          type="subject" ref="https://portal.ehri-project.eu/keywords/ehri_terms-482">camp
          commandant</term>, <persName ref="#ehri_et_danz_luise">Luise <hi
            rend="letter-spacing: +2px">Danz</hi></persName>.</p>

      <p>Opsáno dle originálu.</p>
      <p>Dáno <term type="subject"
          ref="https://portal.ehri-project.eu/keywords/terezin-terms-keyword-jmp-657">dokumentační
          akci</term> k dispozici od pí. <persName ref="#ehri_et_lebensfeldova_hofstadterova_regine"
          >Reginy Lebensfeldové-Hofstädterové</persName>, <placeName
          ref="http://www.geonames.org/3060972/bratislava.html">Bratislava</placeName>.</p>

      <p>Za <term type="subject"
          ref="https://portal.ehri-project.eu/keywords/terezin-terms-keyword-jmp-657">dokumentační
          akci</term> přijal: <persName ref="#ehri_et_shek_zeev">Scheck</persName></p>

      <p>Za archiv přijal:</p>
      <p>
        <persName ref="#ehri_et_schmiedt_alexander">Alex Schmiedt</persName>
      </p>
      <p>
        <date when="1945-12-19">19.XII.1945</date>
      </p>
    </body>
  </text>
</TEI>
