<?xml version="1.0" encoding="UTF-8"?>
<?xml-model href="http://www.tei-c.org/release/xml/tei/custom/schema/relaxng/tei_all.rng" type="application/xml" schematypens="http://relaxng.org/ns/structure/1.0"?>
<TEI xmlns="http://www.tei-c.org/ns/1.0" xml:id="EHRI-ET-JMP009_EN">
  <teiHeader>
    <fileDesc>
      <titleStmt>
        <title>Bondyová, Herta: Memory of Bergen - Belsen</title>
      </titleStmt>
      <editionStmt>
        <edition>EHRI Edition of Early Holocaust Testimony</edition>
        <author>
          <persName>Michal Frankl</persName>
        </author>
        <author>
          <persName>Magdalena Sedlická</persName>
        </author>
        <author>
          <persName>Wolfgang Schellenbacher</persName>
        </author>
      </editionStmt>
      <publicationStmt>
        <publisher>
          <ref target="https://www.ehri-project.eu/">European Holocaust Research
            Infrastructure</ref>
        </publisher>
        <availability>
          <licence target="http://creativecommons.org/licenses/by-sa/4.0/">Attribution-ShareAlike
            4.0 International</licence>
        </availability>
      </publicationStmt>
      <sourceDesc>
        <msDesc>
          <msIdentifier>
            <country ref="https://portal.ehri-project.eu/countries/cz">Czech Republic</country>
            <repository ref="https://portal.ehri-project.eu/institutions/cz-002279">Jewish Museum in
              Prague</repository>
            <collection ref="https://portal.ehri-project.eu/units/cz-002279-collection_jmp_shoah_dp"
              >Documents of Persecution</collection>
            <idno>inventory number 80 (Memoirs, and literary and expert accounts of the persecution
              period, written after the war)</idno>

          </msIdentifier>
          <physDesc/>
        </msDesc>
        <bibl>JMP, DP, inv. no 80 <textLang mainLang="cs">Original in Czech.</textLang></bibl>
      </sourceDesc>
    </fileDesc>
    <profileDesc>
      <creation>
        <date when="1945-05-27">27. 5. 1945</date>, <persName ref="#ehri_et_bondyova_herta">Herta
          Bondyová</persName>, <placeName ref="http://www.geonames.org/3067696/prague.html"
          >Prague</placeName>
        <idno>EHRI-ET-JMP009</idno>
      </creation>
      <textClass>
        <keywords>
          <term>testimony</term>
        </keywords>
      </textClass>

      <langUsage>
        <language ident="en">English</language>
      </langUsage>
      <abstract>
        <p>Testimony of Herta Bondyová, in which she describes in a literary way what followed after
          her deportation from Auschwitz to Bergen-Belsen. She tells emotionally the stories of her
          fellow prisoners and points out the harsh living condition in the camp.</p>
      </abstract>

    </profileDesc>
  </teiHeader>
  <text>
    <body>
      <pb n="1" facs="EHRI-ET-JMP009_01.jpg"/>
      <head>
        <date when="1945-05-27">27. 5. 1945</date>
      </head>
      <p>It’s freezing. We are forced to huddle together, cold and hungry with no hay in the railway
        cars. It doesn’t matter. The main thing is that we’re going away from here, where life hangs
        by a thread – <placeName ref="https://portal.ehri-project.eu/keywords/ehri_camps-2"
          >Auschwitz</placeName>. We want to live, so far all of us still do. So few of us are
        left.</p>

      <p>It’s freezing. We get off the train. As if our lethargy had left us, all at once a thousand
        questions. How long have we been travelling? An eternity. Did we travel through forests,
        silence, nature? How long has it been since we’ve seen nature? Years. Where are we? What
        will happen?</p>
      <p>There, a sign: <q><foreign xml:lang="de">Kr.Gef.Lager</foreign>
          <placeName ref="https://portal.ehri-project.eu/keywords/ehri_camps-42"
            >Bergen-Belsen</placeName></q>. What, we’re <term type="subject"
          ref="https://portal.ehri-project.eu/keywords/ehri_terms-511">prisoners of war</term>?
          <q>That would be wonderful,</q> the <term
          ref="https://portal.ehri-project.eu/keywords/ehri_terms-825" type="subject">girls</term>
        speculate, and we slowly become interested in our fate.</p>

      <p>We’ve arrived. Stunning, vast moorlands in full bloom, dark purple, with beautifully green
        thin pines greet us with their rustling. A smiling sun in its full beauty in a clear winter
        sky – it can’t be possible that we are going to our <term
          ref="https://portal.ehri-project.eu/keywords/ehri_terms-745" type="subject">deaths</term>.
        Not possible? Haha.</p>

      <p>What is it? Several large circus <term
          ref="https://portal.ehri-project.eu/keywords/ehri_terms-837" type="subject">tents</term>.
          <q>They’re <term ref="https://portal.ehri-project.eu/keywords/ehri_terms-837"
            type="subject">quarters</term> for about 12,000 <term
            ref="https://portal.ehri-project.eu/keywords/ehri_terms-825" type="subject"
          >women</term>.</q> On the ground, one on top of another. The stronger one has seized some
        hay to sleep on, the weak one has nothing but a blanket. There are no socks… only the lucky
        ones have pants… and it grows more freezing by the day – it’s <date when="1944-11"
          >November</date>.</p>

      <p>Maybe something or someone exists in heaven who can no longer look at the thousands of
        wretched, emaciated <term ref="https://portal.ehri-project.eu/keywords/ehri_terms-825"
          type="subject">women</term> undress and wash themselves outside, and there’s so little
        water and no rags to dry yourself with, and while you’re washing yourself someone steals
        your last piece of rag in their wooden clog. The sky turned a menacing color, the wind
        foreshadows a catastrophe. The tent canvases bulge. It’s the evening.</p>
      <p>The book <q>The Rains Came</q> comes to me unbidden and I feel that something big is
        coming. Only lightning illuminates the terrifyingly dark landscape, you can’t hear your
        neighbor speak over the wailing wind – the canvases are billowing out more and more and the
        cries of the <term ref="https://portal.ehri-project.eu/keywords/ehri_terms-292"
          type="subject">sick</term> and our calls for help vanish in the canvases’ struggle with
        the wooden pillars. Suddenly, each of us is living for herself alone. Who isn’t thinking
        about their loved ones? Our time has come.</p>
      <p>The main pole of the tent has become loose, the canvases and the wood slide between our
        bodies – panic, screaming, wailing,… Eva, Nita, Anča, Valina – <hi
          rend="letter-spacing: +2px">are you alive</hi>? What, Helga? . . . In the morning, it
        became clear who didn’t make it. Out of the twelve <term
          ref="https://portal.ehri-project.eu/keywords/ehri_terms-837" type="subject">tents</term>,
        only one, badly damaged, remained standing.</p>

      <p>This terrible night, during which the hair of many of us went white with fear, was followed
        by 36 hours <q>in the fresh air</q> before we set ourselves up in as yet unsettled <term
          ref="https://portal.ehri-project.eu/keywords/ehri_terms-837" type="subject"
          >barracks</term>, where we slept in three-tier bunks, 2 in each bed, and each with only
        one blanket, beneath us a thin straw mattress. Here, we lived through <date when="1944-12"
          >December</date> with no clothes, spoon, or handkerchief, and like children we looked
        forward to Christmas when we could perhaps receive an extra piece of <term
          ref="https://portal.ehri-project.eu/keywords/ehri_terms-832" type="subject"
        >bread</term>.</p>

      <p>Around <date when="1944-12-12">December 12th</date>, a story started to go around that the
          <term type="subject" ref="https://portal.ehri-project.eu/keywords/ehri_terms-496"
          >camp</term> would be liquidated. Almost every day, larger and smaller groups would be
        selected and sent to <term ref="https://portal.ehri-project.eu/keywords/ehri_terms-556"
          type="subject">work</term>. Interestingly, we <term
          ref="https://portal.ehri-project.eu/keywords/terezin-terms-keyword-jmp-279" type="subject"
          >Czechs</term> always boarded in an orderly manner, while female <term
          ref="https://portal.ehri-project.eu/keywords/ehri_terms-650" type="subject"
          >prisoners</term> of other nationalities were constantly eluding, dodging, etc. We weren’t
        selected until <date when="1944-12-20">December 20th</date> – nobody wanted us, we were too
        weak. <q>We’ll be left in peace over the holidays,</q> I speculated, but we were lucky. On
          <date when="1944-12-24">December 24th</date>, when we <pb n="2"
          facs="EHRI-ET-JMP009_02.jpg"/> were so disappointed because we didn’t get even an extra
        crumb of <term ref="https://portal.ehri-project.eu/keywords/ehri_terms-832" type="subject"
          >bread</term>, they <q>selected</q> us and we heard that we were to leave on <date
          when="1945-01-20">January 20th</date>. <term
          ref="https://portal.ehri-project.eu/keywords/terezin-terms-keyword-jmp-279" type="subject"
          >Czech women</term> had a reputation of being good workers.</p>

      <p><date when="1945-01">January</date> in this <term type="subject"
          ref="https://portal.ehri-project.eu/keywords/ehri_terms-496">camp</term> was horrible.
          <term type="subject" ref="https://portal.ehri-project.eu/keywords/ehri_terms-518"
          >Transports</term> arrived constantly and not a single morning went by when there wasn’t a
        heap of <term ref="https://portal.ehri-project.eu/keywords/ehri_terms-745" type="subject"
          >dead</term> naked bodies (the most valuable thing about them was their clothes) in front
        of the barracks. A wagon came by regularly to collect them. <term
          ref="https://portal.ehri-project.eu/keywords/ehri_terms-292" type="subject">Sick</term>
        women were constantly returning from <term
          ref="https://portal.ehri-project.eu/keywords/ehri_terms-556" type="subject">work</term> in
        such a state that they were just dragging their bones back to bed. This is how our friend
        Dr. <persName ref="#ehri_et_wolfova">Wolfová</persName> returned. Fourteen days ago she was on her feet and
        now she couldn’t even get out of bed – she was covered in wounds… We were increasingly beset
        by lice, and, along with them, <term
          ref="https://portal.ehri-project.eu/keywords/ehri_terms-493" type="subject">typhus</term>.
        Blocks for the <term ref="https://portal.ehri-project.eu/keywords/ehri_terms-292"
          type="subject">sick</term> were the seals of the numbered days of your life.</p>

      <p>Yesterday was <date when="1945-01-20">January 20th</date> and we still haven’t left. What?
        Are we sentenced to <term ref="https://portal.ehri-project.eu/keywords/ehri_terms-745"
          type="subject">die</term> here? Don’t we have to drag our bones to another region? At
        least to properly <term ref="https://portal.ehri-project.eu/keywords/ehri_terms-832"
          type="subject">eat</term> and wash ourselves – and then let God’s will be done.</p>
      <p>It’s <date when="1945-01-31">January 31th</date>, it’s <date when="1945-02-08">February
          8th</date>. <placeName ref="http://www.geonames.org/2937959/dessau.html"
          >Dessau</placeName>, where we are going, has certainly been levelled. . . A miracle
        occurred. On <date when="1945-02-10">February 10th</date>, while the last turnip <term
          ref="https://portal.ehri-project.eu/keywords/ehri_terms-832" type="subject">soup</term>
        was being doled out inside the horrible transport block, where getting <term
          ref="https://portal.ehri-project.eu/keywords/ehri_terms-832" type="subject">food</term>
        meant winning the lottery, an order came. <term
          ref="https://portal.ehri-project.eu/keywords/ehri_terms-825" type="subject">Girls</term>,
        we’re leaving. Those who haven’t <term
          ref="https://portal.ehri-project.eu/keywords/ehri_terms-832" type="subject">eaten</term>
        yet won’t get anything, there’s no time (so that the block staff can <term
          ref="https://portal.ehri-project.eu/keywords/ehri_terms-832" type="subject">eat</term>
        even more).</p>

      <p>We board. Hanka, one of our best, is not selected, but she can’t live without us, she’s one
        of the poor exhausted ones. We try to take her with us. She sneaks in with us. She’s fished
        out and returned. On shaky legs, she fearlessly tries again, but she’s beaten by an <term
          ref="https://portal.ehri-project.eu/keywords/ehri_terms-1216" type="subject">SS man</term>
        until we look away. We say goodbye with painful looks. Hanka, our athlete, our <term
          ref="https://portal.ehri-project.eu/keywords/ehri_terms-825" type="subject">girl</term>
        who was so brave and not long ago recited things to us all night long, your little daughter
        is waiting for you – be with God. And <persName>Eva</persName>, who lived with her and took
        care of her so sweetly, we are no less sad than you. Have courage. We’re setting off at noon
        and happy to cast a last glance at the terrible blocks, wardens, <term
          ref="https://portal.ehri-project.eu/keywords/ehri_terms-487" type="subject">roll
          calls</term>.</p>

      <p>What lies ahead for us? It shall be a surprise.</p>


      <p><persName ref="#ehri_et_bondyova_herta">Herta Bondyová</persName>, <placeName
          ref="http://www.geonames.org/3067696/prague.html">Prague II</placeName>., <placeName
          ref="http://www.geonames.org/3067696/prague.html">Lodecká</placeName> 3.</p>
    </body>
  </text>
</TEI>
