<?xml version="1.0" encoding="UTF-8"?>
<?xml-model href="http://www.tei-c.org/release/xml/tei/custom/schema/relaxng/tei_all.rng" type="application/xml" schematypens="http://relaxng.org/ns/structure/1.0"?>
<TEI xmlns="http://www.tei-c.org/ns/1.0" xml:id="EHRI-ET-JMP004_CS">
  <teiHeader>
    <fileDesc>
      <titleStmt>
        <title>Nasch, Erich: O kontrolní lékařské prohlídce v Osvětimi (protokol č. 15)</title>
      </titleStmt>
      <editionStmt>
        <edition>EHRI Edition of Early Holocaust Testimony</edition>
        <author>
          <persName>Michal Frankl</persName>
        </author>
        <author>
          <persName>Magdalena Sedlická</persName>
        </author>
        <author>
          <persName>Wolfgang Schellenbacher</persName>
        </author>
      </editionStmt>
      <publicationStmt>
        <publisher>
          <ref target="https://www.ehri-project.eu/">European Holocaust Research
            Infrastructure</ref>
        </publisher>
        <availability>
          <licence target="http://creativecommons.org/licenses/by-sa/4.0/">Attribution-ShareAlike
            4.0 International</licence>
        </availability>
      </publicationStmt>
      <sourceDesc>

        <msDesc>
          <msIdentifier>
            <country ref="https://portal.ehri-project.eu/countries/cz">Czech Republic</country>
            <repository ref="https://portal.ehri-project.eu/institutions/cz-002279">Jewish Museum in
              Prague</repository>
            <collection ref="https://portal.ehri-project.eu/units/cz-002279-collection_jmp_shoah_dp"
              >Documents of Persecution</collection>
            <idno>inventory number 80 (Memoirs, and literary and expert accounts of the persecution
              period, written after the war)</idno>

          </msIdentifier>
          <physDesc/>
        </msDesc>
        <bibl>JMP, DP, inv. no 80 <textLang mainLang="cs">Original in Czech.</textLang></bibl>



      </sourceDesc>
    </fileDesc>
    <profileDesc>
      <creation><date when="1945-07-21">21. 7. 1945</date>, <term type="subject"
          ref="https://portal.ehri-project.eu/keywords/terezin-terms-keyword-jmp-657">Dokumentační
          akce</term>, <persName ref="#ehri_et_nasch_erich">Erich Nasch</persName>, <placeName
          ref="http://www.geonames.org/3067696/prague.html">Prague</placeName>
        <idno>EHRI-ET-JMP004</idno></creation>

      <textClass>
        <keywords>
          <term>testimony</term>
        </keywords>
      </textClass>

      <langUsage>
        <language ident="cs">Czech</language>
      </langUsage>

      <abstract>
        <p>A brief protocol of Erich Nasch, which became a part of the Documentation campaign,
          Prague. Nasch describes the selection process in the Auschwitz camp and particular case of
          three Czech prisoners, who succeeded to depart from the camp in a transport, which was
          sent to a labour camp.</p>
      </abstract>


    </profileDesc>

  </teiHeader>
  <text>
    <body>

      <pb n="1" facs="EHRI-ET-JMP004_01.jpg"/>
      <p>Dne <date when="1944-10-20">20.10.1944</date> byl v <placeName
          ref="https://portal.ehri-project.eu/keywords/ehri_camps-0">Osvětímě</placeName> v lágru E
        sestaven <term ref="https://portal.ehri-project.eu/keywords/ehri_terms-556" type="subject"
          >pracovní</term>
        <term ref="https://portal.ehri-project.eu/keywords/ehri_terms-518" type="subject"
          >transport</term>. Při kontrolní prohlídce byli pro tělesnou slabost vyšetřujícím <term
          ref="https://portal.ehri-project.eu/keywords/ehri_terms-287" type="subject">lékařem</term>
        <term ref="https://portal.ehri-project.eu/keywords/ehri_terms-1216" type="subject">SS</term>
        vyňati: <persName ref="#ehri_et_shek_zeev">Zeev Scheck</persName>, <persName
          ref="#https://www.holocaust.cz/databaze-obeti/obet/91551-egon-haas/">Egon Haas</persName>
        a <persName ref="#ehri_et_simonsohn_berthold">Bertl Simonsohn</persName>, protože vypadali
        velmi hubeně. Byli utišováni, že budou posláni jako <q><foreign xml:lang="de"><distinct
              type="camp_language">Stubendienst</distinct></foreign></q> na nějaký čas do <term
          ref="https://portal.ehri-project.eu/keywords/ehri_terms-496" type="subject">lágru</term>,
        aby se zotavili a pak že budou posláni na <term
          ref="https://portal.ehri-project.eu/keywords/ehri_terms-556" type="subject">práci</term>.
        Přes to tušili, oč jde a hlavně <persName ref="#ehri_et_shek_zeev">Zeev</persName> snažil se
        dostat <term ref="https://portal.ehri-project.eu/keywords/ehri_terms-518" type="subject"
          >transportu</term> tím, že ukazoval svaly a ujišťoval, že je na těžkou práci zvyklý, že
        jenom tak hubeně vypadá a že je úplně zdráv. <persName
          ref="#https://www.holocaust.cz/databaze-obeti/obet/91551-egon-haas/">Egon Haas</persName>
        a <persName ref="#ehri_et_simonsohn_berthold">Bertl Simonsohn</persName> se k tomu přidali.
        Přes to nepochodili a jenom proto, že scházeli lidé do <term
          ref="https://portal.ehri-project.eu/keywords/ehri_terms-518" type="subject"
          >transportu</term>, byli na konec k <term
          ref="https://portal.ehri-project.eu/keywords/ehri_terms-518" type="subject"
          >transportu</term> připojení.</p>
      <p>Je zajímavé, že z tohoto <term ref="https://portal.ehri-project.eu/keywords/ehri_terms-518"
          type="subject">transportu</term> zůstali celkem 4 lidé na živu, mezi nimi <persName
          ref="#ehri_et_shek_zeev">Zeev</persName> a <persName ref="#ehri_et_simonsohn_berthold"
          >Bertl</persName>.</p>

      <p>Protokol přijala: Vlastnoruční podpis svědka:</p>
      <p>
        <persName ref="#ehri_et_kratkova_marta">Marta Kratková</persName>
        <persName ref="#ehri_et_nasch_erich">Dr. Nasch</persName>
      </p>

      <p>Za <term ref="https://portal.ehri-project.eu/keywords/terezin-terms-keyword-jmp-657"
          type="subject">dokumentační akci</term>:</p>
      <p>
        <persName ref="#ehri_et_shek_zeev">Zeev Scheck</persName>
      </p>

      <p>Za archiv:</p>
      <p>
        <persName ref="#ehri_et_schmiedt_alexander">Alex. Schmiedt</persName>
      </p>
    </body>
  </text>
</TEI>
