<?xml version="1.0" encoding="UTF-8"?>
<?xml-model href="http://www.tei-c.org/release/xml/tei/custom/schema/relaxng/tei_all.rng" type="application/xml" schematypens="http://relaxng.org/ns/structure/1.0"?>
<TEI xmlns="http://www.tei-c.org/ns/1.0" xml:id="EHRI-ET-JMP016_EN">
  <teiHeader>
    <fileDesc>
      <titleStmt>
        <title>Arnheim, Ulrich: Zeugnis über Konzentrationslager (Protokoll)</title>
      </titleStmt>
      <editionStmt>
        <edition>EHRI Edition of Early Holocaust Testimony</edition>
        <author>
          <persName>Michal Frankl</persName>
        </author>
        <author>
          <persName>Magdalena Sedlická</persName>
        </author>
        <author>
          <persName>Wolfgang Schellenbacher</persName>
        </author>
      </editionStmt>
      <publicationStmt>
        <publisher>
          <ref target="https://www.ehri-project.eu/">European Holocaust Research
            Infrastructure</ref>
        </publisher>
        <availability>
          <licence target="http://creativecommons.org/licenses/by-sa/4.0/">Attribution-ShareAlike
            4.0 International</licence>
        </availability>
      </publicationStmt>
      <sourceDesc>
        <msDesc>
          <msIdentifier>
            <country ref="https://portal.ehri-project.eu/countries/cz">Czech Republic</country>
            <repository ref="https://portal.ehri-project.eu/institutions/cz-002279">Jewish Museum in
              Prague</repository>
            <collection ref="https://portal.ehri-project.eu/units/cz-002279-collection_jmp_shoah_dp"
              >Documents of Persecution</collection>
            <idno>inventory number 80 (Memoirs, and literary and expert accounts of the persecution
              period, written after the war)</idno>

          </msIdentifier>
          <physDesc/>
        </msDesc>
        <bibl>JMP, DP, inv. no 80 <textLang mainLang="de">Original in German.</textLang></bibl>
      </sourceDesc>
    </fileDesc>
    <profileDesc>
      <creation><date when="1945-10-02">2. 10. 1945</date>, <term type="subject"
          ref="https://portal.ehri-project.eu/keywords/terezin-terms-keyword-jmp-657">Dokumentační
          akce</term>, <persName ref="#ehri_et_arnheim_ulrich">Ulrich Arnheim</persName>, <placeName
          ref="http://www.geonames.org/3067696/prague.html">Prague</placeName>
        <idno>EHRI-ET-JMP016</idno></creation>
      <textClass>
        <keywords>
          <term>testimony</term>
        </keywords>
      </textClass>
      <langUsage>
        <language ident="de" usage="99">German</language>
        <language ident="de" usage="1">Czech</language>
      </langUsage>

      <abstract>
        <p>Testimony of Ulrich Arnheim, which became a part of the Documentation action, Prague.
          Arnheim starts his testimony with autumn of 1944, when he was deported from the
          Theresienstadt ghetto to Auschwitz-Birkenau. He describes his shock from the arrival in
          the camp. After a few days he was allocated to a work transport, which was sent to
          Gleiwitz for forced labour. Arnheim is pointing out the harsh living conditions of the
          inmates. He describes the evacuation of the camp in January 1945 and the death march,
          which followed.</p>
      </abstract>
    </profileDesc>
  </teiHeader>
  <text>
    <body>
      <pb n="1" facs="EHRI-ET-JMP016_01.jpg"/>
      <p rend="center">Protokoll</p>

      <p>Aufgenommen mit <persName ref="#ehri_et_arnheim_ulrich"><hi rend="letter-spacing: +2px"
            >Arnheim</hi> Ulrich</persName>, geb. am <date when="1927-02-02">2.2.1927</date>,
        wohnhaft in <placeName ref="http://www.geonames.org/3067696/prague.html">Prag</placeName>
        XI., <placeName ref="http://www.geonames.org/3067696/prague.html">Bořivojova</placeName> 44
        c/o <persName ref="#ehri_et_singer">Singer</persName>, Nationalität <term type="subject"
          ref="#ehri_et_nationalities_dutch">Holländisch</term>, Beruf <term
          ref="https://portal.ehri-project.eu/keywords/ehri_terms-1214" type="subject"
          >Student</term>, gewesener <term
          ref="https://portal.ehri-project.eu/keywords/ehri_terms-483" type="subject"
          >Häftling</term>
        <term type="subject" ref="https://portal.ehri-project.eu/keywords/ehri_terms-496">der
          Konzentrationslager</term>
        <placeName ref="https://portal.ehri-project.eu/keywords/ehri_camps-758" type="camp"
          >Terezín</placeName>, <placeName
          ref="https://portal.ehri-project.eu/keywords/ehri_camps-0" type="camp"
          >Auschwitz</placeName>, <placeName
          ref="https://portal.ehri-project.eu/keywords/ehri_camps-16" type="camp"
          >Gleiwitz</placeName> und <placeName
          ref="https://portal.ehri-project.eu/keywords/ehri_camps-7" type="camp"
          >Blechhammer</placeName>.</p>

      <p>Am <date when="1944-09-28">28.9.1944</date> wurden wir (1. <term
          ref="https://portal.ehri-project.eu/keywords/ehri_terms-521" type="subject"
          >Transport</term>) in <placeName
          ref="https://portal.ehri-project.eu/keywords/ehri_camps-758" type="camp"
          >Terezín</placeName> verladen, und fuhren mit der festen Meinung, es ginge nach <term
          ref="https://portal.ehri-project.eu/keywords/ehri_terms-1152" type="subject"
          >Deutschland</term> zur <term ref="https://portal.ehri-project.eu/keywords/ehri_terms-556"
          type="subject">Arbeit</term>, fort. In <placeName
          ref="https://portal.ehri-project.eu/keywords/ehri_camps-437" type="camp"
          >Bautzen</placeName> angekommen, wurden wir betreffs des Zieles unsicher. In <placeName
          ref="https://portal.ehri-project.eu/keywords/ehri_camps-461" type="camp"
          >Görlitz</placeName> bereits waren wir uns einig, dass es wahrscheinlich nach dem mehr
        oder weniger bekannten Ghetto <placeName
          ref="https://portal.ehri-project.eu/keywords/ehri_camps-2" type="camp"
          >Birkenau</placeName> ginge. Es blieb uns dennoch der Ausweg, dass wir in die Glatzer
        Kohlenbergwerke kämen. Die Aussicht wurde jedoch immer schwächer, und als wir endlich in
          <placeName ref="https://portal.ehri-project.eu/keywords/ehri_camps-16" type="camp"
          >Gleiwitz</placeName> ankamen, ganz zunichte.</p>
      <p>Wir langten auf einem großen freien und offenen Bahnhofsgeleise an, als plötzlich die Türe
        gewaltig aufgestoßen wurde und wir nur die Worte: Alles heraus, Gepäck bleibt im Wagen,
        hörten. Das erste, was wir sahen, war zu beiden Seiten Stacheldraht, der elektrisch geladen
        war und alle 5 Meter eine elektrische Laterne. Von weitem sehen wir einen Schornstein, aus
        dem eine riesige rote Flamme emporstieg. Es war, wie wir später erfuhren, eine der 5 <term
          ref="https://portal.ehri-project.eu/keywords/ehri_terms-501" type="subject">Kamine</term>,
        die Tag und Nacht <term ref="https://portal.ehri-project.eu/keywords/ehri_terms-556"
          type="subject">arbeiteten</term>. Wir waren im <term type="subject"
          ref="https://portal.ehri-project.eu/keywords/ehri_terms-496">K.Z.</term>-<term
          type="subject" ref="https://portal.ehri-project.eu/keywords/ehri_terms-498"
          >Vernichtungslager</term>
        <placeName ref="https://portal.ehri-project.eu/keywords/ehri_camps-2" type="camp"
          >Auschwitz-Birkenau</placeName>. Wir mussten zu 5 längs des Zuges antreten und wurden
        einzeln einem starken, großen <term type="subject"
          ref="https://portal.ehri-project.eu/keywords/ehri_terms-1216">SS</term>-Hauptsturmführer
        vorgeführt, der uns aussondierte. (Dr. <persName ref="#ehri_et_schwarz">Schwarz</persName>)
        Die Schwachen, <term ref="https://portal.ehri-project.eu/keywords/ehri_terms-292"
          type="subject">Kranken</term>, Ueberalteten und unter 14 – 16 Jahren wurden in das linke
          <term type="subject" ref="https://portal.ehri-project.eu/keywords/ehri_terms-496"
          >Lager</term> geführt. Wir Übrigen (Vom <term
          ref="https://portal.ehri-project.eu/keywords/ehri_terms-521" type="subject"
          >Transport</term> 2.500 blieben 1100) kamen ins rechte <term type="subject"
          ref="https://portal.ehri-project.eu/keywords/ehri_terms-496">Lager</term>.</p>
      <p>Jetzt, im <term type="subject" ref="https://portal.ehri-project.eu/keywords/ehri_terms-496"
          >Lager</term> angekommen, wurde uns von der <term
          ref="https://portal.ehri-project.eu/keywords/ehri_terms-1216" type="subject">SS</term>
        mitgeteilt, dass dieses <term type="subject"
          ref="https://portal.ehri-project.eu/keywords/ehri_terms-496">Lager</term>
        <term type="subject" ref="https://portal.ehri-project.eu/keywords/ehri_terms-496">das
          Lager</term>
        <placeName ref="https://portal.ehri-project.eu/keywords/ehri_camps-0" type="camp"
          >Auschwitz</placeName> sei, dass hier <term type="subject"
          ref="https://portal.ehri-project.eu/keywords/ehri_terms-483">Menschen</term>, die nicht
          <term ref="https://portal.ehri-project.eu/keywords/ehri_terms-556" type="subject"
          >arbeiten</term> wollen, <term type="subject"
          ref="https://portal.ehri-project.eu/keywords/ehri_terms-534">vergast</term> werden, was
        uns aber, wenn wir arbeitswillig wären, ja nicht weiter anginge und dass wir neue <term
          ref="https://portal.ehri-project.eu/keywords/ehri_terms-836" type="subject">Kleider</term>
        bekämen. Wir wurden in die Sauna geführt, vollständig ausgezogen, geschoren, gebadet und
        erhielten neue <term ref="https://portal.ehri-project.eu/keywords/ehri_terms-836"
          type="subject">Kleidung</term>. Diese <term
          ref="https://portal.ehri-project.eu/keywords/ehri_terms-836" type="subject"
          >Kleidung</term> war die <term type="subject"
          ref="https://portal.ehri-project.eu/keywords/ehri_terms-1159">deutsche</term>
        <term type="subject" ref="https://portal.ehri-project.eu/keywords/ehri_terms-669"
          >Sträflingsuniform</term>. Jetzt führte man uns in das eigentliche <term type="subject"
          ref="https://portal.ehri-project.eu/keywords/ehri_terms-496">Lager</term>. Hier wurden wir
        in 2 <term type="subject" ref="https://portal.ehri-project.eu/keywords/ehri_terms-837"
          >Baracken</term> aufgeteilt und der <term type="subject"
          ref="https://portal.ehri-project.eu/keywords/ehri_terms-496">Lagerälteste</term>, ein
          <term type="subject" ref="https://portal.ehri-project.eu/keywords/ehri_terms-1159"
          >deutscher</term> Schwerverbrecher, machte uns mit der <term type="subject"
          ref="https://portal.ehri-project.eu/keywords/ehri_terms-496">Lagerordnung</term> bekannt.
        Nachdem dies erledigt war, wurden wir aus dem Block gejagt, um im Freien den schönen langen
        Tag zu verbringen. Um 13h erhielten wir das erste <term
          ref="https://portal.ehri-project.eu/keywords/ehri_terms-832" type="subject">Essen</term>.
        Es bestand aus einem 3/4 Liter <term type="subject"
          ref="https://portal.ehri-project.eu/keywords/ehri_terms-832">Kürbissuppe</term>, die für
        einen kultivierten Menschen ungeniessbar war. Aber wir hatten grossen <term
          ref="https://portal.ehri-project.eu/keywords/ehri_terms-569" type="subject">Hunger</term>
        und wenn der Mensch <term ref="https://portal.ehri-project.eu/keywords/ehri_terms-569"
          type="subject">Hunger</term> hat, <term type="subject"
          ref="https://portal.ehri-project.eu/keywords/ehri_terms-832">isst</term> er alles. Das
        grossartige <term ref="https://portal.ehri-project.eu/keywords/ehri_terms-832"
          type="subject">Mittagessen</term> wurde uns in verdrecken Schüsseln, oder, wer besonderes
        Glück hatte, in Waschschüsseln verabreicht. Im ganzen waren ca. 30 Schalen für 1.000 <term
          type="subject" ref="https://portal.ehri-project.eu/keywords/ehri_terms-483"
          >Personen</term> vorhanden. Binnen einer halben Stunde musste das <term
          ref="https://portal.ehri-project.eu/keywords/ehri_terms-832" type="subject">Essen</term>
        erledigt sein. Löffel, oder sonstige Gegenstände, die der <term type="subject"
          ref="https://portal.ehri-project.eu/keywords/ehri_terms-483">Mensch</term> im täglichen
        Gebraucht benutzt, waren für uns Raritäten, an die keiner mehr dachte. So verbrachten wir
        den ganzen Tag vor der <term type="subject"
          ref="https://portal.ehri-project.eu/keywords/ehri_terms-837">Baracke</term> im Freien, bis
        es ca. um 7h <term ref="https://portal.ehri-project.eu/keywords/ehri_terms-832"
          type="subject">Nachtmahl</term> gab. Dieses bestand aus 15 dkg <term type="subject"
          ref="https://portal.ehri-project.eu/keywords/ehri_terms-832">Brot</term>, einem Löffel
          <term type="subject" ref="https://portal.ehri-project.eu/keywords/ehri_terms-832"
          >Marmelade</term> und einem Scheibchen <term type="subject"
          ref="https://portal.ehri-project.eu/keywords/ehri_terms-832">Wurst</term>, dass aber nur
        unter der Lupe gesehen werden konnte. Nach diesem reichhaltigen <term
          ref="https://portal.ehri-project.eu/keywords/ehri_terms-832" type="subject"
          >Nachtmahl</term> jagte man uns in die <term type="subject"
          ref="https://portal.ehri-project.eu/keywords/ehri_terms-837">Baracken</term>, um dort zu
        schlafen. Aber was man im Allgemeinen unter schlafen und liegen versteht, konnte man bei uns
        natürlich nicht anwenden. Wir sassen zu fünfen, einer in dem anderen auf einem eiskalten
        Betonfussboden und stritten uns um die Plätze, bis der eine, oder andere mehr oder weniger
        müde, einschlief. Um 4 h morgens holte man uns aus unseren wunderbaren Himmelbetten und der
        neue, schreckliche und auh, so lage Tag begann [sic]. Wir hatten 3 x täglich <term
          ref="https://portal.ehri-project.eu/keywords/ehri_terms-487" type="subject">Apell</term>,
        damit ja keiner <term type="subject"
          ref="https://portal.ehri-project.eu/keywords/ehri_terms-204">flieht</term> und der Welt
        erzählen könnte, wie schön, wunderbar und kultiviert wir unter den Befreiern Europas lebten.
        So ging <pb n="2" facs="EHRI-ET-JMP016_02.jpg"/> das 6 Tage, bis wir endlich in einen <term
          ref="https://portal.ehri-project.eu/keywords/ehri_terms-521" type="subject"
          >Arbeitertransport</term> eingereiht wurden. Wohin es ging, das wusste natürlich keiner,
        aber die Hauptsache war, hinaus aus dieser Hölle des Teufels und des Todes.</p>
      <p>Nachdem wir neue <term ref="https://portal.ehri-project.eu/keywords/ehri_terms-836"
          type="subject">Kleider</term> erhielten und sauber gebadet wurden, kamen wir auf den
        Bahnhof, beneidet von den Zurückbleibenden, um nach unserem neuen <term type="subject"
          ref="https://portal.ehri-project.eu/keywords/ehri_terms-567">Lager</term> versandt zu
        werden. Wir fuhren ein paar Stunden, als wir um 11 h nachts am Bestimmungsort ankamen. Es
        stellte sich heraus, dass wir in <placeName
          ref="https://portal.ehri-project.eu/keywords/ehri_camps-16" type="camp"
          >Gleiwitz</placeName> waren. Man führte uns in ein <term type="subject"
          ref="https://portal.ehri-project.eu/keywords/ehri_terms-567">Lager</term>, verabreichte
        uns die erste <q>gute <term ref="https://portal.ehri-project.eu/keywords/ehri_terms-832"
            type="subject">Suppe</term></q>, und schickte uns schlafen. Um 4 h morgens wurden wir
        geweckt und traten zu <term ref="https://portal.ehri-project.eu/keywords/ehri_terms-487"
          type="subject">Apell</term> an. Jetzt erfuhren wir offiziell, dass wir im <term
          type="subject" ref="https://portal.ehri-project.eu/keywords/ehri_terms-508"
          >Arbeitslager</term>
        <placeName ref="https://portal.ehri-project.eu/keywords/ehri_camps-16" type="camp">Gleiwitz
          I</placeName> waren, welches zum <orgName ref="#ehri_et_reichsbahnausbesserungswerk">RAW
          (Reichsbahnausbesserungswerk)</orgName> gehörte. Wir wollten in jener Fabrik <term
          ref="https://portal.ehri-project.eu/keywords/ehri_terms-556" type="subject"
          >arbeiten</term>. Der <term type="subject"
          ref="https://portal.ehri-project.eu/keywords/ehri_terms-1216">SS</term>-<term
          type="subject" ref="https://portal.ehri-project.eu/keywords/ehri_terms-508"
          >Lagerführer</term>
        <persName ref="#ehri_et_moll_otto">Moll</persName> erklärte uns, dass wir es sehr gut haben
        würden, gutes <term ref="https://portal.ehri-project.eu/keywords/ehri_terms-832"
          type="subject">Essen</term>, <term
          ref="https://portal.ehri-project.eu/keywords/ehri_terms-556" type="subject">Arbeit</term>,
        Behandlung, vorausgesetzt, dass wir arbeitswillig waren. Die Mauer und der elektrische Draht
        brauche uns garnicht zu genieren. Gleich am nächsten Tag gingen wir zur <term
          ref="https://portal.ehri-project.eu/keywords/ehri_terms-556" type="subject">Arbeit</term>
        in Werk. Das <term ref="https://portal.ehri-project.eu/keywords/ehri_terms-832"
          type="subject">Essen</term> war wirklich etwas besser wie in <placeName
          ref="https://portal.ehri-project.eu/keywords/ehri_camps-2" type="camp"
          >Birkenau</placeName>. Morgen 15dkg <term type="subject"
          ref="https://portal.ehri-project.eu/keywords/ehri_terms-832">Brot</term> 2dkg <term
          type="subject" ref="https://portal.ehri-project.eu/keywords/ehri_terms-832"
          >Margarine</term>, Mittags 1/4L <term type="subject"
          ref="https://portal.ehri-project.eu/keywords/ehri_terms-832">Suppe</term> aus <term
          type="subject" ref="https://portal.ehri-project.eu/keywords/ehri_terms-832">Rüben</term>
        und Wasser, bis auf Sonntag, wo es <term type="subject"
          ref="https://portal.ehri-project.eu/keywords/ehri_terms-832">Kartoffelsuppen</term> gab
        und abends wieder 15dkg <term type="subject"
          ref="https://portal.ehri-project.eu/keywords/ehri_terms-832">Brot</term> und 5dkg <term
          type="subject" ref="https://portal.ehri-project.eu/keywords/ehri_terms-832">Salami</term>.
        Doch die <term type="subject" ref="https://portal.ehri-project.eu/keywords/ehri_terms-556"
          >Arbeit</term> im Werk war für <term type="subject"
          ref="https://portal.ehri-project.eu/keywords/ehri_terms-483">viele</term> zu schwer.
        Ausserdem aber, war es sehr dreckige <term
          ref="https://portal.ehri-project.eu/keywords/ehri_terms-556" type="subject">Arbeit</term>
        und zu allem kam noch die Schikane der Meister (<term type="subject"
          ref="https://portal.ehri-project.eu/keywords/ehri_terms-1159">deutscher</term>), für die
        wir eben nur <q>Vieh</q> waren. Dazu kam sehr wenig Schlaf in der Nacht, die zu lange <term
          ref="https://portal.ehri-project.eu/keywords/ehri_terms-556" type="subject"
          >Arbeitszeit</term>, mit nur einer halben Stunde Mittagspause. Das kann ein normaler
        Mensch, wenn er nicht Kräfte wie ein Pferd hat, nicht aushalten. Nach der <term
          ref="https://portal.ehri-project.eu/keywords/ehri_terms-556" type="subject">Arbeit</term>
        ins <term type="subject" ref="https://portal.ehri-project.eu/keywords/ehri_terms-508"
          >Lager</term> angekommen, wurden wir von der <term
          ref="https://portal.ehri-project.eu/keywords/ehri_terms-1216" type="subject">SS</term>,
          <term ref="https://portal.ehri-project.eu/keywords/ehri_terms-485" type="subject"
          >Capos</term> und <term ref="https://portal.ehri-project.eu/keywords/ehri_terms-484"
          type="subject">Blockältesten</term> bis 9 h weiter gepeinigt. So lebten wir von einem Tag
        auf den anderen, sonntags sollte alle 14 Tage frei sein. Für uns sah das so aus, dass wir
        von auswärts den ganzen Vormittag Steine schleppen mussten. Wozu, das wusste nicht einmal
        die <term type="subject" ref="https://portal.ehri-project.eu/keywords/ehri_terms-508"
          >Lagerleitung</term>. Es war einfach Schikane. Doch, Gott sei Dank, die Zeit verging und
        es war bald Weihnachten. 8 Tage vorher teilte man uns mit, dass, wenn wir uns ordentlich
        betragen werden und wenn aus der Fabrik keine Klagen wegen Faulheit der <term
          ref="https://portal.ehri-project.eu/keywords/ehri_terms-483" type="subject"
          >Häftlinge</term> kämen, wir auf Weihnachten 2 Tage vollständig frei haben werden. Auch
        besseres <term ref="https://portal.ehri-project.eu/keywords/ehri_terms-832" type="subject"
          >Essen</term> sollten wir bekommen. Weihnachten kam und wir hatten den ersten Tag wirklich
        frei. Auch gab es dicke <term type="subject"
          ref="https://portal.ehri-project.eu/keywords/ehri_terms-832">Kartoffelsuppe</term> und
          <term type="subject" ref="https://portal.ehri-project.eu/keywords/ehri_terms-832"
          >Pellkartoffeln</term>. Der zweite Tag jedoch verlief nicht so ruhig. Wir lagen gerade auf
        den Betten, als der <term ref="https://portal.ehri-project.eu/keywords/ehri_terms-484"
          type="subject">Lagerälteste</term> hereinkam und schon ein Gewitter über uns losging. Es
        wäre bei uns ein Saustall. 10 Minuten später wurde <term
          ref="https://portal.ehri-project.eu/keywords/ehri_terms-487" type="subject">Apell</term>
        gerufen und es wurde strafweise Steineschleppen angeordnet. Bis 3 h schleppten wir Steine,
        nachher standen wir bis 5 h <term
          ref="https://portal.ehri-project.eu/keywords/ehri_terms-487" type="subject">Apell</term>,
        während unter uns die schmutzigen ausgesucht und mit Schlägen bestraft wurden. Um 1/2 6 h
        bekamen wir endlich unser <term ref="https://portal.ehri-project.eu/keywords/ehri_terms-832"
          type="subject">Mitagessen</term>, gleich darauf <term
          ref="https://portal.ehri-project.eu/keywords/ehri_terms-832" type="subject"
          >Nachtmahl</term> und durften vollständig müde und zerschlagen unsere Betten aufsuchen. So
        sahen bei uns die 2 freien Weihnachtstage aus. Aber, wir waren schon an so manches gewöhnt.
        Was kann man von so bestialischen Wesen wie es die <term type="subject"
          ref="https://portal.ehri-project.eu/keywords/ehri_terms-1159">Deutschen</term> waren schon
        verlangen? Es nahte Neujahr. Die <term type="subject"
          ref="https://portal.ehri-project.eu/keywords/ehri_terms-1159">deutsche</term>
        <term type="subject" ref="https://portal.ehri-project.eu/keywords/ehri_terms-508"
          >Lagerleitung</term> wollte sich wieder menschlich zeigen und gab uns frei. Ich glaube, es
        klingt besser wenn sagt, sie wollten selber frei haben. Um das zu erreichen, mussten sie
        natürlich zuerst uns freigeben. Das neue Jahr begann. Welche Unannehmlichkeiten wird es uns
        bringen? Keiner wusste es. Doch siehe. Es beginnt gut. Unser <term type="subject"
          ref="https://portal.ehri-project.eu/keywords/ehri_terms-508">Lagerleiter</term>
        <persName ref="#ehri_et_moll_otto">Moll</persName>, ehemals Leiter <term type="subject"
          ref="https://portal.ehri-project.eu/keywords/ehri_terms-499">der Vernichtungskammer</term>
        in <placeName ref="https://portal.ehri-project.eu/keywords/ehri_camps-0" type="camp"
          >Auschwitz</placeName> wird versetzt nach <placeName
          ref="https://portal.ehri-project.eu/keywords/ehri_camps-3" type="camp"
          >Buna-Monowitz</placeName>, während wir einen neuen erhalten. Der erste Eindruck in [sic]
        vielversprechend. Er hält eine Rede, in welcher er unter Anderem erklärt, dass bei ihm
        Sonntag nicht <term ref="https://portal.ehri-project.eu/keywords/ehri_terms-556"
          type="subject">gearbeitet</term> wird, dass das <term
          ref="https://portal.ehri-project.eu/keywords/ehri_terms-832" type="subject">Essen</term>
        aufgebessert wird und dass er auch für die vielen <term
          ref="https://portal.ehri-project.eu/keywords/ehri_terms-292" type="subject">Kranken</term>
        besser sorgen wird. Man atmete etwas erleichtert auf. Er war für alle Fälle nicht so wie
          <persName ref="#ehri_et_moll_otto">Moll</persName>, tat wenigstens so, als ob er gute
        Vorsätze hätte. Wie weit er sie erfüllen kann, das wird sich zeigen.</p>

      <pb n="3" facs="EHRI-ET-JMP016_03.jpg"/>

      <p>Und wirklich, am nächsten Sonntag war arbeitsfrei. Auch gab es einmal <term type="subject"
          ref="https://portal.ehri-project.eu/keywords/ehri_terms-832">Milch</term>. Doch all das
        dauerte nicht lange. Am <date when="1945-01-18">18 Jänner</date> kam plötzlich die Schicht
        aus dem Werk und erzählte uns, dass wir im K.B. <term type="subject"
          ref="https://portal.ehri-project.eu/keywords/ehri_terms-292">kranklagen</term>, dass das
        Werk wegen Vormarsches der <orgName
          ref="https://portal.ehri-project.eu/authorities/ehri_cb-004583">Russen</orgName>
        abmontiert werden würde. Das traf uns wie eine Bombe. Jetzt kam die Frage auf, was man mit
        uns machen wird. Es gab 3 Möglichkeiten: 1./ <term
          ref="https://portal.ehri-project.eu/keywords/ehri_terms-541" type="subject"
          >Erschiessen</term>, 2./ den <orgName
          ref="https://portal.ehri-project.eu/authorities/ehri_cb-004583">Russen</orgName>
        überlassen, 3./ <term ref="https://portal.ehri-project.eu/keywords/ehri_terms-623"
          type="subject">Evakuation</term> in das damals noch unbesetzte <term
          ref="https://portal.ehri-project.eu/keywords/ehri_terms-1152" type="subject"
          >Deutschland</term>. Im <term type="subject"
          ref="https://portal.ehri-project.eu/keywords/ehri_terms-508">Lager</term> herrschte große
        Aufregung. Kiener wusste, was in den nächsten Stunden geschieht. Doch da gab man uns
        plötzlich um 4 h Nachmittag <term
          ref="https://portal.ehri-project.eu/keywords/ehri_terms-832" type="subject"
          >Nachtmahl</term> und schickte uns schlafen. Also, man rechnete mit unerwartet schnellem
          <term ref="https://portal.ehri-project.eu/keywords/ehri_terms-517" type="subject"
          >Abmarsch</term>. Und wirklich, um 12 h nachts wurden wir geweckt, mussten uns fertig
        machen und um 6 h morgens ging es los. Wohin, das wusste nicht einmal die <term
          ref="https://portal.ehri-project.eu/keywords/ehri_terms-1216" type="subject"
          >SS-Postenkette</term>. Wir hatten 1 1/2 kg <term type="subject"
          ref="https://portal.ehri-project.eu/keywords/ehri_terms-832">Brot</term> gefasst und 1/2
        kg <term type="subject" ref="https://portal.ehri-project.eu/keywords/ehri_terms-832"
          >Margarine</term>, das sollte das ganze <term
          ref="https://portal.ehri-project.eu/keywords/ehri_terms-832" type="subject">Essen</term>
        für 3 Tage sein. Wir <term ref="https://portal.ehri-project.eu/keywords/ehri_terms-517"
          type="subject">marschierten</term> los. Ohne die geringste Ahnung zu haben, wie lange wir
          <term ref="https://portal.ehri-project.eu/keywords/ehri_terms-517" type="subject"
          >marschieren</term> würden. Nachdem wir 6 Stunden durch Eis und Schnee ohne Rast gingen
        erfuhren wir, dass wir noch 37 km zurücklegen müssen, bis die erste Pause sein wird. Wir
        waren alle <q><distinct type="camp_language">Muselmänner</distinct></q> und wussten, dass –
        wenn es von uns überhaupt jemand schafft – wir noch bis in die Nacht zu <term
          ref="https://portal.ehri-project.eu/keywords/ehri_terms-517" type="subject"
          >marschieren</term> haben. Alle Momente brach jemand zusammen, der dann von der <term
          ref="https://portal.ehri-project.eu/keywords/ehri_terms-1216" type="subject">SS</term>
        <term ref="https://portal.ehri-project.eu/keywords/ehri_terms-541" type="subject"
          >erschossen</term> wurde. So ging es langsam, nach und nach nach <term
          ref="https://portal.ehri-project.eu/keywords/ehri_terms-1152" type="subject"
          >Deutschland</term> hinein. Doch plötzlich, es war um 1 h nachts, tauchte vor uns ein
          <term type="subject" ref="https://portal.ehri-project.eu/keywords/ehri_terms-567"
          >Lager</term> auf. Man trieb uns in das <term type="subject"
          ref="https://portal.ehri-project.eu/keywords/ehri_terms-567">Lager</term> und mehr als
        1000 <term type="subject" ref="https://portal.ehri-project.eu/keywords/ehri_terms-826"
          >Mann</term> wurden in eine nicht zu grosse <term type="subject"
          ref="https://portal.ehri-project.eu/keywords/ehri_terms-837">Baracke</term> gesteckt. Dort
        konnte man nicht richtig liegen, ja kaum stehen. Einer sass auf dem anderen. Es war
        schrecklich. In einem <term type="subject"
          ref="https://portal.ehri-project.eu/keywords/ehri_terms-567">Lager</term> (<placeName
          ref="http://www.geonames.org/3095014/kotlarnia.html">Jakobswalde</placeName>) blieben wir
        bis zum nächsten Vormittag um 11 h, um dann weiter zu <term
          ref="https://portal.ehri-project.eu/keywords/ehri_terms-517" type="subject"
          >marschieren</term>. Mir <term
          ref="https://portal.ehri-project.eu/keywords/ehri_terms-517" type="subject"
          >marschierten</term> ab, Ziel unbekannt. Doch wir merkten, dass irgendetwas nicht stimmte.
        Vor allen Dingen ging es hinten der Front zu. Wir <term
          ref="https://portal.ehri-project.eu/keywords/ehri_terms-517" type="subject"
          >marschierten</term> in scharfen Tempo ohne Pause 12 Stunden und kamen und 11 h nachts in
          <placeName ref="https://portal.ehri-project.eu/keywords/ehri_camps-7" type="camp"
          >Blechhammer</placeName> an. Dort wurden wir von jüdischen <term
          ref="https://portal.ehri-project.eu/keywords/ehri_terms-485" type="subject">Capos</term>
        und <term ref="https://portal.ehri-project.eu/keywords/ehri_terms-484" type="subject"
          >Blockältesten</term> empfangen. Sie waren zu uns sehr freundlich und sagten, dass es
        morgens weiterginge. Wir schliefen jetzt seit 4 Tagen die erste Nacht wieder in <term
          type="subject" ref="https://portal.ehri-project.eu/keywords/ehri_terms-837">Betten</term>.
        Morgens um 4 h trommelte man uns wirklich zum <term
          ref="https://portal.ehri-project.eu/keywords/ehri_terms-487" type="subject">Apell</term>
        und <term ref="https://portal.ehri-project.eu/keywords/ehri_terms-517" type="subject"
          >Abmarsch</term>. Wir jedoch – ein paar hundert, die in den hinteren <term type="subject"
          ref="https://portal.ehri-project.eu/keywords/ehri_terms-837">Baracken</term> lagen – waren
        entschlossen, nicht eher anzutreten, bis uns die <term
          ref="https://portal.ehri-project.eu/keywords/ehri_terms-1216" type="subject">SS</term>
        nicht selbst holen kommt. Und wirklich, wir hatten gut getan. 700 <term type="subject"
          ref="https://portal.ehri-project.eu/keywords/ehri_terms-826">Mann</term> hatten der <term
          ref="https://portal.ehri-project.eu/keywords/ehri_terms-1216" type="subject">SS</term>
        gefolgt und zogen nun mit ihr los. Weil es die <term type="subject"
          ref="https://portal.ehri-project.eu/keywords/ehri_terms-1216">SS</term> ziemlich eilig
        hatte und man schon Dröhnen von der Front hörte, begnügte sich die <term type="subject"
          ref="https://portal.ehri-project.eu/keywords/ehri_terms-1216">SS</term> mit den 700
        freiwillig Angetretenen und überliess uns zur Bestrafung den <orgName
          ref="https://portal.ehri-project.eu/authorities/ehri_cb-004583">Russen</orgName>. Es war
        jedoch noch lange keine Ruhe. In der folgenden Nacht kam ein <term
          ref="https://portal.ehri-project.eu/keywords/ehri_terms-1216" type="subject"
          >SS-Trupp</term> und nahm weitere 400, die neugierig an das Tor gegangen waren, mit. Im
          <term type="subject" ref="https://portal.ehri-project.eu/keywords/ehri_terms-567"
          >Lager</term>, unter den gewesenen <term
          ref="https://portal.ehri-project.eu/keywords/ehri_terms-483" type="subject"
          >Häftlingen</term>, war grosser <term
          ref="https://portal.ehri-project.eu/keywords/ehri_terms-569" type="subject">Hunger</term>,
        der zu grausamen <term ref="https://portal.ehri-project.eu/keywords/ehri_terms-532"
          type="subject">Totschlägen</term> unter den <term
          ref="https://portal.ehri-project.eu/keywords/ehri_terms-483" type="subject"
          >Häftlingen</term> selbst führte. Man stürmte die <term type="subject"
          ref="https://portal.ehri-project.eu/keywords/ehri_terms-832">Brot</term>- und
        Proviantkammer und wer mit <term type="subject"
          ref="https://portal.ehri-project.eu/keywords/ehri_terms-832">Broten</term> beladen
        herauskam, wurde von den Draussenstehenden mit solchen Schlägen und Keulenhieben empfangen,
        dass er bewusstlos oder halbtot liegen blieb. Den Rest gaben ihm die später herauskommenden,
        die auf den Niedergeschlagenen standen und ihre Habe verteidigten. Inzwischen war ein <term
          ref="https://portal.ehri-project.eu/keywords/ehri_terms-1216" type="subject"
          >SS-Vernichtungstrupp</term> erschienen, der sich auf den Wachttürmen verteilte und die
        herumlaufenden Menschen als Zielscheibe benützte. Als sie damit fertig waren und die immer
        näherrückende Front ihnen Angst und Bange machte, versuchten sie noch das <term
          type="subject" ref="https://portal.ehri-project.eu/keywords/ehri_terms-567">Lager</term>
        anzuzünden, was ihnen bis auf 2 <term type="subject"
          ref="https://portal.ehri-project.eu/keywords/ehri_terms-837">Baracken</term> nicht gelang
        und endlich machten sie sich aus dem Staub. Der Anblick im <term type="subject"
          ref="https://portal.ehri-project.eu/keywords/ehri_terms-567">Lager</term> war schrecklich.
        Alle paar Meter ein <term ref="https://portal.ehri-project.eu/keywords/ehri_terms-515"
          type="subject">Toter</term>, hab verkohlt oder verblutet und in der Kälte erstarrt. Es war
        grausam. Die <term ref="https://portal.ehri-project.eu/keywords/ehri_terms-515"
          type="subject">Leichen</term> verbreiteten einen furchtbaren Pestgerucht. So <term
          type="subject" ref="https://portal.ehri-project.eu/keywords/ehri_terms-831">lebten</term>
        wir 2-3 Tage in schrecklicher Angst, der <term type="subject"
          ref="https://portal.ehri-project.eu/keywords/ehri_terms-1152">Deutsche</term> könnte uns
        noch im letzten Moment <term type="subject"
          ref="https://portal.ehri-project.eu/keywords/ehri_terms-541">abschiessen</term>. Wenn auch
        im <term type="subject" ref="https://portal.ehri-project.eu/keywords/ehri_terms-567"
          >Lager</term>
        <pb n="4" facs="EHRI-ET-JMP016_04.jpg"/> selbst mehr keine <term type="subject"
          ref="https://portal.ehri-project.eu/keywords/ehri_terms-1216">SS</term> war, so waren wir
        immer noch im <term type="subject"
          ref="https://portal.ehri-project.eu/keywords/ehri_terms-1152">deutschen</term> Frontgebiet
        und der <orgName ref="https://portal.ehri-project.eu/authorities/ehri_cb-004583"
          >Russe</orgName> liess auf sich warten. Am 5. Tage endlich entdeckte ein Mutiger, der sich
        aus dem <term type="subject" ref="https://portal.ehri-project.eu/keywords/ehri_terms-567"
          >Lager</term> herausgetraut hatte, einen russischen Tank. Der Jubel war riesengross, denn
        keiner von uns hatte daran gedacht überhaupt noch einmal aus den Händen der <term
          type="subject" ref="https://portal.ehri-project.eu/keywords/ehri_terms-1152"
          >deutschen</term> Bestie zu entkommen.</p>

      <p>Podpis:</p>
      <p>
        <persName ref="#ehri_et_arnheim_ulrich">Ulrich Arnheim</persName>
      </p>

      <p>Protokol přijala:</p>
      <p>
        <persName ref="#ehri_et_gerzonova_berta">Berta Gerzonová</persName>
      </p>

      <p>Podpis svědků:</p>
      <p><persName ref="#ehri_et_saxlova_edita">Dita Saxlová</persName>, <persName
          ref="#ehri_et_schickova_helena">Helena Schicková</persName></p>

      <p>Za <term type="subject"
          ref="https://portal.ehri-project.eu/keywords/terezin-terms-keyword-jmp-657">Dokumentační
          akci</term> přijal:</p>
      <p>
        <date when="1945-10-02">2. X. 1945</date>
      </p>
      <p>Za archiv přijal:</p>
      <p>
        <persName ref="#ehri_et_schmiedt_alexander">Alex Schmiedt</persName>
      </p>

      <p>
        <persName ref="#ehri_et_shek_zeev">Scheck</persName>
      </p>
    </body>
  </text>
</TEI>
