<?xml version="1.0" encoding="UTF-8"?>
<?xml-model href="http://www.tei-c.org/release/xml/tei/custom/schema/relaxng/tei_all.rng" type="application/xml" schematypens="http://relaxng.org/ns/structure/1.0"?>
<TEI xmlns="http://www.tei-c.org/ns/1.0" xml:id="EHRI-ET-JMP002_CS">
  <teiHeader>
    <fileDesc>
      <titleStmt>
        <title>Steiner, Jiří; Steiner, Zdeněk: Terezín, Osvětim (protokol č. 18)</title>
      </titleStmt>
      <editionStmt>
        <edition>EHRI Edition of Early Holocaust Testimony</edition>
        <author>
          <persName>Michal Frankl</persName>
        </author>
        <author>
          <persName>Magdalena Sedlická</persName>
        </author>
        <author>
          <persName>Wolfgang Schellenbacher</persName>
        </author>
      </editionStmt>
      <publicationStmt>
        <publisher>
          <ref target="https://www.ehri-project.eu/">European Holocaust Research
            Infrastructure</ref>
        </publisher>
        <availability>
          <licence target="http://creativecommons.org/licenses/by-sa/4.0/">Attribution-ShareAlike
            4.0 International</licence>
        </availability>

      </publicationStmt>
      <sourceDesc>
        <msDesc>
          <msIdentifier>
            <country ref="https://portal.ehri-project.eu/countries/cz">Czech Republic</country>
            <repository ref="https://portal.ehri-project.eu/institutions/cz-002279">Jewish Museum in
              Prague</repository>
            <collection ref="https://portal.ehri-project.eu/units/cz-002279-collection_jmp_shoah_dp"
              >Documents of Persecution</collection>
            <idno>inventory number 80 (Memoirs, and literary and expert accounts of the persecution
              period, written after the war)</idno>

          </msIdentifier>
          <physDesc/>
        </msDesc>
        <bibl>JMP, DP, inv. no 80 <textLang mainLang="cs">Original in Czech.</textLang></bibl>


      </sourceDesc>
    </fileDesc>
    <profileDesc>
      <creation><date when="1945-09-04">4. 9. 1945</date>, <term type="subject"
          ref="https://portal.ehri-project.eu/keywords/terezin-terms-keyword-jmp-657">Dokumentační
          akce</term>, <persName ref="#ehri_et_steiner_jiri">Jiří Steiner</persName>, <persName
          ref="#ehri_et_steiner_zdenek">Zdeněk Steiner</persName>
        <placeName ref="http://www.geonames.org/3067696/prague.html">Prague</placeName>
        <idno>EHRI-ET-JMP002</idno></creation>

      <textClass>
        <keywords>
          <term>testimony</term>
        </keywords>
      </textClass>

      <langUsage>
        <language ident="cs">Czech</language>
      </langUsage>

      <abstract>
        <p>Testimony of Zdeněk and Jiří Steiner, which became part of the Documentation campaign,
          Prague. Brothers were deported from Prague to the Theresienstadt ghetto in September 1943,
          from where they were sent to the so called family camp in Auschwitz-Birkenau. Most of the
          prisoners, who arrived to Auschwitz in this particular transport were murdered half a year
          later, in March 1944. Jiří and Zdeněk Steiner survived due to the fact, that they were
          twin brothers and therefore became subject of Nazi medical experiments in the camp.</p>
      </abstract>

    </profileDesc>
  </teiHeader>
  <text>
    <body>
      <pb n="1" facs="EHRI-ET-JMP002_01.jpg"/>
      <p rend="letter-spacing: +2px">Protokol</p>

      <p>sepsaný se <persName ref="#ehri_et_steiner_zdenek">Zdenkem</persName> a <persName
          ref="#ehri_et_steiner_jiri">Jiřím <hi rend="letter-spacing: +2px"
          >Steinerovými</hi></persName>, nar. <date when="1929-05-20">20. 5. 1929</date>
          v <placeName ref="http://www.geonames.org/3067696/prague.html">Praze</placeName>,
        příslušnými do <placeName ref="http://www.geonames.org/3067696/prague.html"
          >Prahy</placeName>, bývalými <term type="subject"
          ref="https://portal.ehri-project.eu/keywords/ehri_terms-483">vězni</term> z <term
          ref="https://portal.ehri-project.eu/keywords/ehri_terms-496" type="subject">koncentračních
          táborů</term> v <placeName ref="https://portal.ehri-project.eu/keywords/ehri_ghettos-449"
          type="ghetto">Terezíně</placeName> a <placeName type="camp"
          ref="https://portal.ehri-project.eu/keywords/ehri_camps-0">Osvětině</placeName>, bytem
          v <placeName ref="http://www.geonames.org/3067696/prague.html">Praze XI.</placeName>,
          <placeName ref="http://www.geonames.org/3067696/prague.html">Vratislavova 13</placeName>,
        národnosti <term type="subject" ref="#ehri_et_nationalities_czechs">české</term>.</p>

      <p><term ref="https://portal.ehri-project.eu/keywords/ehri_terms-518" type="subject"
          >Odjeli</term> jsme z <placeName ref="http://www.geonames.org/3067696/prague.html"
          >Prahy</placeName> do <placeName
          ref="https://portal.ehri-project.eu/keywords/ehri_ghettos-449" type="ghetto"
          >Terezína</placeName> dne <date when="1942-12-22">22. 12. 1942</date> spolu s <term
          type="subject" ref="https://portal.ehri-project.eu/keywords/ehri_terms-819">rodiči</term>
        a větší částí <term type="subject"
          ref="https://portal.ehri-project.eu/keywords/ehri_terms-819">příbuzenstva</term>. 8 ½
        měsíců jsme byli v <placeName ref="https://portal.ehri-project.eu/keywords/ehri_ghettos-449"
          type="ghetto">Terezíně</placeName>, kde se nám vedlo jakž, takž. Z <placeName
          ref="https://portal.ehri-project.eu/keywords/ehri_ghettos-449" type="ghetto"
          >Terezína</placeName> jsme <term
          ref="https://portal.ehri-project.eu/keywords/terezin-terms-keyword-jmp-267" type="subject"
          >odjeli</term> dne <date when="1943-09-06">6. září 1943</date> a po útrapné dvoudenní
        cestě přistáli jsme konečně na Neu-berunském nádraží. Odtamtud nás odvedli do <term
          ref="https://portal.ehri-project.eu/keywords/ehri_terms-496" type="subject">koncentračního
          tábora</term> v <placeName type="camp"
          ref="https://portal.ehri-project.eu/keywords/ehri_camps-2">Birkenau</placeName>. Bylo nám
        řečeno, že se jedná jen o <term
          ref="https://portal.ehri-project.eu/keywords/terezin-terms-keyword-jmp-168" type="subject"
          >karanténu</term>. Po obvyklých ceremoniích, jako koupel, tetování (dostali jsme číslo
        147742 a 147743), navlečení do starých <term type="subject"
          ref="https://portal.ehri-project.eu/keywords/ehri_terms-836">hader</term> (<term
          ref="https://portal.ehri-project.eu/keywords/ehri_terms-824" type="subject">děti</term>
        třeba do <term type="subject" ref="https://portal.ehri-project.eu/keywords/ehri_terms-836"
          >šatstva</term>
        <term ref="https://portal.ehri-project.eu/keywords/ehri_terms-483" type="subject"
          >dospělých</term>) byli jsme <term type="subject"
          ref="https://portal.ehri-project.eu/keywords/ehri_terms-837">ubytováni</term> v <term
          ref="https://portal.ehri-project.eu/keywords/terezin-terms-keyword-jmp-594" type="subject"
          >táboře B II b</term>, kde jsme strávili celých 6 měsíců. Tam jsme zažili mnoho. Zásluhou
          <persName
          ref="https://portal.ehri-project.eu/authorities/terezin-victims-person-iti-1459810"
          type="victim">Fredyho Hirsche</persName> byl zřízen <term
          ref="https://portal.ehri-project.eu/keywords/terezin-terms-keyword-jmp-595" type="subject"
          >dětský domov</term>. Nám <term
          ref="https://portal.ehri-project.eu/keywords/ehri_terms-824" type="subject">dětem</term>
        se vedlo o něco lépe než <term ref="https://portal.ehri-project.eu/keywords/ehri_terms-483"
          type="subject">dospělým</term>, protože jsme nemuseli chodit do <term
          ref="https://portal.ehri-project.eu/keywords/ehri_terms-556" type="subject">práce</term>,
          <term ref="https://portal.ehri-project.eu/keywords/ehri_terms-832" type="subject"
          >strava</term> byla o něco lepší a později i <term type="subject"
          ref="https://portal.ehri-project.eu/keywords/ehri_terms-836">šatstvo</term>. Tak plynul
        život v <placeName ref="https://portal.ehri-project.eu/keywords/ehri_camps-2" type="camp"
          >birkenauském</placeName>
        <term ref="https://portal.ehri-project.eu/keywords/terezin-terms-keyword-jmp-595"
          type="subject">dětském táboře</term> za hrozně těžkých <term type="subject"
          ref="https://portal.ehri-project.eu/keywords/ehri_terms-831">podmínek</term>. V <date
          when="1943-12">prosinci</date> došel <term
          ref="https://portal.ehri-project.eu/keywords/ehri_terms-287" type="subject">lékař</term>.
        (V každém <term type="subject" ref="https://portal.ehri-project.eu/keywords/ehri_terms-567"
          >táboře</term> byl <term type="subject"
          ref="https://portal.ehri-project.eu/keywords/ehri_terms-491">barák</term> pro <term
          ref="https://portal.ehri-project.eu/keywords/ehri_terms-292" type="subject">nemocné</term>
        a nad několika takovými <term type="subject"
          ref="https://portal.ehri-project.eu/keywords/ehri_terms-491">baráky</term> byl vždy jeden
        německý <term ref="https://portal.ehri-project.eu/keywords/ehri_terms-287" type="subject"
          >lékař</term>, který obyčejně mnoho neuměl, jedině, jak přivést co možná nejvíce lidí do
        hrobu.) Kývnutím prstu rozhodoval Dr. <persName
          ref="https://portal.ehri-project.eu/authorities/ehri_pers-000569">Mengele</persName> o
        životě a smrti, jako ve starověku Nero. Tento pověstný <term
          ref="https://portal.ehri-project.eu/keywords/ehri_terms-287" type="subject">lékař</term>
        zajímal se velice o nás <term type="subject"
          ref="https://portal.ehri-project.eu/keywords/ehri_terms-495">dvojčata</term>, což bylo
        vlastně naší záchranou přesto, že jsme strašně mnoho prodělali. Jednou se Dr. <persName
          ref="https://portal.ehri-project.eu/authorities/ehri_pers-000569">Mengele</persName>
        podíval na nás blíže, pak ale <term
          ref="https://portal.ehri-project.eu/keywords/ehri_terms-292" type="subject"
          >onemocněl</term> na skvrnitý <term
          ref="https://portal.ehri-project.eu/keywords/ehri_terms-493" type="subject">tyf</term>.
        Našimi mučiteli byli mimo něj ještě <term
          ref="https://portal.ehri-project.eu/keywords/ehri_terms-1216" type="subject">SSák</term>
        <persName ref="#ehri_et_buntrock_fritz">Buntrock</persName>, který nejraději bil <term
          ref="https://portal.ehri-project.eu/keywords/ehri_terms-824" type="subject">děti</term>.
        Jeden z <term ref="https://portal.ehri-project.eu/keywords/ehri_terms-1216" type="subject"
          >SSmanů</term>, pravděpodobně nějaký <term type="subject"
          ref="#ehri_et_nationalities_russians">ruský</term> vyzvědač, který dopomohl jednomu
        z našich lidí k <term ref="https://portal.ehri-project.eu/keywords/ehri_terms-204"
          type="subject">útěku</term>, byl po svém návratu <term
          ref="https://portal.ehri-project.eu/keywords/ehri_terms-541" type="subject"
          >zastřelen</term> jinými <term
          ref="https://portal.ehri-project.eu/keywords/ehri_terms-1216" type="subject"
        >SSáky</term>.</p>


      <p>Mezitím přišel osudný <date when="1944-03">březen</date>, který nám vzal <term
          type="subject" ref="https://portal.ehri-project.eu/keywords/ehri_terms-819">rodiče</term>
        a všechny milé, to jediné, co jsme v životě ještě měli. Již začátkem <date when="1944-03"
          >měsíce</date> se proslýchalo, že celý <term
          ref="https://portal.ehri-project.eu/keywords/terezin-terms-keyword-jmp-267" type="subject"
          >transport</term>, který přijel v <date when="1943-09">září 1943</date>, pojede do <term
          ref="https://portal.ehri-project.eu/keywords/ehri_terms-508" type="subject">pracovního
          tábora</term> v <placeName
          ref="https://portal.ehri-project.eu/keywords/terezin-places-place-iti-211"
          >Heidebreck</placeName>. A skutečně. <date when="1944-03-05">5. března</date> byly nám
        rozdány <term ref="https://portal.ehri-project.eu/keywords/terezin-terms-keyword-jmp-716"
          type="subject">korespondenční</term> lístky, na kterých jsme svým příbuzným museli napsat,
        že jsme zdrávi a že se nám vede dobře. Tyto <term
          ref="https://portal.ehri-project.eu/keywords/terezin-terms-keyword-jmp-716" type="subject"
          >lístky</term> šly s datem <date when="1944-03-25">25</date>. – <date when="1944-03-27"
          >27. března</date>. O našem odjezdu jsme nesměli vůbec psát. <date when="1944-03-06">6.
          března</date> ráno, po obvyklém : <q><foreign xml:lang="de">Blockälteste
            antreten</foreign></q> přišel rozkaz, že celý <term type="subject"
          ref="https://portal.ehri-project.eu/keywords/ehri_terms-521">transport</term> musí ihned
        nastoupit v dolejší části <term ref="https://portal.ehri-project.eu/keywords/ehri_terms-496"
          type="subject">tábora</term>. Odtud nás odvedli do <term type="subject"
          ref="https://portal.ehri-project.eu/keywords/ehri_terms-496">tábora</term>
        <placeName ref="https://portal.ehri-project.eu/keywords/ehri_camps-2">B II a</placeName>.
        Proslýchalo se všechno možné, n.př., že se nejedná o <term
          ref="https://portal.ehri-project.eu/keywords/ehri_terms-508" type="subject">pracovní
          transport</term>, nýbrž o <term
          ref="https://portal.ehri-project.eu/keywords/ehri_terms-499" type="subject">komín</term>,
        ale nevěřili jsme tomu, protože jsme to považovali za nemožné. Čekali jsme celý den a večer
        nám bylo řečeno, že <term type="subject"
          ref="https://portal.ehri-project.eu/keywords/ehri_terms-521">transport</term> nemůže
        odjet, protože má být <term
          ref="https://portal.ehri-project.eu/keywords/terezin-terms-keyword-jmp-148" type="subject"
          >vyreklamováno</term> 100 <term
          ref="https://portal.ehri-project.eu/keywords/ehri_terms-483" type="subject">osob</term>.
        Tato zpráva způsobila, že se strašně zhoršila nálada. Hrozná noc beze spánku otřásla strašně
        našima nervama. <term type="subject"
          ref="https://portal.ehri-project.eu/keywords/ehri_terms-483">Lidé</term>, nejvyšší mírou
        rozrušeni, nevěnovali se teď už ničemu, každý si přál jen ukončení té nejistoty, <date
          when="1944-03-07">7. března</date> v poledne volání: <q><foreign xml:lang="de">Ordnung am
            Block, Raportführer <persName ref="#ehri_et_buntrock_fritz">Buntrock</persName>
            geht</foreign></q>. A skutečně vstoupil, četl jména několika <term
          ref="https://portal.ehri-project.eu/keywords/ehri_terms-287" type="subject">lékařů</term>,
        a pak jsme slyšeli svá jména. Strašně jsme se lekli, protože <persName
          ref="http://www.holocaust.cz/databaze-obeti/obet/126948-pavel-steiner/" type="victim"
          >otcovo</persName> jméno nebylo čteno a <persName
          ref="http://www.holocaust.cz/databaze-obeti/obet/126732-jana-steinerova/" type="victim"
          >matka</persName> nebyla na bloku. <persName ref="#ehri_et_buntrock_fritz"
          >Buntrock</persName> ujistil <persName
          ref="http://www.holocaust.cz/databaze-obeti/obet/126948-pavel-steiner/" type="victim"
          >otce</persName>, že se do večera shledáme, a byli jsme odvedeni do <term
          ref="https://portal.ehri-project.eu/keywords/ehri_terms-491" type="subject"
          >Krankenbau</term>
        <term type="subject" ref="https://portal.ehri-project.eu/keywords/ehri_terms-496"
          >tábora</term>
        <term ref="https://portal.ehri-project.eu/keywords/terezin-terms-keyword-jmp-594"
          type="subject">B II b</term>. Tam teprve jsme se dověděli, oč se jedná. Bylo nás <term
          type="subject" ref="https://portal.ehri-project.eu/keywords/ehri_terms-495">dvojčat</term>
        a <term ref="https://portal.ehri-project.eu/keywords/ehri_terms-287" type="subject"
          >lékařů</term> dohromady 32 <term type="subject"
          ref="https://portal.ehri-project.eu/keywords/ehri_terms-483">osob</term>. Nás <term
          type="subject" ref="https://portal.ehri-project.eu/keywords/ehri_terms-495"
          >dvojčata</term>
        <term ref="https://portal.ehri-project.eu/keywords/terezin-terms-keyword-jmp-148"
          type="subject">vyreklamoval</term>
        <persName ref="https://portal.ehri-project.eu/authorities/ehri_pers-000569"
          >Mengele</persName>, protože měl o nás zájem, jak již bylo řečeno. Příštího dne se přišel
        na nás podívat. Když jsme mu sdělili, že naši <term type="subject"
          ref="https://portal.ehri-project.eu/keywords/ehri_terms-819">rodiče</term> odjeli <term
          type="subject" ref="https://portal.ehri-project.eu/keywords/ehri_terms-521"
          >transportem</term>, řekl: <q><foreign xml:lang="de">Schade</foreign></q>. Mezitím jsme
        ale zjistili, že v noci odjela auta <pb n="2" facs="EHRI-ET-JMP002_02.jpg"/> směrem ke <term
          ref="https://portal.ehri-project.eu/keywords/ehri_terms-501" type="subject"
          >krematoriu</term>. <term
          ref="https://portal.ehri-project.eu/keywords/terezin-terms-keyword-jmp-594" type="subject"
          >Tábor</term> byl prázdný a jen z komína <term
          ref="https://portal.ehri-project.eu/keywords/ehri_terms-501" type="subject"
          >krematoria</term> šlehaly plameny. Na tento obraz nikdy nezapomeneme. Přesto jsme
        nevěřili, že naši <term type="subject"
          ref="https://portal.ehri-project.eu/keywords/ehri_terms-819">rodiče</term> již <term
          type="subject" ref="https://portal.ehri-project.eu/keywords/ehri_terms-745">nežijí</term>.
        Časem ale jsme se přece dověděli pravdu od jednoho <term
          ref="https://portal.ehri-project.eu/keywords/ehri_terms-287" type="subject">lékaře</term>,
        člena <term ref="https://portal.ehri-project.eu/keywords/ehri_terms-1391" type="subject"
          >Sonderkommanda</term>, který k této <term
          ref="https://portal.ehri-project.eu/keywords/ehri_terms-556" type="subject">práci</term>
        byl přinucen. Den na to přijel <persName
          ref="https://portal.ehri-project.eu/authorities/ehri_pers-000569">Mengele</persName> a
        převezl nás autem do <placeName ref="https://portal.ehri-project.eu/keywords/ehri_camps-2"
          >cikánského tábora</placeName>, kde měl svou stanici. Tam nás přesně změřil, zvážil,
        změřil délku a šířku prstů a nehtů, délku a šířku nosu a vůbec všeho, co se změřit a zvážit
        dalo. Zapsal si taky odstín barvy vlasů a pleti, důkladně nás prohlédl, vzal nám otisky
        prstů na rukou i nohou. Tuto práci konal sám, nikomu ji nesvěřil. Pak nás dali do <term
          ref="https://portal.ehri-project.eu/keywords/ehri_terms-491" type="subject"
          >Krankenbau</term> a život plynul dále. Dostali jsme 2 litry <term
          ref="https://portal.ehri-project.eu/keywords/ehri_terms-832" type="subject">polévky</term>
        denně, jinak byla <term ref="https://portal.ehri-project.eu/keywords/ehri_terms-832"
          type="subject">strava</term> jako před tím. Byli jsme taky fotografováni a roentgenováni.
        Nervy, oči, zuby a uši nám museli prohlédnout naši, židovští <term
          ref="https://portal.ehri-project.eu/keywords/ehri_terms-287" type="subject">lékaři</term>,
        kteří za správnost prohlídky ručili životem.</p>

      <p><date when="1944-07-01">1. 7.</date> šel první <term
          ref="https://portal.ehri-project.eu/keywords/ehri_terms-556" type="subject"
          >pracovní</term>
        <term type="subject" ref="https://portal.ehri-project.eu/keywords/ehri_terms-521"
          >transport</term> z <term type="subject"
          ref="https://portal.ehri-project.eu/keywords/ehri_terms-496">tábora</term>
        <term ref="https://portal.ehri-project.eu/keywords/terezin-terms-keyword-jmp-594"
          type="subject">B II b</term>. Mezitím přijel v <date when="1944-05">květnu</date> ještě
        jeden <term ref="https://portal.ehri-project.eu/keywords/terezin-terms-keyword-jmp-267"
          type="subject">transport</term> z <placeName
          ref="https://portal.ehri-project.eu/keywords/ehri_ghettos-449" type="ghetto"
          >Terezína</placeName>, 7 ½ tisíc <term type="subject"
          ref="https://portal.ehri-project.eu/keywords/ehri_terms-483">lidí</term>. V <term
          ref="https://portal.ehri-project.eu/keywords/terezin-terms-keyword-jmp-594" type="subject"
          >táboře</term> bylo tehdy 12.500 <term type="subject"
          ref="https://portal.ehri-project.eu/keywords/ehri_terms-483">osob</term> a z toho jelo na
          <term ref="https://portal.ehri-project.eu/keywords/ehri_terms-556" type="subject"
          >práci</term> 3.000. Všichni ostatní byli <term
          ref="https://portal.ehri-project.eu/keywords/ehri_terms-501" type="subject">spálení</term>
        ve 2 nocech. My jsme byli převezení do <placeName type="camp"
          ref="https://portal.ehri-project.eu/keywords/ehri_camps-2">B II f</placeName>. V novém
          <placeName ref="https://portal.ehri-project.eu/keywords/ehri_camps-2">táboře</placeName>
        nám <term ref="https://portal.ehri-project.eu/keywords/ehri_terms-495" type="subject">brali
          krev</term>, což našim zesláblým tělům nedělalo vůbec dobře. Jeden strašný zážitek nám
        utkvěl v paměti: Jeden z našich mučitelů, <term type="subject"
          ref="https://portal.ehri-project.eu/keywords/ehri_terms-496">táborový</term>
        <term ref="https://portal.ehri-project.eu/keywords/ehri_terms-287" type="subject"
          >lékař</term>
        <persName ref="https://portal.ehri-project.eu/authorities/ehri_pers-001165">Thilo</persName>
        dělal <term ref="https://portal.ehri-project.eu/keywords/ehri_terms-411" type="subject"
          >selekci</term>, tj. výběr <term type="subject"
          ref="https://portal.ehri-project.eu/keywords/ehri_terms-483">lidí</term> pro <term
          ref="https://portal.ehri-project.eu/keywords/ehri_terms-501" type="subject"
          >krematorium</term> a napsal nás taky. Pocit, který jsme při tom měli, se nedá vůbec
        popsat. Na štěstí se o tom dověděl <persName
          ref="https://portal.ehri-project.eu/authorities/ehri_pers-000569">Mengele</persName> a
        zachránil nás, protože nás ještě potřeboval.</p>


      <p>Blížila se fronta a v <placeName type="camp"
          ref="https://portal.ehri-project.eu/keywords/ehri_camps-2">táboře</placeName> zavládla
        lepší nálada. V té době jsem se stal <distinct type="camp_language">Piplem</distinct>
          v <term ref="https://portal.ehri-project.eu/keywords/ehri_terms-491" type="subject"
          >Krankenbau</term>, tj. běžcem, takže se mi materiálně vedlo o něco lépe. Pak přišla zima
        a nový rok, který byl už o něco radostnější, jelikož někdy bylo slyšet už dunění děl.
        Proslýchalo se o likvidaci <placeName
          ref="https://portal.ehri-project.eu/keywords/ehri_camps-2">tábora</placeName>, ale stále
        k tomu nedocházelo. Konečně <date when="1945-01-16">16. ledna</date> odvedli první <term
          ref="https://portal.ehri-project.eu/keywords/ehri_terms-517" type="subject">transport
          pěšky</term> z <placeName ref="https://portal.ehri-project.eu/keywords/ehri_camps-2"
          >Birkenau</placeName>. Na to několik rozčilujících dnů, jelikož šel <term type="subject"
          ref="https://portal.ehri-project.eu/keywords/ehri_terms-521">transport</term> za <term
          type="subject" ref="https://portal.ehri-project.eu/keywords/ehri_terms-521"
          >transportem</term>. Šlo se dobrovolně a nás <term
          ref="https://portal.ehri-project.eu/keywords/ehri_terms-824" type="subject">děti</term>
        nechali nakonec, taky proto, že jsme jít nechtěly. 60 km se šlo <term
          ref="https://portal.ehri-project.eu/keywords/ehri_terms-517" type="subject">pěšky</term>
        za zimy a mrazu, špatně <term type="subject"
          ref="https://portal.ehri-project.eu/keywords/ehri_terms-836">oblečeni</term> a za <term
          type="subject" ref="https://portal.ehri-project.eu/keywords/ehri_terms-569">hladu</term>.
        Čekali jsme, jelikož nám bylo řečeno, že pro nás přijedou <term type="subject"
          ref="https://portal.ehri-project.eu/keywords/ehri_terms-522">vlaky</term>. A tak jsme se
        dočkali <date when="1945-01-20">20. ledna</date>, ve který den poslední <term
          ref="https://portal.ehri-project.eu/keywords/ehri_terms-1216" type="subject">SSman</term>
        opustil <placeName ref="https://portal.ehri-project.eu/keywords/ehri_camps-2" type="camp"
          >tábor</placeName>. Teď začla pro nás krásná doba. Šli jsme, kam jsme chtěli, <term
          type="subject" ref="https://portal.ehri-project.eu/keywords/ehri_terms-832">jedli</term>
        jsme, co jsme chtěli, a dělali taky, co nám napadlo. Prohlédli jsme si tábor <term
          ref="https://portal.ehri-project.eu/keywords/ehri_terms-1216" type="subject">SSáků</term>,
        zkrátka, měli jsme se dobře. 5 dní jsme byli bez dozoru. Poté se objevila skupina SD – manů,
        kteří nás ještě chtěli <term ref="https://portal.ehri-project.eu/keywords/ehri_terms-541"
          type="subject">odpravit</term>, ale nedostali se již k tomu. I oni prchli, a tak jsme tam
        zůstali do <date when="1945-01-27">27. ledna</date>, kdy nás <term
          ref="https://portal.ehri-project.eu/keywords/ehri_terms-573" type="subject">zabrala</term>
        vítězná <orgName ref="https://portal.ehri-project.eu/authorities/ehri_cb-004583">Rudá
          armáda</orgName>.</p>

      <p><date when="1945-03-27">27. března</date> nás převzala <term type="subject"
          ref="#ehri_et_nationalities_czechs">česká</term>
        <term ref="https://portal.ehri-project.eu/keywords/terezin-terms-keyword-jmp-779"
          type="subject">Svobodova armáda</term>, s kterou jsme přijeli taky do <placeName
          ref="http://www.geonames.org/3067696/prague.html">Prahy</placeName>. Z celé <term
          type="subject" ref="https://portal.ehri-project.eu/keywords/ehri_terms-819">rodiny</term>
        18ti osob nás zůstalo na živu 3.</p>

      <p>Protokol přijal: <persName ref="#ehri_et_gerzonova_berta">Berta Gerzonová</persName>
        Podpis :</p>
      <p>
        <persName ref="#ehri_et_steiner_jiri">Jiří Steiner</persName>
      </p>
      <p>
        <persName ref="#ehri_et_steiner_zdenek">Zdeněk Steiner</persName>
      </p>

      <p>Za <term ref="https://portal.ehri-project.eu/keywords/terezin-terms-keyword-jmp-657"
          type="subject">dokumentační akci</term> přijal: <date when="1945-09-04">4. IX. 1945</date>
        <persName ref="#ehri_et_shek_zeev">Scheck</persName></p>
      <p>Za archiv přijal : <persName ref="#ehri_et_schmiedt_alexander">Alex.
        Schmiedt</persName></p>
    </body>
  </text>
</TEI>
