<?xml version="1.0" encoding="UTF-8"?>
<?xml-model href="http://www.tei-c.org/release/xml/tei/custom/schema/relaxng/tei_all.rng" type="application/xml" schematypens="http://relaxng.org/ns/structure/1.0"?>
<TEI xmlns="http://www.tei-c.org/ns/1.0" xml:id="EHRI-ET-JMP007_CS">
  <teiHeader>
    <fileDesc>
      <titleStmt>
        <title>Scheck, Zeev: děti v Terezíně (český překlad)</title>
      </titleStmt>
      <editionStmt>
        <edition>EHRI Edition of Early Holocaust Testimony</edition>
        <author>
          <persName>Michal Frankl</persName>
        </author>
        <author>
          <persName>Magdalena Sedlická</persName>
        </author>
        <author>
          <persName>Wolfgang Schellenbacher</persName>
        </author>
      </editionStmt>
      <publicationStmt>
        <publisher>
          <ref target="https://www.ehri-project.eu/">European Holocaust Research
            Infrastructure</ref>
        </publisher>
        <availability>
          <licence target="http://creativecommons.org/licenses/by-sa/4.0/">Attribution-ShareAlike
            4.0 International</licence>
        </availability>

      </publicationStmt>
      <sourceDesc>
        <msDesc>
          <msIdentifier>
            <country ref="https://portal.ehri-project.eu/countries/cz">Czech Republic</country>
            <repository ref="https://portal.ehri-project.eu/institutions/cz-002279">Jewish Museum in
              Prague</repository>
            <collection ref="https://portal.ehri-project.eu/units/cz-002279-collection_jmp_shoah_t"
              >Terezín</collection>
            <idno>inventory number 343 (Testimonies, scholarly papers and artworks dating from after
              the liberation)</idno>

          </msIdentifier>
          <physDesc/>
        </msDesc>
        <bibl>JMP, T, inv. no 343 <textLang mainLang="cs">Original is in German. Protocol is a Czech
            translation.</textLang></bibl>
      </sourceDesc>
    </fileDesc>
    <profileDesc>
      <creation><date when="1946-01-29">29. 1. 1946</date>, <term type="subject"
          ref="https://portal.ehri-project.eu/keywords/terezin-terms-keyword-jmp-657">Dokumentační
          akce</term>, <persName ref="#ehri_et_shek_zeev">Zeev Scheck</persName>, <placeName
          ref="http://www.geonames.org/3067696/prague.html">Prague</placeName>
        <idno>EHRI-ET-JMP007</idno></creation>

      <textClass>
        <keywords>
          <term>testimony</term>
        </keywords>
      </textClass>

      <langUsage>
        <language ident="cs">Czech</language>
      </langUsage>
      <abstract>
        <p>Testimony of Zeev Scheck, the initiator of the Documentation campaign, Prague. Scheck
          describes the situation of children in the Theresienstadt ghetto. He is pointing out the
          role of Egon Redlich and Fredy Hirsch on the educational system of the ghetto, which he
          explains in detail. Most of the children in Terezín were placed into so-called children´s
          and youth homes, run by teachers and tutors, who looked after the mental and physical
          development of the children and offered them a purposeful use of their free time. Scheck
          also offers a brief statistic related to the children prisoners of the ghetto.</p>
      </abstract>


    </profileDesc>
  </teiHeader>
  <text>
    <body>

      <pb n="1" facs="EHRI-ET-JMP007_01.jpg"/>
      <p>
        <term ref="https://portal.ehri-project.eu/keywords/ehri_terms-824" type="subject"
          >Děti</term>
      </p>
      <p><term ref="https://portal.ehri-project.eu/keywords/ehri_terms-824" type="subject"
          >Děti</term> přijely do <placeName
          ref="https://portal.ehri-project.eu/keywords/ehri_ghettos-449" type="ghetto"
          >Terezína</placeName> hned prvními <term
          ref="https://portal.ehri-project.eu/keywords/terezin-terms-keyword-jmp-268" type="subject"
          >transporty</term> z <placeName ref="http://www.geonames.org/3078610/brno.html"
          >Brna</placeName> a <placeName ref="http://www.geonames.org/3067696/prague.html"
          >Prahy</placeName> v roku <date when="1941">1941</date>. Zásluhou <persName
          ref="https://portal.ehri-project.eu/authorities/terezin-victims-person-iti-1753649"
          type="victim">Gondy Redlicha</persName> a <persName
          ref="https://portal.ehri-project.eu/authorities/terezin-victims-person-iti-1459810"
          type="victim">Fredy Hirsche</persName>, kteří věrni tradici hnutí <term
          ref="https://portal.ehri-project.eu/keywords/ehri_terms-824" type="subject"
        >mládeže</term>, z kterého vyšli, ihned se ujali těchto <term
          ref="https://portal.ehri-project.eu/keywords/ehri_terms-824" type="subject">dětí</term> a
        prosazovali pro ně v nejhorším lepší podmínky, vznikly brzo první speciální místnosti pro
          <term ref="https://portal.ehri-project.eu/keywords/ehri_terms-824" type="subject"
          >děti</term> a později v <date when="1942-02">únoru 1942</date> první <term
          ref="https://portal.ehri-project.eu/keywords/terezin-terms-keyword-jmp-190" type="subject"
          >dětský domov</term>. A našlo se také několik lidí ve vedení <placeName
          ref="https://portal.ehri-project.eu/keywords/ehri_ghettos-449" type="ghetto"
          >ghetta</placeName>, kteří pochopili zodpovědnost, kterou jsme vůči <term
          ref="https://portal.ehri-project.eu/keywords/ehri_terms-824" type="subject">dětem</term>
        měli a snažili se jim život v <placeName
          ref="https://portal.ehri-project.eu/keywords/ehri_ghettos-449" type="ghetto"
          >ghettě</placeName> všemožně ulehčit. Byl to především opět náš <persName
          ref="https://portal.ehri-project.eu/authorities/terezin-victims-person-iti-1296855"
          type="victim">Jakub Edelstein</persName>, který v těžké a zodpovědné diskusi v <orgName
          ref="https://portal.ehri-project.eu/authorities/ehri_cb-512">Radě starších</orgName>, kde
        se jednalo o zásadu, komu má být <term
          ref="https://portal.ehri-project.eu/keywords/ehri_terms-832" type="subject"
          >krajíček</term> zkrácen a komu přidán, odvážnou a jasnou analysou přispěl k rozhodnutí ve
        prospěch <term ref="https://portal.ehri-project.eu/keywords/ehri_terms-824" type="subject"
          >dětí</term>, snad trochu nezvyklému a krutému, v neprospěch <term
          ref="https://portal.ehri-project.eu/keywords/terezin-terms-keyword-jmp-274" type="subject"
          >starých</term>, ale z tehdejšího hlediska jedinému správnému; ve prospěch lepší
        budoucnosti židovského národa. A toto rozhodnutí <orgName
          ref="https://portal.ehri-project.eu/authorities/ehri_cb-512">Rady starších</orgName>
        jakoby se přenášelo do všech <term
          ref="https://portal.ehri-project.eu/keywords/ehri_terms-837" type="subject"
        >ubikací</term>, kuchyní a ulic, všude byly <term
          ref="https://portal.ehri-project.eu/keywords/ehri_terms-824" type="subject">děti</term>
        zahrnovány zvláštní péčí, všude jim byly poskytovány výhody a byl-li v <placeName
          ref="https://portal.ehri-project.eu/keywords/ehri_ghettos-449" type="ghetto"
          >Terezíně</placeName> možný radostný pohled, byl to pohled na radostně si hrající <term
          ref="https://portal.ehri-project.eu/keywords/ehri_terms-824" type="subject">děti</term>,
        poměrně dobře a na oko bezstrarostně vypadající. Kdo ale pracoval v <placeName
          ref="https://portal.ehri-project.eu/keywords/ehri_ghettos-449" type="ghetto"
          >Terezíně</placeName> s <term ref="https://portal.ehri-project.eu/keywords/ehri_terms-824"
          type="subject">dětmi</term>, ten ví, že se někdy oko toho <term
          ref="https://portal.ehri-project.eu/keywords/ehri_terms-824" type="subject">dítěte</term>
        divně zalesklo, ten zná pohled, v kterém bylo tolik <q>proč</q>, a na který žádný <term
          ref="https://portal.ehri-project.eu/keywords/ehri_terms-48356" type="subject"
          >vychovatel</term> neznal své <q>proto</q>, ten ví, že <term
          ref="https://portal.ehri-project.eu/keywords/ehri_terms-824" type="subject">děti</term>
        v noci probuzející se, otevíraly oči a zavíraly do prázdné tmy, ten slyšel někdy jejich
        tichý pláč, pro který nebylo léku, ten zná komplikace a tragiku židovského <term
          ref="https://portal.ehri-project.eu/keywords/ehri_terms-824" type="subject">dítěte</term>
        a jeho duše, pro jejíž uklidnění ještě nebyla napsána žádná psychologická učebnice.</p>
      <p>Tak se vyvíjel v <term
          ref="https://portal.ehri-project.eu/keywords/terezin-terms-keyword-jmp-190" type="subject"
          >domovech</term> život pro <term
          ref="https://portal.ehri-project.eu/keywords/ehri_terms-824" type="subject">děti</term>
        odděleně od ostatních podle zásad kolektivní <term
          ref="https://portal.ehri-project.eu/keywords/ehri_terms-842" type="subject">výchovy</term>
        tvořily jednotlivé pokoje uzavřené <term
          ref="https://portal.ehri-project.eu/keywords/terezin-terms-keyword-jmp-190" type="subject"
          >domovy</term>, které si řídily rozvrh celého dne. Mimo vyučování byly <term
          ref="https://portal.ehri-project.eu/keywords/ehri_terms-824" type="subject">děti</term>
        zaměstnány domácími pracemi a pořádaly časté večery s programem. <term
          ref="https://portal.ehri-project.eu/keywords/ehri_terms-48356" type="subject"
          >Opatrovníci</term>
        <term ref="https://portal.ehri-project.eu/keywords/ehri_terms-837" type="subject"
          >bydleli</term> společně s <term
          ref="https://portal.ehri-project.eu/keywords/ehri_terms-824" type="subject">dětmi</term>,
        tak že mohli podstatně ovlivňovat celý jejich život. Bohužel, bylo jen velmi málo
        kvalifikovaných sil a leckdy neschopnost <term
          ref="https://portal.ehri-project.eu/keywords/ehri_terms-48356" type="subject"
          >opatrovníka</term> zavinovala v <term
          ref="https://portal.ehri-project.eu/keywords/terezin-terms-keyword-jmp-190" type="subject"
          >domově</term> těžkou krizi. Péče o <term
          ref="https://portal.ehri-project.eu/keywords/ehri_terms-824" type="subject">děti</term> od
        4 – 18 let v <term
          ref="https://portal.ehri-project.eu/keywords/terezin-terms-keyword-jmp-190" type="subject"
          >domovech</term> vykazovala v době největšího počtu <term
          ref="https://portal.ehri-project.eu/keywords/ehri_terms-824" type="subject">dětí</term>
          v <placeName ref="https://portal.ehri-project.eu/keywords/ehri_ghettos-449" type="ghetto"
          >Terezíně</placeName>, t.j. v létě <date when="1943">1943</date>, 2300 <term
          ref="https://portal.ehri-project.eu/keywords/ehri_terms-824" type="subject">dětí</term>. O
          <term ref="https://portal.ehri-project.eu/keywords/ehri_terms-824" type="subject"
          >děti</term> do 4 let pečovalo <term
          ref="https://portal.ehri-project.eu/keywords/ehri_terms-791" type="subject"
          >zdravotnictví</term>, které je umisťovala jednak v <term
          ref="https://portal.ehri-project.eu/keywords/terezin-terms-keyword-jmp-190" type="subject"
          >domově</term> pro <term ref="https://portal.ehri-project.eu/keywords/ehri_terms-824"
          type="subject">kojence</term>; jednak v domově pro <term
          ref="https://portal.ehri-project.eu/keywords/ehri_terms-824" type="subject"
          >batolata</term> spolu s matkami a personálem. <term
          ref="https://portal.ehri-project.eu/keywords/ehri_terms-824" type="subject">Děti</term>
        nebyly však nuceny <term ref="https://portal.ehri-project.eu/keywords/ehri_terms-837"
          type="subject">stěhovat</term> se do <term
          ref="https://portal.ehri-project.eu/keywords/terezin-terms-keyword-jmp-190" type="subject"
          >domovů</term>. O <term ref="https://portal.ehri-project.eu/keywords/ehri_terms-824"
          type="subject">děti</term> mimo <term
          ref="https://portal.ehri-project.eu/keywords/terezin-terms-keyword-jmp-190" type="subject"
          >domovy</term> se starala otevřená péče o <term
          ref="https://portal.ehri-project.eu/keywords/ehri_terms-8243" type="subject"
        >mládež</term>. Instituce otevřené péče se skládaly z <term
          ref="https://portal.ehri-project.eu/keywords/terezin-terms-keyword-jmp-190" type="subject"
          >domova</term> pro matky a <term
          ref="https://portal.ehri-project.eu/keywords/ehri_terms-824" type="subject">děti</term>
        /bez personálu/, dále z české, německé a hebrejské školky, kterou navštěvovalo více než 500
          <term ref="https://portal.ehri-project.eu/keywords/ehri_terms-824" type="subject"
          >dětí</term>. Otevřenou péči o <term type="subject"
          ref="https://portal.ehri-project.eu/keywords/ehri_terms-824">mládež</term> prováděly také
        sociální <term ref="https://portal.ehri-project.eu/keywords/ehri_terms-48344" type="subject"
          >sestry</term>, které pravidelně navštěvovaly <term
          ref="https://portal.ehri-project.eu/keywords/ehri_terms-824" type="subject">děti</term>,
        zjišťovaly jejich zdravotní stav a obstarávaly jim v rámci možností vše potřebné. <term
          ref="https://portal.ehri-project.eu/keywords/ehri_terms-824" type="subject">Děti</term> ve
        věku do 14 let, bydlící u rodičů, docházely denně do útulku, kde měly přes přísný zákaz
          <orgName ref="https://portal.ehri-project.eu/authorities/ehri_cb-350">Gestapa</orgName>,
        dík odvaze a obětavosti <term ref="https://portal.ehri-project.eu/keywords/ehri_terms-48356"
          type="subject">opatrovníků</term> za nejtěžších okolností, vyučování. <term
          ref="https://portal.ehri-project.eu/keywords/ehri_terms-824" type="subject">Mládež</term>
        nad 14 let, bydlící buď u rodičů nebo v <term
          ref="https://portal.ehri-project.eu/keywords/terezin-terms-keyword-jmp-190" type="subject"
          >domovech</term> podléhala <term
          ref="https://portal.ehri-project.eu/keywords/ehri_terms-556" type="subject">pracovní
          povinnosti</term>. K tomu účelů bylo zřízeno v úzké spolupráci s referátem <term
          ref="https://portal.ehri-project.eu/keywords/ehri_terms-824" type="subject">mládeže</term>
        a <orgName
          ref="https://portal.ehri-project.eu/keywords/terezin-jewishcouncil-organisation-jmp-3"
          >ústředím práce</orgName> zvláštní oddělení pro začlenění <term
          ref="https://portal.ehri-project.eu/keywords/ehri_terms-824" type="subject">mládeže</term>
        do <term ref="https://portal.ehri-project.eu/keywords/ehri_terms-556" type="subject"
          >pracovního</term> procesu. V létě <date when="1943">1943</date> bylo v tomto oddělení
        zaregistrováno celkem 1673 <term
          ref="https://portal.ehri-project.eu/keywords/ehri_terms-824" type="subject">dětí</term>.
          <term ref="https://portal.ehri-project.eu/keywords/ehri_terms-824" type="subject"
          >Mladiství</term> byli začleňováni hlavně do oborů, kde měli možnost něčemu se do
        budoucího naučiti, na př. do <term
          ref="https://portal.ehri-project.eu/keywords/ehri_terms-14386" type="subject"
          >zemědělství</term> a zahrada, řemesla a produkce, <term
          ref="https://portal.ehri-project.eu/keywords/ehri_terms-791" type="subject"
          >zdravotnictví</term> a <term ref="https://portal.ehri-project.eu/keywords/ehri_terms-842"
          type="subject">výchova</term>. O tuto <term
          ref="https://portal.ehri-project.eu/keywords/ehri_terms-824" type="subject">mládež</term>
        <pb n="2" facs="EHRI-ET-JMP007_02.jpg"/> starala se ještě specielně učňovská komise, která
        po ukončení výcviku konala také učňovské zkoušky. Byla také zřízena v rámci osvětové
        činnosti <term ref="https://portal.ehri-project.eu/keywords/ehri_terms-824" type="subject"
          >dětská</term>
        <orgName
          ref="https://portal.ehri-project.eu/keywords/terezin-jewishcouncil-organisation-jmp-70"
          >knihovna</orgName> do 13 let a <orgName
          ref="https://portal.ehri-project.eu/keywords/terezin-jewishcouncil-organisation-jmp-70"
          >knihovna</orgName>
        <term ref="https://portal.ehri-project.eu/keywords/ehri_terms-824" type="subject"
          >mládeže</term> pro starší. Kromě etických a praktických cílů <term
          ref="https://portal.ehri-project.eu/keywords/ehri_terms-842" type="subject"
          >výchovných</term> snažilo se <orgName
          ref="https://portal.ehri-project.eu/keywords/terezin-jewishcouncil-organisation-jmp-9"
          >oddělení pro mládež</orgName> povzbuditi uvědomění <term
          ref="https://portal.ehri-project.eu/keywords/ehri_terms-824" type="subject">dětí</term> a
        zameziti mravní úpadek v <placeName
          ref="https://portal.ehri-project.eu/keywords/ehri_ghettos-449" type="ghetto"
          >ghettě</placeName> stále se prohlubující. Poukazování na slavnější minulost židovského
        národa a na život a práci v budoucnosti snažili se <term
          ref="https://portal.ehri-project.eu/keywords/ehri_terms-48356" type="subject"
          >opatrovníci</term> neutralisovat neutěšenost a beznadějnost jejich situace.</p>

      <p>Bohužel i tato námaha byla marná. <term
          ref="https://portal.ehri-project.eu/keywords/ehri_terms-521" type="subject"
          >Transporty</term> stále přicházející a odcházející, nařízení, šikány, vše to nedalo <term
          ref="https://portal.ehri-project.eu/keywords/ehri_terms-824" type="subject">dítěti</term>
        klid. Celkem prošlo <placeName
          ref="https://portal.ehri-project.eu/keywords/ehri_ghettos-449" type="ghetto"
          >Terezínem</placeName> asi 15000 <term
          ref="https://portal.ehri-project.eu/keywords/ehri_terms-824" type="subject">dětí</term>.
          <term ref="https://portal.ehri-project.eu/keywords/terezin-terms-keyword-jmp-267"
          type="subject">Transport na východ</term> znamenal rozsudek <term
          ref="https://portal.ehri-project.eu/keywords/ehri_terms-745" type="subject">smrti</term>,
        s počátku bylo možno chrániti <term
          ref="https://portal.ehri-project.eu/keywords/ehri_terms-824" type="subject">děti</term> do
        12 let. Postupně však byla věková hranice snižována a v <date when="1944-10">říjnu
          1944</date> byla odeslána i <term
          ref="https://portal.ehri-project.eu/keywords/ehri_terms-824" type="subject"
          >nemluvňata</term>.</p>
      <p>V <placeName ref="https://portal.ehri-project.eu/keywords/ehri_ghettos-449" type="ghetto"
          >Terezíně</placeName> zůstalo v zimě <date when="1944">1944</date>-<date when="1945"
          >1945</date> 1068 <term ref="https://portal.ehri-project.eu/keywords/ehri_terms-824"
          type="subject">dětí</term> a po ukončení války vrátilo se z <term
          ref="https://portal.ehri-project.eu/keywords/ehri_terms-496" type="subject">koncentračních
          táborů</term> ne více než 100 <term
          ref="https://portal.ehri-project.eu/keywords/ehri_terms-824" type="subject">dětí</term>
        nad 14 let. A <term ref="https://portal.ehri-project.eu/keywords/ehri_terms-824"
          type="subject">děti</term> pod 14 let, pokud nebyly mezi těmi šťastnými, které zůstaly
          v <placeName ref="https://portal.ehri-project.eu/keywords/ehri_ghettos-449" type="ghetto"
          >Terezíně</placeName>, se nevrátily žádné.</p>
      <p>Všechna snaha a práce, všechna péče po stránce duševní a tělesné, všechna <term
          ref="https://portal.ehri-project.eu/keywords/ehri_terms-842" type="subject">výchova</term>
        individuelní a kolektivní nevedly k žádnému výsledku. Mohly usnadnit <term
          ref="https://portal.ehri-project.eu/keywords/ehri_terms-824" type="subject">dětem</term>
        pobyt v <placeName ref="https://portal.ehri-project.eu/keywords/ehri_ghettos-449"
          type="ghetto">ghettu</placeName>.</p>

      <p><hi rend="letter-spacing: +2px">Nemohly</hi>
        <hi rend="letter-spacing: +2px">odvrátit</hi>
        <hi rend="letter-spacing: +2px">jejich</hi>
        <hi rend="letter-spacing: +2px">hrozný</hi>
        <hi rend="letter-spacing: +2px">osud</hi>.</p>

      <p><persName ref="#ehri_et_shek_zeev">Zeev Scheck</persName>.</p>

      <p>Za <term ref="https://portal.ehri-project.eu/keywords/terezin-terms-keyword-jmp-657"
          type="subject">Dokumentační akci</term> přijal: <persName ref="#ehri_et_weinberger_robert"
          >Weinberger</persName></p>

      <p>Za archiv přijal: <persName ref="#ehri_et_tressler_harald">Tressler</persName></p>

      <p><placeName ref="http://www.geonames.org/3067696/prague.html">Praha</placeName>, <date
          when="1946-01-29">29. ledna 1946</date>.</p>

      <p>Opis: <persName ref="#ehri_et_brammerova_r">R. Brammerová</persName></p>
    </body>
  </text>
</TEI>
