<?xml version="1.0" encoding="UTF-8"?>
<?xml-model href="http://www.tei-c.org/release/xml/tei/custom/schema/relaxng/tei_all.rng" type="application/xml" schematypens="http://relaxng.org/ns/structure/1.0"?>
<TEI xmlns="http://www.tei-c.org/ns/1.0" xml:id="EHRI-ET-JMP009_CS">
    <teiHeader>
        <fileDesc>
            <titleStmt>
                <title>Bondyová, Herta: vzpomínka na Bergen - Belsen</title>
            </titleStmt>
            <editionStmt>
                <edition>EHRI Edition of Early Holocaust Testimony</edition>
                <author>
                    <persName>Michal Frankl</persName>
                </author>
                <author>
                    <persName>Magdalena Sedlická</persName>
                </author>
                <author>
                    <persName>Wolfgang Schellenbacher</persName>
                </author>
            </editionStmt>
            <publicationStmt>
                <publisher>
                    <ref target="https://www.ehri-project.eu/">European Holocaust Research
                        Infrastructure</ref>
                </publisher>
                <availability>
                    <licence target="http://creativecommons.org/licenses/by-sa/4.0/"
                        >Attribution-ShareAlike 4.0 International</licence>
                </availability>
            </publicationStmt>
            <sourceDesc>
                <msDesc>
                    <msIdentifier>
                        <country ref="https://portal.ehri-project.eu/countries/cz">Czech
                            Republic</country>
                        <repository ref="https://portal.ehri-project.eu/institutions/cz-002279"
                            >Jewish Museum in Prague</repository>
                        <collection
                            ref="https://portal.ehri-project.eu/units/cz-002279-collection_jmp_shoah_dp"
                            >Documents of Persecution</collection>
                        <idno>inventory number 80 (Memoirs, and literary and expert accounts of the
                            persecution period, written after the war)</idno>

                    </msIdentifier>
                    <physDesc/>
                </msDesc>
                <bibl>JMP, DP, inv. no 80 <textLang mainLang="cs">Original in
                    Czech.</textLang></bibl>
            </sourceDesc>
        </fileDesc>
        <profileDesc>
            <creation>
                <date when="1945-05-27">27. 5. 1945</date>, <persName ref="#ehri_et_bondyova_herta"
                    >Herta Bondyová</persName>, <placeName
                    ref="http://www.geonames.org/3067696/prague.html">Prague</placeName>
                <idno>EHRI-ET-JMP009</idno>
            </creation>
            <textClass>
                <keywords>
                    <term>testimony</term>
                </keywords>
            </textClass>

            <langUsage>
                <language ident="cs">Czech</language>
            </langUsage>
            <abstract>
                <p>Testimony of Herta Bondyová, in which she describes in a literary way what
                    followed after her deportation from Auschwitz to Bergen-Belsen. She tells
                    emotionally the stories of her fellow prisoners and points out the harsh living
                    condition in the camp.</p>
            </abstract>



        </profileDesc>
    </teiHeader>
    <text>
        <body>
            <pb n="1" facs="EHRI-ET-JMP009_01.jpg"/>
            <head>
                <date when="1945-05-27">27. 5. 1945</date>
            </head>
            <p>Mrzne. Nuceně se choulíme zimou a hladem bez slámy ve vagonech. Nevadí. Hlavně že
                jedeme pryč odsud, kde život více jak na vlásku – <placeName
                    ref="https://portal.ehri-project.eu/keywords/ehri_camps-2">Osvětim</placeName>.
                Chceme ještě žít, zatím všechny. Vždyť nás zbylo tak málo.</p>
            <p>Mrzne. Vystupujeme. Jakoby nás opouštěla letargie, najednou tisíce otázek. Jak dlouho
                jsme byly na cestě? Věčnost. Cesta lesem, tichem, přírodou? Jak dlouho jsme přírodu
                neviděly? Léta. Kde jsme? Co bude?</p>
            <p>A hle, tabulka: <q><foreign xml:lang="de">Kr.Gef.Lager</foreign>
                    <placeName ref="https://portal.ehri-project.eu/keywords/ehri_camps-42"
                        >Bergen-Belsen</placeName></q>. Cože, jsme <term type="subject"
                    ref="https://portal.ehri-project.eu/keywords/ehri_terms-511">váleční
                    zajatci</term>? <q>To by bylo báječné</q>, rozumují <term type="subject"
                    ref="https://portal.ehri-project.eu/keywords/ehri_terms-825">děvčata</term> a
                tak pomalu začínáme míti zájem o náš osud.</p>
            <p>Došly jsme. Překrásná daleká vřesoviště v plném květu temně fialová, v nich štíhlé
                krásné zelené borovice nás ševelem vítají, to usměvavé slunce v plné své kráse na
                jasném zimním nebi – snad není ani možno, abychom šly na <term type="subject"
                    ref="https://portal.ehri-project.eu/keywords/ehri_terms-745">smrt</term>. Není
                to možno? Chacha.</p>
            <p>Co je to? Několik velkých cirkusových <term type="subject"
                    ref="https://portal.ehri-project.eu/keywords/ehri_terms-837">stanů</term>. <q>To
                    jsou <term type="subject"
                        ref="https://portal.ehri-project.eu/keywords/ehri_terms-837">ubikace</term>
                    asi pro 12000 <term type="subject"
                        ref="https://portal.ehri-project.eu/keywords/ehri_terms-825">žen</term></q>.
                Na zemi, jedna na druhé, uchvatitelka pod sebou trochu slámy, slabá nic než deku.
                Punčochy nejsou… kalhoty jen kdo měl štěstí… a mrzne den ze dne víc – vždyť je <date
                    when="1944-11">listopad</date>.</p>
            <p>Snad existuje něco a někdo v nebi, kdo již nemůže vidět tisíce ubohých vychrtlých
                    <term type="subject"
                    ref="https://portal.ehri-project.eu/keywords/ehri_terms-825">žen</term> svlékat
                a mýti se v přírodě a vody je tak spoře a žádný hadr na osušení a zatím co se myješ
                ukradne ti někdo poslední kousek hadru do dřeváku. Hrozivě se zbarvilo nebe, vítr
                roznáší předzvěst katastrofy. Plachty stanů se nadouvají. Je večer.</p>
            <p>Mimoděk si vzpomenu na knihu <q>Když nastaly deště</q> a cítím, že se blíží něco
                velikého. Již jen blesky osvětlují krajinu hrozivě temnou, již jen meluzinu, ne
                slova sousedky slyšíš – plachty se vzdouvají víc a více a v jejich boji s dřevěnými
                pilíři zaniká nářek našich <term type="subject"
                    ref="https://portal.ehri-project.eu/keywords/ehri_terms-292">nemocných</term> a
                o pomoc volání. Najednou každá žijeme pro sebe. Kdo nemyslíte na své nejbližší?
                Rozhodná hodina nadešla.</p>
            <p>Hlavní stožár stanu povolil, plachty a dřevo sjíždějí mezi těla – panika, křik,
                nářek,… Evo, Nito, Anči, Valino – <hi rend="letter-spacing: +2px">žijete</hi>? Cože
                Helga? ... A ráno se osvětlilo kdo nás opustily. Ze všech dvanácti <term
                    type="subject" ref="https://portal.ehri-project.eu/keywords/ehri_terms-837"
                    >stanů</term> zůstal stát jediný silně poškozený.</p>
            <p>Této hrůzné noci, ve které leckteré z nás vlasy prokvetly, následovalo 36 hodin <q>na
                    volném vzduchu</q> než jsme si směly zříditi <term type="subject"
                    ref="https://portal.ehri-project.eu/keywords/ehri_terms-837">baráky</term> dosud
                neobydlené, kde jsme ve třípatrových kavalcích spaly 2 na jedné posteli a měly každá
                jedinou deku, pod sebou tenký slamníček. A zde jsme prožívaly <date when="1944-12"
                    >prosinec</date>, celkem bez oděvu, bez lžíce a kapesníku a jako děti jsme se
                těšily na Štědrý večer, kdy bychom snad mohly dostat o kousek <term type="subject"
                    ref="https://portal.ehri-project.eu/keywords/ehri_terms-832">chleba</term>
                více.</p>
            <p>Kolem <date when="1944-12-12">12. prosince</date> se roznesly pověsti, že se <term
                    type="subject" ref="https://portal.ehri-project.eu/keywords/ehri_terms-496"
                    >tábor</term> bude likvidovati a pod. a skoro denně se vybíraly větší i menší
                skupiny, které byly poslány na <term type="subject"
                    ref="https://portal.ehri-project.eu/keywords/ehri_terms-556">práci</term>.
                Zajímavo, že my <term type="subject"
                    ref="https://portal.ehri-project.eu/keywords/terezin-terms-keyword-jmp-279"
                    >Češky</term> jsme vždy disciplinovaně nastupovaly zatím co <term type="subject"
                    ref="https://portal.ehri-project.eu/keywords/ehri_terms-650">vězeňkyně</term>
                jiných národností se soustavně vyhýbaly, kličkovaly apod. Do <date when="1944-12-20"
                    >20. prosince</date> jsme vybrány nebyly – nikdo nás nechtěl, byly jsme příliš
                zubožené. <q>Teď máme přes svátky pokoj</q>, rozumovala jsem, ale měly jsme štěstí.
                Právě <date when="1944-12-24">24. prosince</date>, kdy jsme <pb n="2"
                    facs="EHRI-ET-JMP009_02.jpg"/> byly tolik zklamané, že nebylo o chlup <term
                    type="subject" ref="https://portal.ehri-project.eu/keywords/ehri_terms-832"
                    >chleba</term> více, nás <q>vybrali</q> a proslýchalo se, že pojedeme teprve
                    <date when="1945-01-20">20. ledna</date>. <term type="subject"
                    ref="https://portal.ehri-project.eu/keywords/terezin-terms-keyword-jmp-279"
                    >Češky</term> měly jako pracovní síly dobré jméno.</p>
            <p><date when="1945-01">Leden</date> v tomto <term type="subject"
                    ref="https://portal.ehri-project.eu/keywords/ehri_terms-496">táboře</term> byl
                strašný. Neustále dojížděly <term type="subject"
                    ref="https://portal.ehri-project.eu/keywords/ehri_terms-518">transporty</term> a
                nebylo rána, aby před každým barákem nebyla kupa <term type="subject"
                    ref="https://portal.ehri-project.eu/keywords/ehri_terms-745">mrtvých</term>
                nahých /ty šaty na nich byly to nejcennější/ těl, pro které pravidelně přijížděl
                žebřiňák. Neustále se vracely z <term type="subject"
                    ref="https://portal.ehri-project.eu/keywords/ehri_terms-556">práce</term>
                <term type="subject" ref="https://portal.ehri-project.eu/keywords/ehri_terms-292"
                    >nemocné</term> v takovém stavu, že opravdu jen kosti sem dovlekly k uložení.
                Tak se také vrátila naše přítelkyně Dr. <persName ref="#ehri_et_wolfova"
                    >Wolfová</persName>, která ještě před 14 dny byla na nohou a nyní nemohla ani
                z postele – byla jedna rána… Vší přibývalo a s nimi i <term type="subject"
                    ref="https://portal.ehri-project.eu/keywords/ehri_terms-493">tyfu</term>. Bloky
                pro <term type="subject"
                    ref="https://portal.ehri-project.eu/keywords/ehri_terms-292">churavé</term> byly
                pečetěmi spočítaných hodin života.</p>
            <p>A včera byl <date when="1945-01-20">20. leden</date> a my nejedeme. Co je? Jsme
                odsouzeny zde <term type="subject"
                    ref="https://portal.ehri-project.eu/keywords/ehri_terms-745">pomříti</term>?
                Nesmíme naše kosti ještě v naději donésti do jiného kraje? Alespoň ještě jednou se
                pořádně <term type="subject"
                    ref="https://portal.ehri-project.eu/keywords/ehri_terms-832">najíst</term> a
                umýt – a pak Bohu poručeno.</p>
            <p>Je <date when="1945-01-31">31. leden</date>, je <date when="1945-02-08">8.
                    únor</date>. Zajisté je <placeName
                    ref="http://www.geonames.org/2937959/dessau.html">Desava</placeName>, kam
                jedeme, srovnaná se zemí... Ale nastal zázrak. <date when="1945-02-10">10.
                    února</date> při rozdávání poslední tuřínové <term type="subject"
                    ref="https://portal.ehri-project.eu/keywords/ehri_terms-832">polévky</term>
                v příšerném transportním bloku, kde dostat <term type="subject"
                    ref="https://portal.ehri-project.eu/keywords/ehri_terms-832">jídlo</term>
                znamenalo výhru v loterii, přišel rozkaz. <term type="subject"
                    ref="https://portal.ehri-project.eu/keywords/ehri_terms-825">Děvčata</term>,
                jedeme. Kdo <term type="subject"
                    ref="https://portal.ehri-project.eu/keywords/ehri_terms-832">nejedl</term>
                nedostane, není čas /to aby personál bloku se <term type="subject"
                    ref="https://portal.ehri-project.eu/keywords/ehri_terms-832">najedl</term> ještě
                více/.</p>
            <p>Nastupujeme. Hanka, jedna z našich nejlepších, není vybrána, ale nemůže bez nás žít,
                patří již k ubohým vysíleným. Snažíme se vzíti je s sebou. Vpašuje se mezi nás. Je
                vylovena a vrácena. Neohroženě na nejistých nohou opět zkouší, ale je <term
                    type="subject" ref="https://portal.ehri-project.eu/keywords/ehri_terms-1216"
                    >esesmanem</term> bita až se odvracíme. Loučíme se bolnými pohledy. Hanko, naše
                sportovkyně, <term type="subject"
                    ref="https://portal.ehri-project.eu/keywords/ehri_terms-825">děvče</term>, které
                jsi měla tolik odvahy a ještě nedávno jsi nám celé večery recitovala, na kterou čeká
                Tvá malá dceruška – buď s Bohem. A Evo, která jsi s ní žila a tak krásně o ni
                pečovala, nejsme méně smutny nežli Ty. Vzmuž se. Vykračujeme o poledni a rády se
                pohledem loučíme s hroznými bloky, blokovými, <term type="subject"
                    ref="https://portal.ehri-project.eu/keywords/ehri_terms-487">apely</term>.</p>
            <p>Co nás čeká? Dáme se překvapit.</p>

            <p><persName ref="#ehri_et_bondyova_herta">Herta Bondyová</persName>, <placeName
                    ref="http://www.geonames.org/3067696/prague.html">Praha II.</placeName>,
                    <placeName ref="http://www.geonames.org/3067696/prague.html">Lodecká</placeName>
                3.</p>
        </body>
    </text>
</TEI>
