<?xml version="1.0" encoding="UTF-8"?>
<?xml-model href="http://www.tei-c.org/release/xml/tei/custom/schema/relaxng/tei_all.rng" type="application/xml" schematypens="http://relaxng.org/ns/structure/1.0"?>
<TEI xmlns="http://www.tei-c.org/ns/1.0" xml:id="EHRI-ET-JMP003_CS">
  <teiHeader>
    <fileDesc>
      <titleStmt>
        <title>Sachsová, Gerta: dopis o osudu rodiny Artura a Edity Hellerových z Prahy</title>
      </titleStmt>
      <editionStmt>
        <edition>EHRI Edition of Early Holocaust Testimony</edition>
        <author>
          <persName>Michal Frankl</persName>
        </author>
        <author>
          <persName>Magdalena Sedlická</persName>
        </author>
        <author>
          <persName>Wolfgang Schellenbacher</persName>
        </author>
      </editionStmt>
      <publicationStmt>
        <publisher>
          <ref target="https://www.ehri-project.eu/">European Holocaust Research
            Infrastructure</ref>
        </publisher>
        <availability>
          <licence target="http://creativecommons.org/licenses/by-sa/4.0/">Attribution-ShareAlike
            4.0 International</licence>
        </availability>


      </publicationStmt>
      <sourceDesc>
        <msDesc>
          <msIdentifier>
            <country ref="https://portal.ehri-project.eu/countries/cz">Czech Republic</country>
            <repository ref="https://portal.ehri-project.eu/institutions/cz-002279">Jewish Museum in
              Prague</repository>
            <collection ref="https://portal.ehri-project.eu/units/cz-002279-collection_jmp_shoah_dp"
              >Documents of Persecution</collection>
            <idno>inventory number 80 (Memoirs, and literary and expert accounts of the persecution
              period, written after the war)</idno>

          </msIdentifier>
          <physDesc/>
        </msDesc>
        <bibl>JMP, DP, inv. no 80 <textLang mainLang="cs">Original in Czech.</textLang></bibl>

      </sourceDesc>
    </fileDesc>
    <profileDesc>
      <creation><persName>Gerta Sachsová</persName>
        <placeName ref="http://www.geonames.org/3067696/prague.html">Prague</placeName>
        <idno>EHRI-ET-JMP003</idno></creation>

      <textClass>
        <keywords>
          <term>testimony</term>
          <term>letter</term>
        </keywords>
      </textClass>

      <langUsage>
        <language ident="cs">Czech</language>
      </langUsage>

      <abstract>
        <p>Letter from Gerta Sachsová addressed to the family friends. Sachsová was deported with
          her husband from Prague to the Theresienstadt ghetto in July 1943, from where she was sent
          to Auschwitz in autumn 1944. Her parents and husband have perished. Sachsová describes
          their fate and her difficult postwar adaptation.</p>
      </abstract>

    </profileDesc>
  </teiHeader>
  <text>
    <body>
      <pb n="1" facs="EHRI-ET-JMP003_01.jpg"/>
      <p>Drazí,</p>
      <p>jsme neskonale šťastny, že jsme konečně s Vámi v <term
          ref="https://portal.ehri-project.eu/keywords/terezin-terms-keyword-jmp-716" type="subject"
          >písemném styku</term> a můžeme Vám psát v naší mateřštině. Máme Vám toho tolik co říci,
        že ani papír na vše nestačí. Bohužel moc málo hezkého, samé smutné zprávy. Jak jste se snad
        již dozvěděli od Marušky, vrátily jsme se s <persName ref="#ehri_et_hellerova_jana"
          >Hankou</persName> z celé rodiny úplně samy, a jsme šťastny, že jsme se alespoň my dvě
        shledaly. Musím Vám vše vylíčit od našeho odjezdu z <placeName
          ref="http://www.geonames.org/3067696/prague.html">Prahy</placeName>. Jak víte jeli jsme
          s <persName ref="http://www.holocaust.cz/databaze-obeti/obet/119939-egon-sachs/"
          >Kurtem</persName> v <date when="1943-07">červenci 1943</date> do <placeName
          ref="https://portal.ehri-project.eu/keywords/ehri_ghettos-449" type="ghetto"
          >Terezína</placeName> za <pb n="2" facs="EHRI-ET-JMP003_02.jpg"/> rodiči a <persName
          ref="#ehri_et_hellerova_jana">Hankou</persName>, kde jsme ještě strávili společně 1 ¼
        roku. Dařilo se nám tam poměrně dosti dobře, <persName
          ref="http://www.holocaust.cz/databaze-obeti/obet/119939-egon-sachs/">Kurt</persName> a
        rodiče byli v kanceláři, <persName ref="#ehri_et_hellerova_jana">Hanka</persName> v pekárně
        a já jsem většinou nedělala nic, jelikož jsem byla <term
          ref="https://portal.ehri-project.eu/keywords/ehri_terms-292" type="subject"
        >nemocná</term>. Pak v roce <date when="1944">44</date> na podzim jsme byli postupně <term
          ref="https://portal.ehri-project.eu/keywords/terezin-terms-keyword-jmp-267" type="subject"
          >transportováni</term> a sice <persName
          ref="http://www.holocaust.cz/databaze-obeti/obet/92804-artur-heller/">tatínek</persName>
        zvlášť, <persName ref="http://www.holocaust.cz/databaze-obeti/obet/92826-edita-hellerova/"
          >maminka</persName> s <persName ref="#ehri_et_hellerova_jana">Hankou</persName>, a já
          s <persName ref="http://www.holocaust.cz/databaze-obeti/obet/119939-egon-sachs/"
          >Kurtem</persName>. <term
          ref="https://portal.ehri-project.eu/keywords/terezin-terms-keyword-jmp-267" type="subject"
          >Transporty</term> šly všechny do <placeName
          ref="https://portal.ehri-project.eu/keywords/ehri_camps-2">Osvěčíma</placeName>. Nemůžete
        si představit, co jsme všechno prodělali. Nechci Vám líčit naše zážitky a je snad ode mne
        trochu kruté, že Vám přímo napíši, že naše drahá <persName
          ref="http://www.holocaust.cz/databaze-obeti/obet/92826-edita-hellerova/"
          >mamička</persName> tam <term ref="https://portal.ehri-project.eu/keywords/ehri_terms-745"
          type="subject">zahynula</term> a <persName
          ref="http://www.holocaust.cz/databaze-obeti/obet/92804-artur-heller/">tatínek</persName>,
        který šťastně prošel <term ref="https://portal.ehri-project.eu/keywords/ehri_terms-411"
          type="subject">selekcí</term>, byl dne <date when="1945-05-03">3. května 1945</date>, tedy
        5 dní před koncem <term type="subject"
          ref="https://portal.ehri-project.eu/keywords/ehri_terms-1080">války</term>, už na
          <placeName ref="http://www.geonames.org/8505031/czechoslovakia.html">českých</placeName>
        hran. při <term type="subject" ref="https://portal.ehri-project.eu/keywords/ehri_terms-623"
          >ev</term>. <term ref="https://portal.ehri-project.eu/keywords/ehri_terms-508"
          type="subject">prac. tábora</term>, v kterém byl, <term
          ref="https://portal.ehri-project.eu/keywords/ehri_terms-745" type="subject"
          >zastřelen</term>. <persName
          ref="http://www.holocaust.cz/databaze-obeti/obet/119939-egon-sachs/">Kurt</persName>, byl
        při vagon. v <placeName ref="https://portal.ehri-project.eu/keywords/ehri_ghettos-449"
          type="ghetto">Ter.</placeName> ode mě oddělen a dozvěděla jsem se teprve při návratu do
          <placeName ref="http://www.geonames.org/3067696/prague.html">Prahy</placeName>, že byl asi
        3 ned. na <placeName
          ref="https://portal.ehri-project.eu/keywords/terezin-places-place-jmp-49">Malé
          pevnosti</placeName> a tam prý <term
          ref="https://portal.ehri-project.eu/keywords/ehri_terms-745" type="subject"
          >zastřelen</term>. O <persName
          ref="http://www.holocaust.cz/databaze-obeti/obet/92804-artur-heller/">tatínkovi</persName>
        máme positivní zprávu, jelikož byl pohromadě s <persName ref="#ehri_et_hellerova_jana"
          >Hančiným</persName>
        <term type="subject" ref="https://portal.ehri-project.eu/keywords/ehri_terms-826"
          >mládencem</term>, který se vrátil. Také Jirka se vrátil a <term type="subject"
          ref="https://portal.ehri-project.eu/keywords/ehri_terms-837">bydlíme</term> teď s ním
        pohromadě. S <persName ref="#ehri_et_hellerova_jana">Hankou</persName> jsem se sešla
        šťastnou náhodou v <placeName ref="http://www.geonames.org/3067696/prague.html"
          >Praze</placeName> byla zde již o měsíc dřív než já a nevěřila ani v můj návrat. Jistě si
        dovedete představit teď náš <term type="subject"
          ref="https://portal.ehri-project.eu/keywords/ehri_terms-831">život</term>. Naše finanční
        situace je ubohá, také s <term type="subject"
          ref="https://portal.ehri-project.eu/keywords/ehri_terms-836">oblečením</term> jsme na tom
        špatně. <pb n="3" facs="EHRI-ET-JMP003_03.jpg"/> Půjdu asi někam do kanceláře, <persName
          ref="#ehri_et_hellerova_jana">Hanka</persName> dělá v <date when="1945-09">září</date>
        maturitu a pak se bude živit pravděpodobně kreslením. Je to asi stručně vše, co jsme Vám o
        svém osudu chtěly povědět, co bude dál nevíme. S Maruškou jsme ve spojení. Její Janička je
        skutečně roztomilá. Několikrát jsme u nich již byly. Prosíme Vás, abyste nám pokud možno
        brzy odpověděli a sdělili, zda sem přijedete. Moc rády bychom Vás již viděly, máme si toho
        moc co vyprávět. Ani nevíte jak nám je. Jsme šťastny, že alespoň Vy přijedete.</p>
    </body>
  </text>
</TEI>
