<?xml version="1.0" encoding="UTF-8"?>
<?xml-model href="http://www.tei-c.org/release/xml/tei/custom/schema/relaxng/tei_all.rng" type="application/xml" schematypens="http://relaxng.org/ns/structure/1.0"?>
<TEI xmlns="http://www.tei-c.org/ns/1.0" xml:id="EHRI-ET-JMP011_CS">
  <teiHeader>
    <fileDesc>
      <titleStmt>
        <title>Ornsteinová, Edita: iluse Terezín</title>
      </titleStmt>
      <editionStmt>
        <edition>EHRI Edition of Early Holocaust Testimony</edition>
        <author>
          <persName>Michal Frankl</persName>
        </author>
        <author>
          <persName>Magdalena Sedlická</persName>
        </author>
        <author>
          <persName>Wolfgang Schellenbacher</persName>
        </author>
      </editionStmt>
      <publicationStmt>
        <publisher>
          <ref target="https://www.ehri-project.eu/">European Holocaust Research
            Infrastructure</ref>
        </publisher>
        <availability>
          <licence target="http://creativecommons.org/licenses/by-sa/4.0/">Attribution-ShareAlike
            4.0 International</licence>
        </availability>
      </publicationStmt>
      <sourceDesc>
        <msDesc>
          <msIdentifier>
            <country ref="https://portal.ehri-project.eu/countries/cz">Czech Republic</country>
            <repository ref="https://portal.ehri-project.eu/institutions/cz-002279">Jewish Museum in
              Prague</repository>
            <collection ref="https://portal.ehri-project.eu/units/cz-002279-collection_jmp_shoah_t"
              >Terezín</collection>
            <idno>inventory number 343 (Testimonies, scholarly papers and artworks dating from after
              the liberation)</idno>

          </msIdentifier>
          <physDesc/>
        </msDesc>
        <bibl>JMP, T, inv. no 343 <textLang mainLang="cs">Original in Czech.</textLang></bibl>
      </sourceDesc>
    </fileDesc>
    <profileDesc>
      <creation>
        <date when="1945-11-06">6. 11. 1945</date>, <term type="subject"
          ref="https://portal.ehri-project.eu/keywords/terezin-terms-keyword-jmp-657">Dokumentační
          akce</term>, <persName ref="#ehri_et_ornsteinova_edita">Edita Ornsteinová</persName>,
          <placeName ref="http://www.geonames.org/3067696/prague.html">Prague</placeName>
        <idno>EHRI-ET-JMP011</idno>
      </creation>
      <textClass>
        <keywords>
          <term>testimony</term>
        </keywords>
      </textClass>

      <langUsage>
        <language ident="cs">Czech</language>
      </langUsage>
      <abstract>
        <p>Testimony of Edita Ornsteinová, which became a part of the Documentation campaign,
          Prague. Ornsteinová describes the history of Theresienstadt from its beginning to the
          liberation of the ghetto by the Red army. The core of her testimony is Jacob Edelstein,
          the Elder of the Jewish Council in Theresienstadt. According to her point of you he saved
          many prisoners by his various activities. Ornsteinová is pointing out the difficult role
          and position of Jacob Edelstein.</p>
      </abstract>
    </profileDesc>
  </teiHeader>
  <text>
    <body>
      <pb n="1" facs="EHRI-ET-JMP011_01.jpg"/>
      <p><term ref="https://portal.ehri-project.eu/keywords/terezin-terms-keyword-jmp-657"
          type="subject">Dokumentační akci</term> dala k disposici pí. <persName
          ref="#ehri_et_ornsteinova_edita">Edita Ohrensteinová</persName> došlo dne: <date
          when="1945-11-06">6. XI. 1945</date></p>
      <p>Iluse <placeName
          ref="https://portal.ehri-project.eu/keywords/ehri_ghettos-449" type="ghetto"
          >Terezín</placeName>.</p>

      <p>Na podzim <date when="1941">1941</date> začala <term
          ref="https://portal.ehri-project.eu/keywords/ehri_terms-521" type="subject"
          >deportace</term> židů z bývalého <term
          ref="https://portal.ehri-project.eu/keywords/terezin-terms-keyword-jmp-279" type="subject"
          >Protektorátu</term> do <placeName
          ref="http://www.geonames.org/798544/republic-of-poland.html">Polska</placeName>; 5.000
          <term type="subject" ref="https://portal.ehri-project.eu/keywords/ehri_terms-650"
          >osob</term> z <placeName ref="http://www.geonames.org/3067696/prague.html"
          >Prahy</placeName> a 1.000 z <placeName ref="http://www.geonames.org/3078610/brno.html"
          >Brna</placeName>
        <term ref="https://portal.ehri-project.eu/keywords/ehri_terms-521" type="subject"
          >odjelo</term> do <placeName ref="http://www.geonames.org/798544/republic-of-poland.html"
          >polských</placeName>
        <term ref="https://portal.ehri-project.eu/keywords/ehri_terms-545" type="subject"
          >ghett</term>. Písemnými podáními a ústními intervencemi se snažilo tehdejší vedení
          <orgName
          ref="https://portal.ehri-project.eu/keywords/jc-organisations-organisation-jmp-3714"
          >Židovské náboženské obce</orgName> zabrániti dalším <term
          ref="https://portal.ehri-project.eu/keywords/ehri_terms-521" type="subject"
          >transportům</term> do <placeName
          ref="http://www.geonames.org/798544/republic-of-poland.html">Polska</placeName>, a vskutku
          <term type="subject" ref="https://portal.ehri-project.eu/keywords/ehri_terms-1159"
          >německá</term> místa ujistila, že po těchto 6.000 nebudou další <term
          ref="https://portal.ehri-project.eu/keywords/terezin-terms-keyword-jmp-279" type="subject"
          >transporty z Protektorátu</term> do <placeName
          ref="http://www.geonames.org/798544/republic-of-poland.html">Polska</placeName>.</p>

      <p>Mezitím <persName
          ref="https://portal.ehri-project.eu/authorities/terezin-victims-person-iti-1296855"
          type="victim">Edelstein</persName> pracoval dále ve smyslu své koncepce:</p>
      <p>zastával názor, že naše jediná naděje ve válce je židovská <term
          ref="https://portal.ehri-project.eu/keywords/ehri_terms-556" type="subject"
          >pracovní</term> síla. Snažil se přesvědčiti <term
          ref="https://portal.ehri-project.eu/keywords/ehri_terms-1216" type="subject">Němce</term>,
        že je mnohem výhodnější za <term type="subject"
          ref="https://portal.ehri-project.eu/keywords/ehri_terms-1080">války</term>, kdy je
        zapotřebí každé <term ref="https://portal.ehri-project.eu/keywords/ehri_terms-556"
          type="subject">pracovní</term> síly, zasadit židy do <term
          ref="https://portal.ehri-project.eu/keywords/ehri_terms-556" type="subject">práce</term>
        uvnitř <placeName ref="https://portal.ehri-project.eu/keywords/terezin-places-place-iti-64"
          >Protektorátu</placeName>. Zpočátku se také zdálo (po <placeName
          ref="http://www.geonames.org/3068799/ostrava.html">ostravském</placeName>
        <term ref="https://portal.ehri-project.eu/keywords/ehri_terms-521" type="subject"
          >transportě</term> do <placeName ref="http://www.geonames.org/3099434/gdansk.html8"
          >Niska</placeName> na podztim <date when="1939">1939</date>), jakoby měl úspěch. A zatím
        co největší část <term ref="https://portal.ehri-project.eu/keywords/ehri_terms-556"
          type="subject">práce</term> schopného <term
          ref="https://portal.ehri-project.eu/keywords/terezin-terms-keyword-jmp-278" type="subject"
          >židovského obyvatelstva z Německa</term> a <term
          ref="https://portal.ehri-project.eu/keywords/terezin-terms-keyword-jmp-277" type="subject"
          >Rakouska</term> byla <term ref="https://portal.ehri-project.eu/keywords/ehri_terms-521"
          type="subject">deportována</term> do <placeName
          ref="http://www.geonames.org/798544/republic-of-poland.html">Polska</placeName>, z <term
          ref="https://portal.ehri-project.eu/keywords/terezin-terms-keyword-jmp-279" type="subject"
          >Protektorátu</term> nebyly vypravovány <term
          ref="https://portal.ehri-project.eu/keywords/ehri_terms-521" type="subject"
          >transporty</term> až do <date when="1941-10">října 1941</date>. Byl vytvořen zvláštní
        židovský pracovní úřad v rámci <orgName
          ref="https://portal.ehri-project.eu/keywords/jc-organisations-organisation-jmp-3714"
          >Židovské náboženské obce v Praze</orgName>, který měl prováděti a zaručiti včleňování
        židů do <term ref="https://portal.ehri-project.eu/keywords/ehri_terms-556" type="subject"
          >práce</term>. Když pak vzdor všem snahám se projevila jasně tendence Němců provésti
        isolaci židů od ostatního obyvatelstva a jejich koncentraci, snažil se <persName
          ref="https://portal.ehri-project.eu/authorities/terezin-victims-person-iti-1296855"
          type="victim">Edelstein</persName>, aby alespoň vymohl tuto koncentraci na území
          <placeName ref="https://portal.ehri-project.eu/keywords/terezin-places-place-iti-64"
          >Protektorátu</placeName>. Tento pokus se zdánlivě zdařil.</p>

      <p>Když dne <date when="1941-12-01">1. prosince 1941</date> jela do <placeName
          ref="https://portal.ehri-project.eu/keywords/ehri_ghettos-449" type="ghetto"
          >Terezína</placeName> malá skupina lidí v čele s <persName
          ref="https://portal.ehri-project.eu/authorities/terezin-victims-person-iti-1296855"
          type="victim">Edelsteinem</persName> a inž. <persName
          ref="https://portal.ehri-project.eu/authorities/terezin-victims-person-iti-2009255"
          type="victim">Zuckrem</persName>, byli všichni přesvědčeni, že se skutečně podaří
        zabrániti <term ref="https://portal.ehri-project.eu/keywords/ehri_terms-521" type="subject"
          >deportaci</term>
        <term ref="https://portal.ehri-project.eu/keywords/terezin-terms-keyword-jmp-279"
          type="subject">protektorátních židů</term> do <placeName
          ref="http://www.geonames.org/798544/republic-of-poland.html">Polska</placeName>, podaří-li
        se vybudovati v <placeName ref="https://portal.ehri-project.eu/keywords/ehri_ghettos-449"
          type="ghetto">Terezíně ghetto</placeName>, jak jsme tehdy mysleli, v podobě Židovského
        města. Již předem konaly se horečnaté přípravy, plány byly vypracovány do nejmenších
        podrobností a schváleny <orgName
          ref="https://portal.ehri-project.eu/keywords/jc-organisations-organisation-jmp-3719"
          >Ústřednou pro židovské vystěhovalectví</orgName>. Ale pak dopadlo samozřejmě všechno
        jinak, než jsme očekávali.</p>

      <p>Vybudovati židovské město – jaká to iluse! – Když se zavřely za námi poprvé brány
          <placeName ref="https://portal.ehri-project.eu/keywords/ehri_ghettos-449" type="ghetto"
          >terezínských</placeName> kasáren, věděli jsme ihned, že to mělo býti spíše <term
          type="subject" ref="https://portal.ehri-project.eu/keywords/ehri_terms-669">vězení</term>
        než židovské město. Není tu zapotřebí zabývati se podrobněji tehdejšími poměry. Když
        v prvních dnech se dostavil do <placeName
          ref="https://portal.ehri-project.eu/keywords/ehri_ghettos-449" type="ghetto"
          >Terezína</placeName>
        <term ref="https://portal.ehri-project.eu/keywords/ehri_terms-1216" type="subject"
          >Hauptsturmführer</term>
        <persName ref="https://portal.ehri-project.eu/authorities/ehri_pers-000164"
          >Günther</persName> a <persName
          ref="https://portal.ehri-project.eu/authorities/terezin-victims-person-iti-1296855"
          type="victim">Edelstein</persName> mu vyčítal podvod, který byl na nás spáchán
        předstíráním falešných skutečností, odpověděl: <q><foreign xml:lang="de">Jetzt wenn Ihr im
            Dreck sitzt Juden, zeigt was Ihr könnt!</foreign></q>. A byli jsme rozhodnuti, ukázati,
        co dovedeme. Předním úkolem bylo vzbuditi vypětím všech sil lidi z jejich lethargie, dělati
        všude pořádek, aby bylo zabráněno <term
          ref="https://portal.ehri-project.eu/keywords/ehri_terms-292" type="subject"
          >chorobám</term>, zaříditi kuchyně, aby bylo zaručeno <term
          ref="https://portal.ehri-project.eu/keywords/ehri_terms-832" type="subject"
          >stravování</term>, obstarati <term
          ref="https://portal.ehri-project.eu/keywords/ehri_terms-837" type="subject">matrace</term>
        a <term ref="https://portal.ehri-project.eu/keywords/ehri_terms-837" type="subject"
          >slamníky</term>, především pro <term
          ref="https://portal.ehri-project.eu/keywords/ehri_terms-292" type="subject">nemocné</term>
        a pro <term ref="https://portal.ehri-project.eu/keywords/ehri_terms-824" type="subject"
          >děti</term> a vypracovati se z této špíny v pravém slova smyslu – bez prostředků sice,
        ale v pevné víře, že to dokážeme. A po prvních hrozných dnech otřesů, vzájemné nenávisti a
        zatrpklosti, zdálo se, jako bychom měli úspěch. Nějak i tento bezradostný život se zaběhal.
        Každý už měl svoje místečko ke <term
          ref="https://portal.ehri-project.eu/keywords/ehri_terms-837" type="subject">spaní</term> a
        pro svoje věci, měl více méně svoji práci a to nejdůležitější: vznikalo smířlivější ovzduší.
        To byla jedna z největších zásluh <persName
          ref="https://portal.ehri-project.eu/authorities/terezin-victims-person-iti-1296855"
          type="victim">Edelsteinových</persName>. Skutečně se mu podařilo získati důvěru <term
          type="subject" ref="https://portal.ehri-project.eu/keywords/ehri_terms-837"
          >osazenstva</term>, počáteční nenávist vůči němu a jeho spolupracovníkům se uklidnila, ba
        získal již sympatie. Postupně získal si srdce všech, každý měl důvěru, že mluví pravdu, že
        naše věc je též věcí jeho a že zastupoval naše zájmy u <term
          ref="https://portal.ehri-project.eu/keywords/ehri_terms-1216" type="subject">Němců</term>
        jako žádný druhý. Každý věděl, že k <persName
          ref="https://portal.ehri-project.eu/authorities/terezin-victims-person-iti-1296855"
          type="victim">Edelsteinovi</persName> může jíti s jakoukoliv starostí nebo stížností ve
        dne v noci.</p>

      <pb n="2" facs="EHRI-ET-JMP011_02.jpg"/>

      <p>A <term ref="https://portal.ehri-project.eu/keywords/ehri_terms-1216" type="subject"
          >Němci</term> viděli právem v <persName
          ref="https://portal.ehri-project.eu/authorities/terezin-victims-person-iti-1296855"
          type="victim">Edelsteinovi</persName> nebezpečí pro sebe a obávali se ho jako lidového
        vůdce, poněvadž se jim nepodařilo přes všechny snahy vytvořiti nepřeklenutelnou propast mezi
        ním a osazenstvem. Metoda <term
          ref="https://portal.ehri-project.eu/keywords/ehri_terms-1216" type="subject">Němců</term>
        byla velmi průhledná. <persName
          ref="https://portal.ehri-project.eu/authorities/terezin-victims-person-iti-1296855"
          type="victim">Edelstein</persName> říkal často: Chtějí nám dáti všechny možné i nemožné
        výhody, abychom zapomněli, že jsem zástupci židů a abychom cítili spíš svou přináležitost
        k nim, a především chtějí vypěstovati proti nám nenávist osazenstva. K ilustraci malý
        příklad. <term ref="https://portal.ehri-project.eu/keywords/ehri_terms-832" type="subject"
          >Jídlo</term> se vařilo ve společné kuchyni. <term
          ref="https://portal.ehri-project.eu/keywords/ehri_terms-1216" type="subject">Němci</term>
        žádali, aby byla zvláštní kuchyň pro vedoucí spolupracovníky tak zvané <term
          ref="https://portal.ehri-project.eu/keywords/terezin-terms-keyword-jmp-2" type="subject"
          >Samosprávy</term> s odůvodněním, že i na vojně důstojníci jsou <term type="subject"
          ref="https://portal.ehri-project.eu/keywords/ehri_terms-832">stravováni</term> jinak než
        prostí vojíni. <persName
          ref="https://portal.ehri-project.eu/authorities/terezin-victims-person-iti-1296855"
          type="victim">Edelstein</persName> to odmítl a odpověď byla: <q>Komunistické
        methody!</q></p>

      <p>Tak přišel <date when="1942-01">leden 1942</date>: <term
          ref="https://portal.ehri-project.eu/keywords/ehri_terms-541" type="subject">popravy</term>
        několika <term ref="https://portal.ehri-project.eu/keywords/ehri_terms-483" type="subject"
          >obyvatelů tábora</term> pro nepatrné přestoupení <placeName
          ref="https://portal.ehri-project.eu/keywords/ehri_ghettos-449" type="ghetto"
          >táborového</placeName> řádu. <term
          ref="https://portal.ehri-project.eu/keywords/terezin-terms-keyword-jmp-2" type="subject"
          >Rada starších</term>, židovští velitelé <term type="subject"
          ref="https://portal.ehri-project.eu/keywords/ehri_terms-837">kasáren</term>, členové
        pořádkové služby a <term ref="https://portal.ehri-project.eu/keywords/ehri_terms-1125"
          type="subject">četníci</term> museli býti přítomni. Krátce na to při druhých <term
          ref="https://portal.ehri-project.eu/keywords/ehri_terms-541" type="subject"
          >popravách</term>
        <persName
          ref="https://portal.ehri-project.eu/authorities/terezin-victims-person-iti-1296855"
          type="victim">Edelstein</persName> nebyl přítomen, prohlásil, že se na to nepodívá, a
        žádal o zproštění ze své funkce, poněvadž za těchto okolností nemohl býti dále <term
          ref="https://portal.ehri-project.eu/keywords/terezin-terms-keyword-jmp-285" type="subject"
          >židovským starším</term>. Byl to akt zvláštní osobní statečnosti. Demise přijata nebyla,
        ale jeho postavení vůči <term ref="https://portal.ehri-project.eu/keywords/ehri_terms-1216"
          type="subject">Němcům</term> pochopitelně nebylo zlepšeno.</p>

      <p>A <date when="1942-01">leden</date> přinesl ještě jednu hroznou věc: první <term
          ref="https://portal.ehri-project.eu/keywords/terezin-terms-keyword-jmp-267" type="subject"
          >transporty z Terezína</term> do <placeName
          ref="http://www.geonames.org/798544/republic-of-poland.html">Polska</placeName>. Všechno
        bylo marné, úmyslem <term ref="https://portal.ehri-project.eu/keywords/ehri_terms-1216"
          type="subject">Němců</term> bylo pouze <term type="subject"
          ref="https://portal.ehri-project.eu/keywords/ehri_terms-521">dopraviti</term>
        <term ref="https://portal.ehri-project.eu/keywords/terezin-terms-keyword-jmp-279"
          type="subject">protektorátní židy</term> do <placeName
          ref="http://www.geonames.org/798544/republic-of-poland.html">Polska</placeName> přes <term
          type="subject" ref="https://portal.ehri-project.eu/keywords/ehri_terms-505">sběrný
          tábor</term>
        <placeName ref="https://portal.ehri-project.eu/keywords/ehri_ghettos-449" type="ghetto"
          >Terezín</placeName>. Nač jsme jeli dobrovolně do <placeName
          ref="https://portal.ehri-project.eu/keywords/ehri_ghettos-449" type="ghetto"
          >Terezína</placeName>? Ale na takové úvahy nebyl čas, museli jsme pomoci, jak se dalo. A
        byli jsme zase chudší o jednu ilusi.</p>

      <p>Jak by bylo možno zabrániti <term
          ref="https://portal.ehri-project.eu/keywords/ehri_terms-521" type="subject"
          >transportům</term>? <persName
          ref="https://portal.ehri-project.eu/authorities/terezin-victims-person-iti-1296855"
          type="victim">Edelstein</persName> pokračoval ve své teorii o včleňování židů do <term
          ref="https://portal.ehri-project.eu/keywords/ehri_terms-556" type="subject">práce</term>.
        Musíme dokázati důležitost židovské <term
          ref="https://portal.ehri-project.eu/keywords/ehri_terms-556" type="subject"
          >pracovní</term> síly pro <placeName
          ref="https://portal.ehri-project.eu/keywords/terezin-places-place-iti-64"
          >Protektorát</placeName>. Abychom prolomili zamýšlenou koncentraci židů, musíme poslati
          <term ref="https://portal.ehri-project.eu/keywords/ehri_terms-556" type="subject"
          >pracovní</term> sily do míst mimo <placeName
          ref="https://portal.ehri-project.eu/keywords/ehri_ghettos-449" type="ghetto"
          >Terezín</placeName> a musíme dostati zakázky od <term type="subject"
          ref="https://portal.ehri-project.eu/keywords/ehri_terms-373">arijských</term> firem.
        Musíme vybudovati v <placeName
          ref="https://portal.ehri-project.eu/keywords/ehri_ghettos-449" type="ghetto"
          >ghettu</placeName> dílny a závod, snad nám to pomůže. Byl to nerovný boj s obrovskou
        přesilou. Podařilo se poslati <term
          ref="https://portal.ehri-project.eu/keywords/ehri_terms-556" type="subject"
          >pracovní</term> skupinu do <placeName ref="http://www.geonames.org/3073699/kladno.html"
          >kladenských</placeName> a <placeName ref="http://www.geonames.org/3068830/oslavany.html "
          >oslavanských</placeName> dolů, na stavbu silnice u <placeName
          ref="http://www.geonames.org/3077916/ceske-budejovice.html">Českých Budějovic</placeName>
        a na lesní <term ref="https://portal.ehri-project.eu/keywords/ehri_terms-556" type="subject"
          >práce</term> na <placeName ref="http://www.geonames.org/3072699/krivoklat.html"
          >Křivoklátsko</placeName>. I dílny a závody byly vytvořeny a doufali jsme, že jsme se
        dostali o krok dále. Ale ne na dlouho. <term
          ref="https://portal.ehri-project.eu/keywords/ehri_terms-521" type="subject"
          >Transporty</term> šly dále.</p>

      <p>Stovky <term ref="https://portal.ehri-project.eu/keywords/ehri_terms-1055" type="subject"
          >statistik</term>, diagramů, písemných podání bylo složeno a bez ustání bylo dokazováno,
        že v <placeName ref="https://portal.ehri-project.eu/keywords/ehri_ghettos-449" type="ghetto"
          >ghettu</placeName> je takový nedostatek <term
          ref="https://portal.ehri-project.eu/keywords/ehri_terms-556" type="subject">pracovních
          sil</term>, že by bylo ku příkladu nemožno ošetřovati <term
          ref="https://portal.ehri-project.eu/keywords/ehri_terms-292" type="subject"
        >nemocné</term>, kdyby další <term
          ref="https://portal.ehri-project.eu/keywords/ehri_terms-556" type="subject"
          >pracovní</term> síly byly <term
          ref="https://portal.ehri-project.eu/keywords/ehri_terms-521" type="subject"
          >deportovány</term> na východ, že by tak mohly vzniknouti <term
          ref="https://portal.ehri-project.eu/keywords/ehri_terms-292" type="subject">nákazy</term>,
        které by ohrozily celé okolí atd. Probdělé noci, hodně popsaného papíru, důmyslné <term
          ref="https://portal.ehri-project.eu/keywords/ehri_terms-1055" type="subject"
          >statistické</term> kresby a žádný úspěch nebo jen minimální, jednou se podařilo <persName
          ref="https://portal.ehri-project.eu/authorities/terezin-victims-person-iti-1296855"
          type="victim">Edelsteinovi</persName> zabrániti <term
          ref="https://portal.ehri-project.eu/keywords/ehri_terms-521" type="subject"
          >transportu</term> a sem tam docíliti malého časového odkladu,</p>

      <p><term ref="https://portal.ehri-project.eu/keywords/ehri_terms-508" type="subject">Pracovní
          tábor</term>, <placeName ref="https://portal.ehri-project.eu/keywords/ehri_ghettos-449"
          type="ghetto">ghetto</placeName>
        <term ref="https://portal.ehri-project.eu/keywords/terezin-terms-keyword-jmp-274"
          type="subject">starých</term>, sídliště <term
          ref="https://portal.ehri-project.eu/keywords/terezin-terms-keyword-jmp-283" type="subject"
          >prominentů</term> a jak se jmenovaly všechny ty fáze <placeName
          ref="https://portal.ehri-project.eu/keywords/ehri_ghettos-449" type="ghetto"
          >terezínského</placeName> vývoje, stály pod dojmem <placeName
          ref="http://www.geonames.org/798544/republic-of-poland.html">polských</placeName>
        <term ref="https://portal.ehri-project.eu/keywords/ehri_terms-521" type="subject"
          >transportů</term> a naše práce ve znamení snahy zabrániti <term
          ref="https://portal.ehri-project.eu/keywords/ehri_terms-521" type="subject"
          >transportům</term> neb alespoň získati čas.</p>

      <p>A náhle nová naděje: na jaře <date when="1943">1943</date> musely býti otevřeny obchody a
        otevřena <term ref="https://portal.ehri-project.eu/keywords/terezin-terms-keyword-jmp-299"
          type="subject">kavárna</term>. Co to znamenalo? <persName
          ref="https://portal.ehri-project.eu/authorities/terezin-victims-person-iti-1296855"
          type="victim">Edelstein</persName> znal odpověď: Měli jsme býti výstavním kouskem, <term
          ref="https://portal.ehri-project.eu/keywords/ehri_terms-1216" type="subject">Němci</term>
        chtěli dokázati, že nezacházejí tak špatně se Židy, a světu chtěli předvésti ilusi
        židovského města. Opatrně museli jsme těžiti z této situace. Již tehdy <term
          ref="https://portal.ehri-project.eu/keywords/ehri_terms-1216" type="subject">Němci</term>
        počítali zřejmě s <orgName ref="https://portal.ehri-project.eu/authorities/ehri_cb-419"
          type="subject">návštěvou mezinárodních komisí</orgName>, už se tehdy mluvilo v rozhlase, o
        filmu a o komedii, kterou jsme měli pravděpodobně hráti před takovými návštěvníky
        z ciziny.</p>

      <pb n="3" facs="EHRI-ET-JMP011_03.jpg"/>

      <p>Jenom <persName
          ref="https://portal.ehri-project.eu/authorities/terezin-victims-person-iti-1296855"
          type="victim">Edelstein</persName> se neměl již zúčastniti této komedie. Dne <date
          when="1943-11-09">9. listopadu 1943</date> byl <persName
          ref="https://portal.ehri-project.eu/authorities/terezin-victims-person-iti-1296855"
          type="victim">Edelstein</persName>
        <term ref="https://portal.ehri-project.eu/keywords/ehri_terms-598" type="subject"
          >zatčen</term>, jsa obviněn, že dopomohl židům z <placeName
          ref="https://portal.ehri-project.eu/keywords/ehri_ghettos-449" type="ghetto"
          >ghetta</placeName> k <term ref="https://portal.ehri-project.eu/keywords/ehri_terms-204"
          type="subject">útěku</term> do nepřátelské ciziny. Důkaz: hlášení o stavu osazenstva
        nesouhlasila, byla tu nevysvětlená diference asi 50 <term type="subject"
          ref="https://portal.ehri-project.eu/keywords/ehri_terms-483">osob</term>, nastaly těžké
        dny pro <placeName ref="https://portal.ehri-project.eu/keywords/ehri_ghettos-449"
          type="ghetto">ghetto</placeName>, <term
          ref="https://portal.ehri-project.eu/keywords/ehri_terms-487">apel</term> celého <term
          ref="https://portal.ehri-project.eu/keywords/ehri_terms-483" type="subject"
          >osazenstva</term> včetně <term
          ref="https://portal.ehri-project.eu/keywords/ehri_terms-824" type="subject">dětí</term> a
          <term ref="https://portal.ehri-project.eu/keywords/terezin-terms-keyword-jmp-274"
          type="subject">starců</term> v <placeName
          ref="http://www.geonames.org/3079102/bohusovice-nad-ohri.html">bohušovické
          kotlině</placeName>, který trval 16 hodin, a to vše v tísnivé předtuše nastávajícího
        neštěstí. <placeName ref="https://portal.ehri-project.eu/keywords/ehri_ghettos-449"
          type="ghetto">Ghetto</placeName> bylo bez <term
          ref="https://portal.ehri-project.eu/keywords/terezin-terms-keyword-jmp-285" type="subject"
          >vedení</term>, nebyl tu žádný kontakt mezi <term
          ref="https://portal.ehri-project.eu/keywords/ehri_terms-483" type="subject"
          >osazenstvem</term> a novým <term
          ref="https://portal.ehri-project.eu/keywords/terezin-terms-keyword-jmp-285" type="subject"
          >vedením</term>, scházela důvěra <term
          ref="https://portal.ehri-project.eu/keywords/ehri_terms-483" type="subject"
          >obyvatele</term> k svým zástupcům.</p>

      <p><persName
          ref="https://portal.ehri-project.eu/authorities/terezin-victims-person-iti-1296855"
          type="victim">Edelstein</persName> sám si nedělal iluse o svém osudu. V <date
          when="1943-12">prosinci 1943</date> byl zařazen i se svou rodinou do <term
          ref="https://portal.ehri-project.eu/keywords/ehri_terms-521" type="subject"
          >transportu</term> do <placeName
          ref="https://portal.ehri-project.eu/keywords/ehri_camps-0" type="camp"
          >Osvětími</placeName>. Jeho nejbližší přátelé a spolupracovníci chtěli jeti zase
        dobrovolně s ním. Židovský dozorce, který zprostředkoval spojení s <persName
          ref="https://portal.ehri-project.eu/authorities/terezin-victims-person-iti-1296855"
          type="victim">Edelsteinem</persName> ve <term
          ref="https://portal.ehri-project.eu/keywords/ehri_terms-669" type="subject">vězení</term>,
        vykládal, že <persName
          ref="https://portal.ehri-project.eu/authorities/terezin-victims-person-iti-1296855"
          type="victim">Edelstein</persName> plakal nad tímto důkazem přátelství, že však co
        nejrozhodnějí zakázal, aby někdo jel dobrovolně s ním. Mezitím jsme se dozvěděli důvěrně, že
          <orgName
          ref="https://portal.ehri-project.eu/authorities/terezin-victims-person-iti-1296855"
          type="victim">Edelstein</orgName> byl rozsudkem odsouzen k pobytu v <placeName
          ref="https://portal.ehri-project.eu/keywords/ehri_camps-0" type="camp"
          >Osvětími</placeName>, víc nám tehdy prozrazeno nebylo.</p>

      <p>Po <date when="1943-12">prosinci 1943</date> byl <placeName
          ref="https://portal.ehri-project.eu/keywords/ehri_ghettos-449" type="ghetto"
          >Terezín</placeName> ještě šedší a bezutěšenější. S <persName
          ref="https://portal.ehri-project.eu/authorities/terezin-victims-person-iti-1296855"
          type="victim">Edelsteinem</persName> zmizelo z <placeName
          ref="https://portal.ehri-project.eu/keywords/ehri_ghettos-449" type="ghetto"
          >ghetta</placeName> ovzduší důvěry. Současně s ním také celá řada spolupracovníků
        z oddělení, která mu podléhala, byla nuceně zařazena do <term
          ref="https://portal.ehri-project.eu/keywords/ehri_terms-521" type="subject"
          >transportu</term>. Od toho dne měli jsme pocit, že schází jakákoliv koncepce, že rozkazy
        se prostě udělují a provádějí.</p>

      <p>Jaro <date when="1944">1944</date>. <q><term type="subject"
            ref="https://portal.ehri-project.eu/keywords/terezin-terms-keyword-jmp-298"><foreign
              xml:lang="de">Stadtverschönerung</foreign></term></q>. Všichni ještě vzpomínáme na ten
        blázinec z léta <date when="1944">1944</date>. Zakládaly se sady a zelené plochy, <term
          ref="https://portal.ehri-project.eu/keywords/terezin-terms-keyword-jmp-190" type="subject"
          >dětské domovy</term> se všelijakými hračkami, pavilon pro <term
          ref="https://portal.ehri-project.eu/keywords/ehri_terms-824" type="subject">děti</term> se
        skluzavkou, <term
          ref="https://portal.ehri-project.eu/keywords/terezin-terms-keyword-jmp-721" type="subject"
          >starobince</term>, vzorné <term
          ref="https://portal.ehri-project.eu/keywords/ehri_terms-837" type="subject">obytné</term>
        místnosti, <term ref="https://portal.ehri-project.eu/keywords/ehri_terms-691" type="subject"
          >hudební</term> pavilon, <term
          ref="https://portal.ehri-project.eu/keywords/ehri_terms-832" type="subject"
          >jídelny</term>,<term ref="https://portal.ehri-project.eu/keywords/ehri_terms-691"
          type="subject">koncertní</term> a <term
          ref="https://portal.ehri-project.eu/keywords/ehri_terms-698" type="subject"
          >divadelní</term> síně. Všechno pro <orgName
          ref="https://portal.ehri-project.eu/authorities/ehri_cb-419" type="subject">komisi
          mezinárodního Červeného kříže</orgName>. Nechceme popírati, že jsme některých z těchto
        nařízení mohli skutečně používati pro sebe a že tím skutečně nastalo určité přechodné
        ulehčení. Ale byl to tanec na sopce.</p>

      <p>Právě v těchto dnech jsme se dozvěděli, že <term
          ref="https://portal.ehri-project.eu/keywords/ehri_terms-482" type="subject">velitel
          tábora</term>
        <persName ref="https://portal.ehri-project.eu/authorities/ehri_pers-000318">Rahm</persName>
        poslal do <placeName ref="http://www.geonames.org/2950159/berlin.html">Berlína</placeName>
        podání, ve kterém poukázal na rostoucí nebezpečí v <placeName
          ref="https://portal.ehri-project.eu/keywords/ehri_ghettos-449" type="ghetto"
          >Terezíně</placeName>, poněvadž prý důstojníci jednotlivých národností, zejména <placeName
          ref="http://www.geonames.org/3077311/czechia.html">čeští</placeName> důstojníci se
        sdružují ve skupinách. Bylo jasné, že toto obvinění znamenalo velké nebezpečí. Krátce na to
        byli registrováni důstojníci a pak začaly tak zvané dělnické <term
          ref="https://portal.ehri-project.eu/keywords/ehri_terms-521" type="subject"
          >transporty</term>…….</p>

      <p>Dne <date when="1944-10-28">28. října 1944</date>
        <placeName ref="https://portal.ehri-project.eu/keywords/ehri_ghettos-449" type="ghetto"
          >Terezín</placeName> se podobal hřbitovu. Všechno šedé……. Město bez <term
          ref="https://portal.ehri-project.eu/keywords/ehri_terms-826" type="subject">mužů</term>.
        Protiklad k zářnému létu byl příliš veliký, zima byla přede dveřmi a ještě žádný konec <term
          type="subject" ref="https://portal.ehri-project.eu/keywords/ehri_terms-1080">války</term>.
        Co se stane s našimi <term ref="https://portal.ehri-project.eu/keywords/ehri_terms-826"
          type="subject">muži</term>, <term
          ref="https://portal.ehri-project.eu/keywords/ehri_terms-824" type="subject">dětmi</term>,
        sourozenci, uvidíme je vůbec ještě? A pak tu byla nutnost vykonati <term
          ref="https://portal.ehri-project.eu/keywords/ehri_terms-556" type="subject">práci</term> v
          <placeName ref="https://portal.ehri-project.eu/keywords/ehri_ghettos-449" type="ghetto"
          >ghettu</placeName> za všechny ty, kteří odjeli. Většina <term
          ref="https://portal.ehri-project.eu/keywords/ehri_terms-837" type="subject">ubikací</term>
        byla neobyvatelných pro množství zanechaných kufrů, zbytečných věcí, nábytku, kterého už
        nebylo zapotřebí. Bylo nutno vykliditi skoro všechny <term
          ref="https://portal.ehri-project.eu/keywords/ehri_terms-837" type="subject"
        >ubikace</term>, nábytek musel býti transportován, na nádraží stály nevyprázdněné vagony,
        přišel rozkaz ke stavbě <term ref="https://portal.ehri-project.eu/keywords/ehri_terms-837"
          type="subject">baráků</term>, <term
          ref="https://portal.ehri-project.eu/keywords/ehri_terms-292" type="subject">nemocní</term>
        museli býti přenášeni atd., atd. A v <placeName
          ref="https://portal.ehri-project.eu/keywords/ehri_ghettos-449" type="ghetto"
          >Terezíně</placeName> jen úplně apatické a zoufalé <term
          ref="https://portal.ehri-project.eu/keywords/ehri_terms-825" type="subject">ženy</term>.
        Musíme vydržet, abychom se shledaly se svými rodinnými příslušníky, a <term
          ref="https://portal.ehri-project.eu/keywords/ehri_terms-825" type="subject">ženy</term>
        začínají konati nejtěžší <term ref="https://portal.ehri-project.eu/keywords/ehri_terms-826"
          type="subject">mužské</term>
        <term ref="https://portal.ehri-project.eu/keywords/ehri_terms-556" type="subject"
          >práce</term>. Vrátí se naši <term
          ref="https://portal.ehri-project.eu/keywords/ehri_terms-826" type="subject">muži</term>,
        věříš tomu? Tisíckrát opakovaná otázka. Musejí se vrátit. Iluse? V <date when="1945-04"
          >dubnu</date> se rozšiřuje v noci náhle pověst, že <term
          ref="https://portal.ehri-project.eu/keywords/ehri_terms-1216" type="subject">SSáci</term>
        odtáhli a že jsme převzati <orgName
          ref="https://portal.ehri-project.eu/authorities/ehri_cb-419">Červeným křížem</orgName>.
        Všechno jde se zpěvem uprostřed noci do ulic a provolává se sláva nové Československé
        republice. Až……… se objeví <term
          ref="https://portal.ehri-project.eu/keywords/ehri_terms-1216" type="subject">SSáci</term>
        se strojními puškami. Také <term
          ref="https://portal.ehri-project.eu/keywords/ehri_terms-573" type="subject"
          >osvobození</term> jen ilusí?</p>

      <pb n="4" facs="EHRI-ET-JMP011_04.jpg"/>

      <p>A od <date when="1945-04-20">20. dubna 1945</date> přichází během dvou dnů 15.000 <term
          type="subject" ref="https://portal.ehri-project.eu/keywords/ehri_terms-569"
          >vyhladovělých</term>, <term ref="https://portal.ehri-project.eu/keywords/ehri_terms-292"
          type="subject">nemocných</term>, <term
          ref="https://portal.ehri-project.eu/keywords/ehri_terms-745" type="subject"
          >umírajících</term> zbídačených <term
          ref="https://portal.ehri-project.eu/keywords/ehri_terms-483" type="subject">vězňů</term>
        z různých <term ref="https://portal.ehri-project.eu/keywords/ehri_terms-496" type="subject"
          >koncentračních táborů</term> po pravém <term
          ref="https://portal.ehri-project.eu/keywords/ehri_terms-517" type="subject">pochodu hladu
          a smrti</term> do <placeName
          ref="https://portal.ehri-project.eu/keywords/ehri_ghettos-449" type="ghetto"
          >Terezína</placeName>. Všechno je na ulicích a hledá mezi těmi hroznými postavami s nadějí
        a se strachem známý obličej. Strašné hodiny a ještě strašnější jistota. Poslední naděje na
        návrat <term ref="https://portal.ehri-project.eu/keywords/ehri_terms-826" type="subject"
          >mužů</term>, <term ref="https://portal.ehri-project.eu/keywords/ehri_terms-824"
          type="subject">dětí</term> a příbuzných mizí……. Zase konec jedné ilusi. Hluboká deprese se
        zmocňuje <placeName ref="https://portal.ehri-project.eu/keywords/ehri_ghettos-449"
          type="ghetto">tábora</placeName>, v němž je tisíce <term
          ref="https://portal.ehri-project.eu/keywords/ehri_terms-745" type="subject"
          >umírajících</term> a <term ref="https://portal.ehri-project.eu/keywords/ehri_terms-292"
          type="subject">nemocných</term>
        <term ref="https://portal.ehri-project.eu/keywords/ehri_terms-493" type="subject"
          >tyfem</term>, musíme se vzchopit a pomáhat, aby byl zachráněn alespoň zbytek, který to
        přežil, s vypětím poslední síly.</p>

      <p>Dne <date when="1945-05-08">8. května</date> jsme <term
          ref="https://portal.ehri-project.eu/keywords/ehri_terms-573" type="subject"
          >osvobozeni</term>
        <orgName ref="https://portal.ehri-project.eu/authorities/ehri_cb-004583">Rudou
          armádou</orgName>. Žádná pravá radost v <placeName
          ref="https://portal.ehri-project.eu/keywords/ehri_ghettos-449" type="ghetto"
          >ghettu</placeName>, žádný pravý jásot, jen jeden pocit – pozdě, všechno příliš pozdě. Jen
        v románech přichází <term ref="https://portal.ehri-project.eu/keywords/ehri_terms-573"
          type="subject">osvobození</term> v pravý okamžik.</p>

      <p><persName
          ref="https://portal.ehri-project.eu/authorities/terezin-victims-person-iti-1296855"
          type="victim">Edelsteinova</persName> koncepce – nemusela býti ilusí, kdyby se byla <term
          type="subject" ref="https://portal.ehri-project.eu/keywords/ehri_terms-1080">válka</term>
        skončila alespoň o půl roku dříve, byla by se zachránila většina <term
          ref="https://portal.ehri-project.eu/keywords/terezin-terms-keyword-jmp-279" type="subject"
          >protektorátních židů</term>. A zbytek zdejších židů, kteří to přežili v <term
          ref="https://portal.ehri-project.eu/keywords/ehri_terms-496" type="subject">koncentračních
          táborech</term> a v <placeName
          ref="https://portal.ehri-project.eu/keywords/ehri_ghettos-449" type="ghetto"
          >Terezíně</placeName>, nevděčí snad tak trochu za svůj život této <persName
          ref="https://portal.ehri-project.eu/authorities/terezin-victims-person-iti-1296855"
          type="victim">Edelsteinově</persName> ilusi?</p>
    </body>
  </text>
</TEI>
