<?xml version="1.0" encoding="UTF-8"?>
<?xml-model href="http://www.tei-c.org/release/xml/tei/custom/schema/relaxng/tei_all.rng" type="application/xml" schematypens="http://relaxng.org/ns/structure/1.0"?>
<TEI xmlns="http://www.tei-c.org/ns/1.0" xml:id="EHRI-ET-JMP020_DE">
  <teiHeader>
    <fileDesc>
      <titleStmt>
        <title>Klang, Heinrich: Denkschrift über die Ausübung der Gerichtsbarkeit in Theresienstadt.
          Protokoll (Dokumentační akce)</title>
      </titleStmt>
      <editionStmt>
        <edition>EHRI Edition of Early Holocaust Testimony</edition>
        <author>
          <persName>Michal Frankl</persName>
        </author>
        <author>
          <persName>Magdalena Sedlická</persName>
        </author>
        <author>
          <persName>Wolfgang Schellenbacher</persName>
        </author>
      </editionStmt>
      <publicationStmt>
        <publisher>
          <ref target="https://www.ehri-project.eu/">European Holocaust Research
            Infrastructure</ref>
        </publisher>
        <availability>
          <licence target="http://creativecommons.org/licenses/by-sa/4.0/">Attribution-ShareAlike
            4.0 International</licence>
        </availability>
      </publicationStmt>
      <sourceDesc>
       
        <msDesc>
          <msIdentifier>
            <country ref="https://portal.ehri-project.eu/countries/cz">Czech
              Republic</country>
            <repository ref="https://portal.ehri-project.eu/institutions/cz-002279"
              >Jewish Museum in Prague</repository>
            <collection
              ref="https://portal.ehri-project.eu/units/cz-002279-collection_jmp_shoah_t"
              >Terezín</collection>
            <idno>inventory number 343 (Testimonies, scholarly papers and artworks
              dating from after the liberation)</idno>
            
          </msIdentifier>
          <physDesc/>
        </msDesc>
        <bibl>JMP, T, inv. no 343 <textLang mainLang="de">Original in German.</textLang></bibl>
      </sourceDesc>
    </fileDesc>
    <profileDesc>
      <creation><term type="subject"
        ref="https://portal.ehri-project.eu/keywords/terezin-terms-keyword-jmp-657">Dokumentační
        akce</term>, <persName
          ref="https://portal.ehri-project.eu/authorities/terezin-victims-person-iti-1139009"
          >Heinrich Klang</persName>, <idno>EHRI-ET-JMP020</idno></creation>
      
      <textClass>
        <keywords>
          <term>testimony</term>
        </keywords>
      </textClass>
      
      <langUsage>
        <language ident="de">German</language>
      </langUsage>
      <abstract>
        <p>Testimony of Heinrich Klang, which became a part of the Documentation campaign, Prague.
          Klang was a chief judge of the ghetto Court in Theresienstadt and a member of the Council
          of the Elders of the Jews in the ghetto. Klang describes the court system in
          Theresienstadt. He explains in detail the ghetto jurisdiction over custody, probate and
          criminal matters.</p>
      </abstract>
    </profileDesc>
  </teiHeader>
  <text>
    <body>
      <pb n="1" facs="EHRI-ET-JMP020_01.jpg"/>
      
      <p rend="center">Denkschrift über die Ausübung der<term
          ref="https://portal.ehri-project.eu/keywords/ehri_terms-1127" type="subject"
          >Gerichtsbarkeit</term> in <placeName
          ref="https://portal.ehri-project.eu/keywords/ehri_ghettos-449"
          >Theresienstadt</placeName>.</p>

      <p>Die <term ref="https://portal.ehri-project.eu/keywords/ehri_terms-1127"
          type="subject">Gerichtsbarkeit</term> des <term type="subject"
          ref="https://portal.ehri-project.eu/keywords/ehri_terms-1127"
          >Gerichtes</term>
        <orgName ref="https://portal.ehri-project.eu/vocabularies/terezin-jewishcouncil">der
          Jüdischen Selbstverwaltung</orgName> in <placeName
          ref="https://portal.ehri-project.eu/keywords/ehri_ghettos-449"
          >Theresienstadt</placeName> leitete sich aus der Ermächtigung durch die hiesige <term
          type="subject" ref="https://portal.ehri-project.eu/keywords/ehri_terms-1216"
          >Dienststelle</term> der deutschen Sicherheitsbehörden ab. Sie umfasste die <term
          ref="https://portal.ehri-project.eu/keywords/ehri_terms-1127" type="subject"
          >Gerichtsbarkeit</term> in Vormundschafts-, Verlassenschafts- und <orgName
          ref="https://portal.ehri-project.eu/keywords/terezin-jewishcouncil-organisation-jmp-314"
          >Strafsachen</orgName>. In Verlassenschaftssachen beschränkte sich die Tätigkeit des <term
          type="subject" ref="https://portal.ehri-project.eu/keywords/ehri_terms-1127"
          >Gerichtes</term> auf die Beschlagnahme der hinterlassenen Kleider- und Wäschestücke, da
        die jüdische Siedlung die zur Ausstattung der notleidenden <term type="subject"
          ref="https://portal.ehri-project.eu/keywords/ehri_terms-483">Bewohner</term>
        erforderlichen Stücke auf andere Weise nicht erlangen konnte; wirkliche Nachlassbehandlungen
        gab es mangels von Vermögen nicht. Die Zuständigkeit <orgName
          ref="https://portal.ehri-project.eu/keywords/terezin-jewishcouncil-organisation-jmp-314"
          >des Gerichtes in Strafsachen</orgName> deckte sich ursprünglich mit der gewöhnlichen
        Zuständigkeit eines <term type="subject"
          ref="https://portal.ehri-project.eu/keywords/ehri_terms-1127"
          >Bezirksgerichtes</term>. Aus Anlass besonderer Fälle wurde die <term
          ref="https://portal.ehri-project.eu/keywords/ehri_terms-1127" type="subject"
          >Gerichtsbarkeit</term> durch Sonderermächtigung <term type="subject"
          ref="https://portal.ehri-project.eu/keywords/ehri_terms-1216">der Dienststelle</term>
        allmählich erweitert und umfasste schliesslich die volle Kompetenz zur Aburteilung von
        Verbrechen und Vergehen, deren Aburteilung, wie jene der Uebertretungen einem Einzelrichter
        anvertraut war.</p>
      <p>Da mit dem Wegfall der <term type="subject"
          ref="https://portal.ehri-project.eu/keywords/ehri_terms-1216">Dienststelle</term> die
        rechtliche Grundlage der <term
          ref="https://portal.ehri-project.eu/keywords/ehri_terms-1127" type="subject"
          >Gerichtsbarkeit</term> entfallen war, wurde die Tätigkeit des <term type="subject"
          ref="https://portal.ehri-project.eu/keywords/ehri_terms-1127"
          >Gerichtes</term> vorläufig zum grössten Teile eingestellt und nur soweit fortgesetzt, als
        es sich um die Feststellung strafbarere Tatbestände im Vorverfahren handelte.</p>
      <p>Eine besondere Vormundschaftsgerichtsbarkeit für <placeName
          ref="https://portal.ehri-project.eu/keywords/ehri_ghettos-449"
          >Theresienstadt</placeName> ist mit Rücksicht auf die voraussichtlich kurze Dauer des
        Bestandes dieser Siedlung vollkommen entbehrlich. Desgleichen entfällt das Bedürfnis nach
        einer Verlassenschaftsgerichtsbarkeit, da die Tätigkeit des <term type="subject"
          ref="https://portal.ehri-project.eu/keywords/ehri_terms-1127"
          >Gerichtes</term> nur in der Entscheidung bestehen könnte, dass mangels eines Vermögens
        keine Verlassenschaftsbehandlung stattfindet.</p>
      <p>Unentbehrlich scheint dagegen die Aufrechterhaltung einer Strafjustiz. Die Kriminalität in
          <placeName ref="https://portal.ehri-project.eu/keywords/ehri_ghettos-449"
          >Theresienstadt</placeName> hatte eine einzigartige Färbung; neben einer geringen Zahl von
        Amtsehrenbeleidigungen und leichten Körperverletzungen (§ 411) kamen beinahe nur
        Vermögensdelikte vor, welche durch die dürftige Ernährung veranlasst waren und entweder in
        Diebstählen aus den Gemeinschaftslagern oder in Betrügereien bei der <term type="subject"
          ref="https://portal.ehri-project.eu/keywords/ehri_terms-832">Essensausgaben</term>
        bestanden. Diese Delikte waren ihrer grossen Zahl wegen bedenklich und mussten
        unverhältnismässig höher bestraft werden, als die ausserhalb <placeName
          ref="https://portal.ehri-project.eu/keywords/ehri_ghettos-449"
          >Theresienstadt</placeName> üblichen Strafsätzen für solche Delikte gewesen sind. Diese
        Delikte haben weiter angedauert und werden wohl nicht aufhören. Das zuständige <term
          type="subject" ref="https://portal.ehri-project.eu/keywords/ehri_terms-1127"
          >Bezirksgericht</term> wird kaum in der Lage sein, sich mit der Aburteilung dieser nach
        den allgemeinen Verhältnissen kleinlichen Dinge zu befassen. Straflos können sie aber nicht
        bleiben.</p>
      <p>In der Zusammensetzung <term type="subject"
          ref="https://portal.ehri-project.eu/keywords/ehri_terms-483">der Bevölkerung</term> ist
        durch die letzten, von den deutschen Behörden veranstalteten <term
          ref="https://portal.ehri-project.eu/keywords/ehri_terms-521" type="subject"
          >Transporte</term> eine Verschiebung eingetreten, welche in krimineller Hinsicht eine
        weitgehende Verschlechterung bedeutet. Es sind <term type="subject"
          ref="https://portal.ehri-project.eu/keywords/ehri_terms-521">Transporte</term> aus <term
          type="subject" ref="https://portal.ehri-project.eu/keywords/ehri_terms-496"
          >Konzentrationslagern</term> eingelangt in welchem sich politische sondern gemeine
        Verbrecher verwahrt waren. [sic!]</p>
      <p>Auch sind die übrigen <term type="subject"
          ref="https://portal.ehri-project.eu/keywords/ehri_terms-483">Insassen</term> von <term
          type="subject" ref="https://portal.ehri-project.eu/keywords/ehri_terms-496"
          >K.Z.Lagern</term> schwer an die Einhaltung von Ruhe und Ordnung zu gewöhnen. Es sind
        daher in der letzten Zeit vielfach Verbrechen vorgekommen, deren Ahndung mangels einer
        ausreichenden Vollzugsgewalt unterbleiben musste. Die Bestrafung solcher Handlungen wird
        wohl durch die ordentlichen <term type="subject"
          ref="https://portal.ehri-project.eu/keywords/ehri_terms-1127"
          >Gerichte</term> erfolgen müssen. Diese werden aber kaum in der Lage sein, die
        erforderlichen Organe zur Durchführung des Vorverfahrens beizustellen. In diesem Umfange
        wäre eine Fortsetzung der Tätigkeit des bisherigen jüdischen <term type="subject"
          ref="https://portal.ehri-project.eu/keywords/ehri_terms-1127"
          >Gerichtes</term> zweckmässig.</p>
      <p>Überdies kann die Ausübung der Polizeistrafgewalt natürlich nicht entbehrt werden. Sie ist
      bisher von einem Richter ausgeübt worden.</p>
      
      <pb n="2" facs="EHRI-ET-JMP020_02.jpg"/>
      
      <p>Zusammenfassen ist für <placeName
          ref="https://portal.ehri-project.eu/keywords/ehri_ghettos-449"
          >Theresienstadt</placeName> eine besondere <term
          ref="https://portal.ehri-project.eu/keywords/ehri_terms-1127" type="subject"
          >Rechtsprechung</term> und Uebertretungssachen und eine solche in Polizeistrafsachen
        unbedingt erforderlich. Ebenso muss für die Möglichkeit vorgesorgt sein, dass die
        Tatbestände von Verbrechen und Vergehen festgestellt werden können. Soweit diese Tätigkeit
        durch die normal vorgesehenen Organe nicht versehen werden können, wird die Weiterbelassung
        des <placeName ref="https://portal.ehri-project.eu/keywords/ehri_ghettos-449"
          >Theresienstädter</placeName>
        <term type="subject"
          ref="https://portal.ehri-project.eu/keywords/ehri_terms-1127"
          >Gerichtes</term> in diesem Rahmen empfohlen.</p>
      
      <p>Unterschrift unleserlich</p>
      <p>
        <persName
          ref="https://portal.ehri-project.eu/authorities/terezin-victims-person-iti-1139009"
          type="victim">Dr. Klang</persName>
      </p>
      <p>Opsáno dle originálu</p>
      <p>Za <term type="subject"
          ref="https://portal.ehri-project.eu/keywords/terezin-terms-keyword-jmp-657">dokumentační
        akci</term> přijal <persName ref="#ehri_et_shek_zeev">Scheck</persName></p>
      <p>Za archiv přijal <persName ref="#ehri_et_tressler_harald">Tressler</persName>.</p>
    </body>
  </text>
</TEI>
