<?xml version="1.0" encoding="UTF-8"?>
<?xml-model href="http://www.tei-c.org/release/xml/tei/custom/schema/relaxng/tei_all.rng" type="application/xml" schematypens="http://relaxng.org/ns/structure/1.0"?>
<TEI xmlns="http://www.tei-c.org/ns/1.0" xml:id="EHRI-ET-DEGOB0884_EN">
  <teiHeader>
    <fileDesc>
      <titleStmt>
        <title>Protocol no. 884.</title>
      </titleStmt>
      <editionStmt>
        <edition>EHRI Edition of Early Holocaust Testimony</edition>
        <author>
          <persName>Zoltán Vági</persName>
        </author>
        <author>
          <persName>Gábor Kádár</persName>
        </author>
      </editionStmt>
      <publicationStmt>
        <publisher>
          <ref target="https://www.ehri-project.eu/">European Holocaust Research
            Infrastructure</ref>
        </publisher>
        <availability>
          <licence target="http://creativecommons.org/licenses/by-sa/4.0/">Attribution-ShareAlike
            4.0 International</licence>
        </availability>
      </publicationStmt>
      <sourceDesc>
        <msDesc>
          <msIdentifier>
            <country ref="https://portal.ehri-project.eu/countries/hu">Hungary</country>
            <repository ref="https://portal.ehri-project.eu/institutions/hu-002737">Hungarian Jewish
              Archives</repository>
            <collection ref="https://portal.ehri-project.eu/units/hu-002737-hu_hja_pih_i_m#desc-eng"
              >National Relief Committee for Deportees (interview project, DEGOB)</collection>

          </msIdentifier>
          <physDesc/>
        </msDesc>
        <bibl>HJA, DEGOB, Protocol no. 884 <textLang mainLang="hu">Original in
          Hungarian.</textLang></bibl>

      </sourceDesc>
    </fileDesc>
    <profileDesc>
      <creation><date when="1945-07-20">20. 7. 1945</date>, <orgName
          ref="https://portal.ehri-project.eu/authorities/ehri_cb-004602">National Committee for
          Attending Deportees (DEGOB)</orgName>, <placeName
          ref="https://portal.ehri-project.eu/keywords/ehri_camps-0">Auschwitz</placeName>,
          <placeName type="camp" ref="https://portal.ehri-project.eu/keywords/ehri-camps-2"
          >Birkenau</placeName>, <placeName ref="http://www.geonames.org/3054643/budapest.html"
          >Budapest</placeName>, <placeName>Rökk Szilárd Street</placeName>, <placeName
          ref="http://www.geonames.org/3050290/kistarcsa.html">Kistarcsa</placeName>, <placeName
          ref="http://www.geonames.org/2836554/schoenholz.html">Schönholz</placeName>, <placeName
          ref="https://portal.ehri-project.eu/keywords/ehri_camps-760">Ravensbrück</placeName>,
          <idno>EHRI-ET-DEGOB0884</idno></creation>
      <textClass>
        <keywords>
          <term>testimony</term>
        </keywords>
      </textClass>

      <langUsage>
        <language ident="en">English</language>
      </langUsage>
      <abstract>
        <p>Testimony of the 32-year old dr, B.K. on her arrest and interrogations by the State
          Security Surveillance in Budapest, her detention in the Rökk Szilárd Street police
          detention house and the Kistarcsa internment camp, deportation to Birkenau, her
          experiences as camp doctor in Lager C, witnessing selections by Josef Mengele, doing
          forced labour in an Aussenkommando near Auschwitz and in Schönholz near Berlin, taken to
          the infirmary in Ravensbrück, and her escape from a foot march and liberation by the
          Soviet Army.</p>
      </abstract>
    </profileDesc>
  </teiHeader>
  <text>
    <body>
      <p>DEGOB Protocol 884</p>

      <p>Keywords: <term ref="https://portal.ehri-project.eu/keywords/ehri_terms-504" type="subject"
          >internment camp</term>, <term
          ref="https://portal.ehri-project.eu/keywords/ehri_terms-518" type="subject"
          >deportation</term>, <term ref="https://portal.ehri-project.eu/keywords/ehri_terms-411"
          type="subject">selection</term>, <persName
          ref="https://portal.ehri-project.eu/authorities/ehri_pers-000272">Josef
        Mengele</persName>, <term ref="https://portal.ehri-project.eu/keywords/ehri_terms-529"
          type="subject">extermination</term>, <term
          ref="https://portal.ehri-project.eu/keywords/ehri_terms-573" type="subject"
          >liberation</term></p>

      <p>The person in question has given us the following information: On the <date
          when="1944-05-10">10th of May 1944</date>, a detective appeared in my flat and told me to
        go to <placeName ref="http://www.geonames.org/3054643/budapest.html">Svábhegy</placeName> to
        testify in a case. Of course this detective reassured me with a smile that it was all
        nothing and I would be back home the same day. There was no <term
          ref="https://portal.ehri-project.eu/keywords/ehri_terms-634" type="subject"
          >interrogation</term> for two days. When finally I was <term
          ref="https://portal.ehri-project.eu/keywords/ehri_terms-634" type="subject"
          >interrogated</term>, they asked me whether I had participated in a certain excursion. I
        found out that some members of the company with whom I had indeed been on an excursion had
        been <term ref="https://portal.ehri-project.eu/keywords/ehri_terms-337" type="subject"
          >arrested</term>, and I myself was also suspected. After the <term
          ref="https://portal.ehri-project.eu/keywords/ehri_terms-634" type="subject"
          >interrogation</term>, saying that they would take me home they took me into <placeName
          ref="http://www.geonames.org/3054643/budapest.html">Rökk Szilárd street</placeName>. Of
        course I never made it home, I was incarcerated in <placeName
          ref="http://www.geonames.org/3054643/budapest.html">Rökk Szilárd Street</placeName> for a
        month. Around the <date when="1944-06-12">12th of June</date>, I was taken into a <term
          ref="https://portal.ehri-project.eu/keywords/ehri_terms-504" type="subject">camp</term>
        for the <term ref="https://portal.ehri-project.eu/keywords/ehri_terms-292" type="subject"
          >sick</term> in <placeName ref="http://www.geonames.org/3054643/budapest.html">Szabolcs
          Street</placeName>, where I could work as a <term
          ref="https://portal.ehri-project.eu/keywords/ehri_terms-1427" type="subject"
        >doctor</term>. This <term ref="https://portal.ehri-project.eu/keywords/ehri_terms-504"
          type="subject">camp</term> was emptied soon afterwards and I was again taken back into
          <placeName ref="http://www.geonames.org/3054643/budapest.html">Rökk Szilárd
          Street</placeName>. The next day, I was entrained at <placeName
          ref="http://www.geonames.org/3054643/budapest.html">Keleti</placeName> railway station, I
        ended up in <placeName ref="http://www.geonames.org/3050290/kistarcsa.html"
          >Kistarcsa</placeName>, from where I was taken to <placeName
          ref="https://portal.ehri-project.eu/keywords/ehri_camps-2">Auschwitz</placeName> three
        days later. I arrived in <placeName
          ref="https://portal.ehri-project.eu/keywords/ehri_camps-2">Auschwitz</placeName> on the
          <date when="1944-06-17">17th of June 1944</date>. <term
          ref="https://portal.ehri-project.eu/keywords/ehri_terms-1207" type="subject">People</term>
        were <term ref="https://portal.ehri-project.eu/keywords/ehri_terms-411" type="subject"
          >sorted</term> out already at the station. <term
          ref="https://portal.ehri-project.eu/keywords/ehri_terms-826" type="subject">Men</term> and
          <term ref="https://portal.ehri-project.eu/keywords/ehri_terms-825" type="subject"
          >women</term> had to stand <term
          ref="https://portal.ehri-project.eu/keywords/ehri_terms-411" type="subject"
          >separately</term>. Old people and <term
          ref="https://portal.ehri-project.eu/keywords/ehri_terms-824" type="subject"
          >children</term> were <term ref="https://portal.ehri-project.eu/keywords/ehri_terms-411"
          type="subject">separated</term> from <term
          ref="https://portal.ehri-project.eu/keywords/ehri_terms-826" type="subject">men</term>. In
        the baths, which was a huge building, we had to get completely naked. We could only keep our
          <term ref="https://portal.ehri-project.eu/keywords/ehri_terms-836" type="subject"
          >shoes</term> and glasses. They shaved our hair off also on our bodies. We were standing
        there naked for hours till finally we had a bath and were disinfected. We got rags in return
        for our <term ref="https://portal.ehri-project.eu/keywords/ehri_terms-836" type="subject"
          >clothes</term>. They did not even check what size of <term
          ref="https://portal.ehri-project.eu/keywords/ehri_terms-836" type="subject"
          >clothing</term> would fit each <term
          ref="https://portal.ehri-project.eu/keywords/ehri_terms-1207" type="subject"
        >person</term>. They gave long, baggy <term
          ref="https://portal.ehri-project.eu/keywords/ehri_terms-836" type="subject">dresses</term>
        for small <term ref="https://portal.ehri-project.eu/keywords/ehri_terms-1207" type="subject"
          >people</term> and vice versa. There were some who could parade in <term
          ref="https://portal.ehri-project.eu/keywords/ehri_terms-836" type="subject">evening
          dresses</term> … <term ref="https://portal.ehri-project.eu/keywords/ehri_terms-832"
          type="subject">Soup</term>, toothbrush, towel? What for? I got into <placeName
          ref="https://portal.ehri-project.eu/keywords/ehri_camps-2">Camp C</placeName>, which was a
          <placeName ref="https://portal.ehri-project.eu/keywords/ehri_camps-2">transport
          camp</placeName>. I <term ref="https://portal.ehri-project.eu/keywords/ehri_terms-556"
          type="subject">worked</term> here for two and a half months as a <term
          ref="https://portal.ehri-project.eu/keywords/ehri_terms-1427" type="subject"
        >doctor</term>, therefore my <term
          ref="https://portal.ehri-project.eu/keywords/ehri_terms-832" type="subject">rations</term>
        were somewhat better than those of <q>simple bunk dweller</q>. It was already a great thing
        that I did not have to <term ref="https://portal.ehri-project.eu/keywords/ehri_terms-831"
          type="subject">sleep</term> on a bunk made for ca. 5 <term
          ref="https://portal.ehri-project.eu/keywords/ehri_terms-1207" type="subject">people</term>
        with twelve, thirteen or fourteen other <term
          ref="https://portal.ehri-project.eu/keywords/ehri_terms-1207" type="subject"
        >people</term>. In <placeName ref="https://portal.ehri-project.eu/keywords/ehri_camps-2"
          >Camp C</placeName> I saw many, very many <term
          ref="https://portal.ehri-project.eu/keywords/ehri_terms-411" type="subject"
          >selections</term>. It was awfully difficult to be a <term
          ref="https://portal.ehri-project.eu/keywords/ehri_terms-1427" type="subject">doctor</term>
        in <placeName ref="https://portal.ehri-project.eu/keywords/ehri_camps-2"
          >Auschwitz</placeName>. I did not <term
          ref="https://portal.ehri-project.eu/keywords/ehri_terms-556" type="subject">work</term> in
        the <term ref="https://portal.ehri-project.eu/keywords/ehri_terms-491" type="subject"
          >hospital</term>, I was a block <term
          ref="https://portal.ehri-project.eu/keywords/ehri_terms-1427" type="subject"
        >doctor</term>. It was very difficult, for example, to hide <term
          ref="https://portal.ehri-project.eu/keywords/ehri_terms-292" type="subject">infectious
          patients</term>. If one of two siblings finally had to be taken to <term
          ref="https://portal.ehri-project.eu/keywords/ehri_terms-491" type="subject"
          >hospital</term>, this could mean that they would never see each other again. The <term
          ref="https://portal.ehri-project.eu/keywords/ehri_terms-1216" type="subject">SS</term>
        particularly enjoyed separating <term
          ref="https://portal.ehri-project.eu/keywords/ehri_terms-1207" type="subject">people</term>
        who belonged together. I saw Dr <persName
          ref="https://portal.ehri-project.eu/authorities/ehri_pers-000272">Mengele</persName> a
        number of times in the <term ref="https://portal.ehri-project.eu/keywords/ehri_terms-491"
          type="subject">hospital</term>, where they controlled day by day whether <term
          ref="https://portal.ehri-project.eu/keywords/ehri_terms-791" type="subject"
          >patients</term> were treated alright, whether they had enough <term
          ref="https://portal.ehri-project.eu/keywords/ehri_terms-832" type="subject">food</term>.
        The next day it could happen that with a wave of his hand while whistling he <term
          ref="https://portal.ehri-project.eu/keywords/ehri_terms-411" type="subject">sent</term>
        the <term ref="https://portal.ehri-project.eu/keywords/ehri_terms-1207" type="subject"
          >person</term> into the <term ref="https://portal.ehri-project.eu/keywords/ehri_terms-499"
          type="subject">gas chamber</term> about whose health he had been the most anxious the day
        before. On these occasions he was even more horrible than when he brutally kicked someone or
        pulled out his pistol. The <term
          ref="https://portal.ehri-project.eu/keywords/ehri_terms-1427" type="subject">doctors
          working</term> in the <term ref="https://portal.ehri-project.eu/keywords/ehri_terms-491"
          type="subject">hospital</term> told me that once a <term
          ref="https://portal.ehri-project.eu/keywords/ehri_terms-292" type="subject">sick</term>
        young <term ref="https://portal.ehri-project.eu/keywords/ehri_terms-825" type="subject"
          >girl</term> managed to commit <term
          ref="https://portal.ehri-project.eu/keywords/ehri_terms-217" type="subject"
        >suicide</term>. She may have been less then 20, the miserable creature. When they told this
        to <persName ref="https://portal.ehri-project.eu/authorities/ehri_pers-000272"
          >Mengele</persName>, to whom the number of <term
          ref="https://portal.ehri-project.eu/keywords/ehri_terms-791" type="subject"
          >patients</term> had to be reported every day of course, he was startled and said with an
        expression of surprise on his face: <foreign xml:lang="de"><term
            ref="https://portal.ehri-project.eu/keywords/ehri_terms-217" type="subject"
            >Selbstmord</term>? Warumdenn… So jung…</foreign> After two months, from <placeName
          ref="https://portal.ehri-project.eu/keywords/ehri_camps-2">Camp C</placeName> I went to
          <placeName ref="https://portal.ehri-project.eu/keywords/ehri_camps-2">F.K.L.</placeName>
        <placeName ref="https://portal.ehri-project.eu/keywords/ehri_camps-2">(Camp A)</placeName>,
        as a <foreign xml:lang="de">Verfügbar</foreign>. I <term
          ref="https://portal.ehri-project.eu/keywords/ehri_terms-556" type="subject">worked</term>
        for seven weeks in <term ref="https://portal.ehri-project.eu/keywords/ehri_terms-489"
          type="subject">commissions outside the camp</term>. A <term
          ref="https://portal.ehri-project.eu/keywords/ehri_terms-521" type="subject"
          >transport</term> of <term ref="https://portal.ehri-project.eu/keywords/ehri_terms-556"
          type="subject">labourers</term> left for <placeName
          ref="https://portal.ehri-project.eu/keywords/ehri_camps-803">Sachsenhausen</placeName>, I
        was assigned there as <term ref="https://portal.ehri-project.eu/keywords/ehri_terms-1427"
          type="subject">doctor</term>. I was in <placeName
          ref="https://portal.ehri-project.eu/keywords/ehri_camps-803">Sachenhausen</placeName> for
        only one day before we carried on towards <placeName
          ref="http://www.geonames.org/2848756/reinickendorf.html">Berlin-Reinickendorf</placeName>,
        and from there with a small <term
          ref="https://portal.ehri-project.eu/keywords/ehri_terms-489" type="subject"
          >Arbeitskommando</term> to nearby <placeName
          ref="http://www.geonames.org/2836554/schoenholz.html">Schönholz</placeName>. I was the
          <term ref="https://portal.ehri-project.eu/keywords/ehri_terms-1427" type="subject"
          >doctor</term> of the <term ref="https://portal.ehri-project.eu/keywords/ehri_terms-521"
          type="subject">transport</term> for two and a half months. On the <date when="1945-02-17"
          >17th of February 1945</date>, I got into <placeName
          ref="https://portal.ehri-project.eu/keywords/ehri_camps-760">Ravensbrück</placeName> as a
          <term ref="https://portal.ehri-project.eu/keywords/ehri_terms-791" type="subject"
          >patient</term>. I saw many <term
          ref="https://portal.ehri-project.eu/keywords/ehri_terms-411" type="subject"
          >selections</term> here, too. Unfortunately, they had already <term
          ref="https://portal.ehri-project.eu/keywords/ehri_terms-499" type="subject">gas</term>
        here as well. For when <placeName ref="https://portal.ehri-project.eu/keywords/ehri_camps-2"
          >Auschwitz</placeName> ceased to exist as such, the leader and specialist of the local
          <term ref="https://portal.ehri-project.eu/keywords/ehri_terms-501" type="subject"
          >crematorium</term> came to <placeName
          ref="https://portal.ehri-project.eu/keywords/ehri_camps-760">Ravensbrück</placeName> to
        introduce the <term ref="https://portal.ehri-project.eu/keywords/ehri_terms-499"
          type="subject">gas</term> system there. As far as I know, in <placeName
          ref="https://portal.ehri-project.eu/keywords/ehri_camps-760">Ravensbrück</placeName> they
        had used poison before. On the <date when="1945-04-29">29th of April 1945</date>, they were
        driving and hurrying us from the approaching <orgName
          ref="https://portal.ehri-project.eu/authorities/ehri_cb-004583">Russians</orgName> for 2
        days. I managed to <term ref="https://portal.ehri-project.eu/keywords/ehri_terms-204"
          type="subject">escape</term> on the road and <term
          ref="https://portal.ehri-project.eu/keywords/ehri_terms-262" type="subject">hid</term> in
        a wood, where the <term ref="https://portal.ehri-project.eu/keywords/ehri_terms-573"
          type="subject">liberating</term>
        <orgName ref="https://portal.ehri-project.eu/authorities/ehri_cb-004583">Russian
          troops</orgName> found me. After my <term
          ref="https://portal.ehri-project.eu/keywords/ehri_terms-573" type="subject"
          >liberation</term> I worked for a while as a <term
          ref="https://portal.ehri-project.eu/keywords/ehri_terms-1427" type="subject">doctor</term>
        in the <term ref="https://portal.ehri-project.eu/keywords/ehri_terms-282" type="subject"
          >hospital</term> in <placeName ref="http://www.geonames.org/2864005/neustrelitz.html"
          >Neustrelitz</placeName>. As an interesting point, I would like to mention that at
          <placeName ref="http://www.geonames.org/2848756/reinickendorf.html"
          >Berlin-Reinickendorf</placeName>
        <term ref="https://portal.ehri-project.eu/keywords/ehri_terms-489" type="subject"
          >Arbeitskommando</term> only a certain percentage of the <term
          ref="https://portal.ehri-project.eu/keywords/ehri_terms-1207" type="subject">people</term>
        were allowed to be <term ref="https://portal.ehri-project.eu/keywords/ehri_terms-292"
          type="subject">ill</term>. They would always ask how come so many Jews were <term
          ref="https://portal.ehri-project.eu/keywords/ehri_terms-292" type="subject">ill</term>,
        after all, the <term type="subject" ref="#ehri_et_nationalities_germans">Germans</term> also
        had very little to <term ref="https://portal.ehri-project.eu/keywords/ehri_terms-832"
          type="subject">eat</term>.</p>
    </body>
  </text>
</TEI>
