<?xml version="1.0" encoding="UTF-8"?>
<?xml-model href="http://www.tei-c.org/release/xml/tei/custom/schema/relaxng/tei_all.rng" type="application/xml" schematypens="http://relaxng.org/ns/structure/1.0"?>
<TEI xmlns="http://www.tei-c.org/ns/1.0" xml:id="EHRI-ET-DEGOB0090_EN">
  <teiHeader>
    <fileDesc>
      <titleStmt>
        <title>Protocol no. 90.</title>
      </titleStmt>
      <editionStmt>
        <edition>EHRI Edition of Early Holocaust Testimony</edition>
        <author>
          <persName>Zoltán Vági</persName>
        </author>
        <author>
          <persName>Gábor Kádár</persName>
        </author>
      </editionStmt>
      <publicationStmt>
        <publisher>
          <ref target="https://www.ehri-project.eu/">European Holocaust Research
            Infrastructure</ref>
        </publisher>
        <availability>
          <licence target="http://creativecommons.org/licenses/by-sa/4.0/">Attribution-ShareAlike
            4.0 International</licence>
        </availability>
      </publicationStmt>
      <sourceDesc>
        <msDesc>
          <msIdentifier>
            <country ref="https://portal.ehri-project.eu/countries/hu">Hungary</country>
            <repository ref="https://portal.ehri-project.eu/institutions/hu-002737">Hungarian Jewish
              Archives</repository>
            <collection ref="https://portal.ehri-project.eu/units/hu-002737-hu_hja_pih_i_m#desc-eng"
              >National Relief Committee for Deportees (interview project, DEGOB)</collection>

          </msIdentifier>
          <physDesc/>
        </msDesc>
        <bibl>HJA, DEGOB, Protocol no. 90 <textLang mainLang="hu">Original in
          Hungarian.</textLang></bibl>

      </sourceDesc>
    </fileDesc>
    <profileDesc>
      <creation><date when="1945-06-23">23. 6. 1945</date>, <orgName
          ref="https://portal.ehri-project.eu/authorities/ehri_cb-004602">National Committee for
          Attending Deportees (DEGOB)</orgName>, <placeName type="camp"
          ref="https://portal.ehri-project.eu/keywords/ehri-camps-2">Birkenau</placeName>,
          <placeName ref="http://www.geonames.org/688746/vynohradiv.html"
          >Nagyszőllős/Vinohradov</placeName>, <placeName
          ref="http://www.geonames.org/756135/warsaw.html">Warsaw</placeName>, <placeName
          ref="https://portal.ehri-project.eu/keywords/ehri_camps-177">Dachau</placeName>,
          <placeName ref="https://portal.ehri-project.eu/keywords/ehri_camps-43"
          >Buchenwald</placeName>, <placeName
          ref="https://portal.ehri-project.eu/keywords/ehri_camps-1763">Lublin</placeName>,
          <placeName ref="https://portal.ehri-project.eu/keywords/ehri_camps-433">Gross
          Rosen</placeName>, <placeName ref="https://portal.ehri-project.eu/keywords/ehri_camps-247"
          >Mühldorf</placeName>, <idno>EHRI-ET-DEGOB0090</idno></creation>
      <textClass>
        <keywords>
          <term>testimony</term>
        </keywords>
      </textClass>

      <langUsage>
        <language ident="en">English</language>
      </langUsage>
      <abstract>
        <p>Testimony of the 21-year old G.E. on economic sanctions and discrimination before the
          German occupation, ghettoization in Nagyszőllős/Vinohradov, the behaviour of the
          non-Jewish population, the deportation to and selection in Birkenau, his experiences as a
          member of the order commando “Kanada”, witnessing murder in the gas chambers, and slave
          labour in Warsaw, and a death march at the end of the war to Dachau and later to
          Buchenwald, slave labour in a stone quarry near Lublin, in Gross Rosen, and a construction
          site in Mühldorf.</p>
      </abstract>
    </profileDesc>
  </teiHeader>
  <text>
    <body>
      <p>
        <hi rend="b">DEGOB Protocol no. 90</hi>
      </p>
      <p>Keywords: <term ref="https://portal.ehri-project.eu/keywords/ehri_terms-335" type="subject"
          >anti-Jewish measures</term>, <term
          ref="https://portal.ehri-project.eu/keywords/ehri_terms-552" type="subject"
          >ghettoization</term>, <term ref="https://portal.ehri-project.eu/keywords/ehri_terms-518"
          type="subject">deportation</term>, <term
          ref="https://portal.ehri-project.eu/keywords/ehri_terms-556" type="subject">forced
          labour</term>, <term ref="https://portal.ehri-project.eu/keywords/ehri_terms-529"
          type="subject">extermination</term>, <term
          ref="https://portal.ehri-project.eu/keywords/ehri_terms-1391" type="subject"
          >Sonderkommando</term>, <term ref="https://portal.ehri-project.eu/keywords/ehri_terms-517"
          type="subject">death marches</term>, <term
          ref="https://portal.ehri-project.eu/keywords/ehri_terms-573" type="subject"
          >liberation</term>, <term ref="https://portal.ehri-project.eu/keywords/ehri_terms-203"
          type="subject">emigration</term>,<term
          ref="https://portal.ehri-project.eu/keywords/ehri_terms-411" type="subject"
          >selection</term></p>

      <p>The person in question has given us the following information: Approximately 4000 Jews
        lived in <placeName ref="http://www.geonames.org/688746/vynohradiv.html"
          >Nagyszöllős</placeName>. Most of them were craftsmen and tradesmen, but there were <term
          ref="https://portal.ehri-project.eu/keywords/ehri_terms-1427" type="subject"
          >doctors</term> and a <term ref="https://portal.ehri-project.eu/keywords/ehri_terms-899"
          type="subject">lawyer</term> and an engineer too. They were not rich, but everybody lived
        decently. I lived with my mother and one of my sisters under modest financial circumstances.
        The first <term ref="https://portal.ehri-project.eu/keywords/ehri_terms-333" type="subject"
          >antisemitic measures</term> were issued in <term
          ref="https://portal.ehri-project.eu/keywords/ehri_terms-1034" type="subject">March
          1939</term>. My mother owned a tobacconist’s shop, which was <term
          ref="https://portal.ehri-project.eu/keywords/ehri_terms-585" type="subject">seized</term>
        immediately. The shops were <term
          ref="https://portal.ehri-project.eu/keywords/ehri_terms-585" type="subject"
          >confiscated</term> from other people as well, and from that time on our living was
        getting worse. <term ref="https://portal.ehri-project.eu/keywords/ehri_terms-1115"
          type="subject">Chief notary</term>
        <persName ref="#ehri_et_kristofori_janos">János Kristofori</persName> issued these decrees
        and <persName ref="#ehri_et_koflonovits_gyorgy">György Koflonovits</persName> harassed the
        Jews, including me. He forced my boss to fire me, so I was laid off. The Jews could not
        protect themselves, because there was nobody we could turn to for help. Sunday morning, on
          <date when="1944-04-23">April 23, 1944</date>, it was announced that the Jews were not
        allowed to go out to the street. This situation lasted for a week, during which they were
        constantly searching for money and valuables. After that we went into the <term
          ref="https://portal.ehri-project.eu/keywords/ehri_terms-545" type="subject">ghetto</term>
        only with a few pieces of <term type="subject"
          ref="https://portal.ehri-project.eu/keywords/ehri_terms-836">underwear</term> and one set
        of <term type="subject" ref="https://portal.ehri-project.eu/keywords/ehri_terms-836"
          >clothes</term>. Before locking the <term
          ref="https://portal.ehri-project.eu/keywords/ehri_terms-545" type="subject">ghetto</term>
        up, the <term ref="https://portal.ehri-project.eu/keywords/ehri_terms-1076" type="subject"
          >military</term><term ref="https://portal.ehri-project.eu/keywords/ehri_terms-1125"
          type="subject">gendarmes</term> and the leventes ordered us once more to hand over our
        jewellery and money, because - as they said - we would not need them any more as we would be
          <term ref="https://portal.ehri-project.eu/keywords/ehri_terms-518" type="subject"
          >deported</term>. The local Gentile residents were watching our misery and laughing at us,
        which I could never forget. The <term
          ref="https://portal.ehri-project.eu/keywords/ehri_terms-545" type="subject">ghetto</term>
        was surrounded by a fence. Some flats had 10 families <term
          ref="https://portal.ehri-project.eu/keywords/ehri_terms-831" type="subject">living</term>
        in them and therefore the <term ref="https://portal.ehri-project.eu/keywords/ehri_terms-545"
          type="subject">ghetto</term> was terribly crowded. Unfortunately the <term
          ref="https://portal.ehri-project.eu/keywords/ehri_terms-892" type="subject">Jewish
          Council</term> cared about nothing. Once I <term
          ref="https://portal.ehri-project.eu/keywords/ehri_terms-204" type="subject">escaped</term>
        from the <term ref="https://portal.ehri-project.eu/keywords/ehri_terms-545" type="subject"
          >ghetto</term>, because I wanted to get some <term
          ref="https://portal.ehri-project.eu/keywords/ehri_terms-832" type="subject">food</term>
        for my <term ref="https://portal.ehri-project.eu/keywords/ehri_terms-819" type="subject"
          >mother</term>, but the <term
          ref="https://portal.ehri-project.eu/keywords/ehri_terms-1125" type="subject"
          >gendarmes</term> captured and beat me up seriously. After six days we set off. By this
        time many Jews had already <term
          ref="https://portal.ehri-project.eu/keywords/ehri_terms-745" type="subject">died</term> or
        committed <term ref="https://portal.ehri-project.eu/keywords/ehri_terms-217" type="subject"
          >suicide</term>. We were not given <term
          ref="https://portal.ehri-project.eu/keywords/ehri_terms-832" type="subject">food</term> at
        all and we were driven like animals, pushed and thrown into the freight cars. There were 80
          <term ref="https://portal.ehri-project.eu/keywords/ehri_terms-1207" type="subject"
          >people</term> in a <term ref="https://portal.ehri-project.eu/keywords/ehri_terms-522"
          type="subject">cattle car</term>. I was the commander of the car being responsible for
        everybody. <term ref="https://portal.ehri-project.eu/keywords/ehri_terms-204" type="subject"
          >Escaping</term> from the freight car would have been possible, but I did not want to
        leave my mother. We travelled for ten days and during that time we were given water only
        three times. The <term ref="https://portal.ehri-project.eu/keywords/ehri_terms-1125"
          type="subject">Hungarians</term> escorted us until we reached <placeName
          ref="http://www.geonames.org/724443/kosice.html">Kassa</placeName> where the <term
          ref="https://portal.ehri-project.eu/keywords/ehri_terms-1216" type="subject"
          >Germans</term> took us over. It was announced that they expected us to know where we were
        going and warned us that we would be given <term
          ref="https://portal.ehri-project.eu/keywords/ehri_terms-832" type="subject">food</term>
        and payment based on our work performance. I was warned particularly. At some level we
        believed what we were told, because we did not expect what happened afterwards. After we
        arrived in <placeName ref="https://portal.ehri-project.eu/keywords/ehri_camps-2"
          >Auschwitz</placeName>, the <term type="subject" ref="#ehri_et_nationalities_poles"
          >Poles</term> threw the <term ref="https://portal.ehri-project.eu/keywords/ehri_terms-819"
          type="subject">children</term> and <term
          ref="https://portal.ehri-project.eu/keywords/ehri_terms-819" type="subject">elderly
          people</term> out of the freight cars, and I could hardly say goodbye to my mother and my
        sister in the midst of crying and moaning. Although we were told that they would allow the
        families to stay together, we were separated. I have not seen my mother since then. Soon
        they started the <term ref="https://portal.ehri-project.eu/keywords/ehri_terms-411"
          type="subject">selection</term>, during which they <term
          ref="https://portal.ehri-project.eu/keywords/ehri_terms-411" type="subject"
          >separated</term> the <term ref="https://portal.ehri-project.eu/keywords/ehri_terms-791"
          type="subject">ill</term> from those who were incapable of <term
          ref="https://portal.ehri-project.eu/keywords/ehri_terms-556" type="subject"
        >working</term>. We were taken into a washroom where they shaved our heads, disinfected us
        and gave us striped <term ref="https://portal.ehri-project.eu/keywords/ehri_terms-650"
          type="subject">prisoner</term>’s <term
          ref="https://portal.ehri-project.eu/keywords/ehri_terms-836" type="subject"
        >clothes</term>. Still wet, with nothing but a dress on we were taken into a <term
          ref="https://portal.ehri-project.eu/keywords/ehri_terms-496" type="subject">block</term>.
        There we were lying on a piece of board and because it was raining, we could not fall asleep
        despite our exhaustion. We were in this <term
          ref="https://portal.ehri-project.eu/keywords/ehri_terms-496" type="subject">block</term>
        for three days. As soon as we arrived we were lined up for <term
          ref="https://portal.ehri-project.eu/keywords/ehri_terms-487" type="subject">roll
          call</term> that lasted from morning to night. We were not given anything to <term
          ref="https://portal.ehri-project.eu/keywords/ehri_terms-832" type="subject">eat</term> at
        all for four days.<term ref="https://portal.ehri-project.eu/keywords/ehri_terms-1207"
          type="subject">People</term> were <term
          ref="https://portal.ehri-project.eu/keywords/ehri_terms-569" type="subject"
          >starving</term> and felt dizzy. We drank water like animals. On the fifth day we got
          <term ref="https://portal.ehri-project.eu/keywords/ehri_terms-832" type="subject"
          >soup</term> and 200 grams of <term
          ref="https://portal.ehri-project.eu/keywords/ehri_terms-832" type="subject">bread</term>.
        We were there for three weeks, and were constantly beaten. <term
          ref="https://portal.ehri-project.eu/keywords/ehri_terms-411" type="subject"
          >Selections</term> were performed all the time. Dr <persName
          ref="https://portal.ehri-project.eu/authorities/ehri_pers-000272">Mengele</persName> came
        by taxi and started the <term ref="https://portal.ehri-project.eu/keywords/ehri_terms-411"
          type="subject">selection</term>. He beckoned to himself those whom he disliked, and sent
        back those whom he needed. It happened to me once that the <term
          ref="https://portal.ehri-project.eu/keywords/ehri_terms-1216" type="subject">SS
          soldier</term> standing next to him misunderstood his wave, grabbed my arm and took me
        away instead of my fellow <term ref="https://portal.ehri-project.eu/keywords/ehri_terms-650"
          type="subject">prisoner</term>. But I managed to <term
          ref="https://portal.ehri-project.eu/keywords/ehri_terms-204" type="subject">escape</term>
        through the window. Considering that during <term
          ref="https://portal.ehri-project.eu/keywords/ehri_terms-411" type="subject"
          >selections</term> we were naked, it was difficult, but somehow I got <term type="subject"
          ref="https://portal.ehri-project.eu/keywords/ehri_terms-836">clothes</term> and I <term
          ref="https://portal.ehri-project.eu/keywords/ehri_terms-204" type="subject">escaped</term>
        into an unfamiliar block. I found myself in block 9, where the entire block had been
        emptied, because there were too many <term
          ref="https://portal.ehri-project.eu/keywords/ehri_terms-1207" type="subject">people</term>
        in the <term ref="https://portal.ehri-project.eu/keywords/ehri_terms-496" type="subject"
          >camp</term> and they had to get rid of 900 <term
          ref="https://portal.ehri-project.eu/keywords/ehri_terms-1207" type="subject"
        >people</term>. There was a block <term
          ref="https://portal.ehri-project.eu/keywords/ehri_terms-666" type="subject">curfew</term>,
        when everyone went into his or her own block. Three dumper trucks with trailers entered and
        they started to throw us onto the carts irrespective of whether we were <term
          ref="https://portal.ehri-project.eu/keywords/ehri_terms-791" type="subject">ill</term>,
          <term ref="https://portal.ehri-project.eu/keywords/ehri_terms-819" type="subject"
          >young</term>, strong or weak. I was in that group and the only way I could <term
          type="subject" ref="https://portal.ehri-project.eu/keywords/ehri_terms-204">escape</term>
        was that I told them I was there to help them loading. I got in the truck, sat next to the
        driver and we went to the <term ref="https://portal.ehri-project.eu/keywords/ehri_terms-501"
          type="subject">crematorium</term>. After we arrived at the <term
          ref="https://portal.ehri-project.eu/keywords/ehri_terms-499" type="subject">gas
          chamber</term>, we practically turned <term
          ref="https://portal.ehri-project.eu/keywords/ehri_terms-1207" type="subject">people</term>
        out from the car; if someone was not able to stand up, we threw him in. We undressed
        everybody, but as a beginner I could not imagine the horrible things that came next. We
        unloaded the <term ref="https://portal.ehri-project.eu/keywords/ehri_terms-650"
          type="subject">prisoners</term> and I had to watch as my friends, acquaintances and
        relatives were taken away, undressed and given soaps and towels. Finally we herded all the
        2000 <term ref="https://portal.ehri-project.eu/keywords/ehri_terms-1207" type="subject"
          >people</term> into the <term ref="https://portal.ehri-project.eu/keywords/ehri_terms-499"
          type="subject">gas chamber</term>. They went in unsuspectingly and we locked every window
        from outside. They were expecting water running from the shower and then the <term
          ref="https://portal.ehri-project.eu/keywords/ehri_terms-499" type="subject">gas</term>
        operator turned on the <term ref="https://portal.ehri-project.eu/keywords/ehri_terms-499"
          type="subject">gas</term>. They were moaning and yelling as the <term
          ref="https://portal.ehri-project.eu/keywords/ehri_terms-499" type="subject">gas</term> was
        torturing them. <term ref="https://portal.ehri-project.eu/keywords/ehri_terms-819"
          type="subject">Mothers</term> had to see their <term
          ref="https://portal.ehri-project.eu/keywords/ehri_terms-819" type="subject"
          >children</term>
        <term ref="https://portal.ehri-project.eu/keywords/ehri_terms-745" type="subject"
        >die</term>. The strongest <term
          ref="https://portal.ehri-project.eu/keywords/ehri_terms-819" type="subject">man</term> was
        able to bear it for six minutes. After six minutes we opened the doors and we faced a heap
        of <term ref="https://portal.ehri-project.eu/keywords/ehri_terms-745" type="subject"
          >dead</term> bodies. Then we started to throw the <term
          ref="https://portal.ehri-project.eu/keywords/ehri_terms-515" type="subject">bodies</term>
        onto trams, as if we would shovel coal, and then took and put them into the <term
          ref="https://portal.ehri-project.eu/keywords/ehri_terms-501" type="subject">ovens</term>.
        The <term ref="https://portal.ehri-project.eu/keywords/ehri_terms-501" type="subject"
          >burning</term> process took place there. I <term
          ref="https://portal.ehri-project.eu/keywords/ehri_terms-556" type="subject">worked</term>
        with that <term ref="https://portal.ehri-project.eu/keywords/ehri_terms-1391" type="subject"
          >work unit</term> for three days, but this horrible <term
          ref="https://portal.ehri-project.eu/keywords/ehri_terms-556" type="subject">work</term>
        was bordering on madness and I was not able to do it anymore. I told the <term
          ref="https://portal.ehri-project.eu/keywords/ehri_terms-836" type="subject"
          >Kommandoführer</term> that I wanted to leave and he sent me to another <term
          ref="https://portal.ehri-project.eu/keywords/ehri_terms-501" type="subject"
          >crematorium</term>, because there were five of them. My <term
          ref="https://portal.ehri-project.eu/keywords/ehri_terms-556" type="subject">work</term>
        was easier there, as my task was to drive, beat and chase <term
          ref="https://portal.ehri-project.eu/keywords/ehri_terms-1207" type="subject"
        >people</term>. It happened that an entire <term
          ref="https://portal.ehri-project.eu/keywords/ehri_terms-521" type="subject"
          >transport</term> from <placeName ref="http://www.geonames.org/719819/hungary.html"
          >Hungary</placeName> had to be <term
          ref="https://portal.ehri-project.eu/keywords/ehri_terms-501" type="subject">burnt</term>
        upon their arrival without any <term
          ref="https://portal.ehri-project.eu/keywords/ehri_terms-411" type="subject"
          >selection.</term> Neither the <term
          ref="https://portal.ehri-project.eu/keywords/ehri_terms-819" type="subject">young</term>
        nor the old could <term ref="https://portal.ehri-project.eu/keywords/ehri_terms-204"
          type="subject">escape</term>. Our equipments were more modern. Two thousand <term
          ref="https://portal.ehri-project.eu/keywords/ehri_terms-1207" type="subject">people</term>
        were herded into a large hall, of course undressed, with soaps and towels. Then <term
          ref="https://portal.ehri-project.eu/keywords/ehri_terms-499" type="subject">gas</term>
        came out of the nozzles. After the <term
          ref="https://portal.ehri-project.eu/keywords/ehri_terms-499" type="subject"
          >gas</term><term ref="https://portal.ehri-project.eu/keywords/ehri_terms-745"
          type="subject">killed</term> the <term
          ref="https://portal.ehri-project.eu/keywords/ehri_terms-1207" type="subject"
        >people</term>, the automatic floor started to move and it threw the <term
          ref="https://portal.ehri-project.eu/keywords/ehri_terms-515" type="subject">bodies</term>
        into the <term ref="https://portal.ehri-project.eu/keywords/ehri_terms-501" type="subject"
          >oven</term> underneath. That was a circle-shaped floor, which could be divided into two
        mechanically. When all the <term
          ref="https://portal.ehri-project.eu/keywords/ehri_terms-515" type="subject">corpses</term>
        were thrown into the <term ref="https://portal.ehri-project.eu/keywords/ehri_terms-501"
          type="subject">oven</term>, the next <term
          ref="https://portal.ehri-project.eu/keywords/ehri_terms-521" type="subject"
          >transport</term> arrived and it started all over again. The <term
          ref="https://portal.ehri-project.eu/keywords/ehri_terms-515" type="subject">victims</term>
        were unsuspicious and thought that the others before them left the room through another
        door. The procedure continued the same way. I <term
          ref="https://portal.ehri-project.eu/keywords/ehri_terms-556" type="subject">worked</term>
        there for six days and then one of my acquaintances sent me into an <term
          ref="https://portal.ehri-project.eu/keywords/ehri_terms-491" type="subject"
          >infirmary</term>. <term ref="https://portal.ehri-project.eu/keywords/ehri_terms-1207"
          type="subject">People</term><term
          ref="https://portal.ehri-project.eu/keywords/ehri_terms-556" type="subject">working</term>
        there were generally not kept for more than 24 hours, because they were taken to the <term
          ref="https://portal.ehri-project.eu/keywords/ehri_terms-501" type="subject"
          >crematorium</term>. We lived quite separated, and I managed to be sent to another <term
          ref="https://portal.ehri-project.eu/keywords/ehri_terms-496" type="subject">camp</term>. I
        was assigned to block 19 where 1200 of us stayed for about five to six days. Our <term
          ref="https://portal.ehri-project.eu/keywords/ehri_terms-832" type="subject">food</term>
        was a small piece of <term ref="https://portal.ehri-project.eu/keywords/ehri_terms-832"
          type="subject">bread</term> and some <term
          ref="https://portal.ehri-project.eu/keywords/ehri_terms-832" type="subject">soup</term>.
        From there we were <term ref="https://portal.ehri-project.eu/keywords/ehri_terms-521"
          type="subject">transported</term> to <placeName
          ref="http://www.geonames.org/756135/warsaw.html">Warsaw</placeName>. I received my first
          <term ref="https://portal.ehri-project.eu/keywords/ehri_terms-650" type="subject"
          >prisoner</term> number there and I was taken into a block. During the first days we
        cleared rubble in the <placeName
          ref="https://portal.ehri-project.eu/keywords/ehri_ghettos-1106">ghetto in
          Warsaw</placeName>. We demolished the remaining walls, cleaned the bricks. What we
        produced was sent to <placeName ref="http://www.geonames.org/2950159/berlin.html"
          >Berlin.</placeName> I <term ref="https://portal.ehri-project.eu/keywords/ehri_terms-556"
          type="subject">worked</term> together with young <term
          ref="https://portal.ehri-project.eu/keywords/ehri_terms-826" type="subject">men</term>
        from <placeName ref="http://www.geonames.org/688746/vynohradiv.html"
        >Nagyszőllős</placeName>. The <term
          ref="https://portal.ehri-project.eu/keywords/ehri_terms-1216" type="subject"
          >Germans</term> were looking for a barber and since I knew how to shave, I was picked. I
        immediately shaved one of them. That was a very good position and my <term
          ref="https://portal.ehri-project.eu/keywords/ehri_terms-832" type="subject">food
          supply</term> was better as well. Sometimes I was given <term
          ref="https://portal.ehri-project.eu/keywords/ehri_terms-832" type="subject"
          >marmalade</term> or <term ref="https://portal.ehri-project.eu/keywords/ehri_terms-832"
          type="subject">margarine</term>. Thus I could help the other <term
          ref="https://portal.ehri-project.eu/keywords/ehri_terms-826" type="subject">men</term>
        from my hometown. Life went on like this for three months. After that there was a terrible
        retreat. About 5000 <term ref="https://portal.ehri-project.eu/keywords/ehri_terms-1207"
          type="subject">people</term> were <term
          ref="https://portal.ehri-project.eu/keywords/ehri_terms-517" type="subject">driven on
          foot</term> towards a destination 130 kilometres away. We <term
          ref="https://portal.ehri-project.eu/keywords/ehri_terms-517" type="subject">marched</term>
        30 kilometres a day in heavy rain. For the whole journey we received only one third of a
        loaf of <term ref="https://portal.ehri-project.eu/keywords/ehri_terms-832" type="subject"
          >bread</term>. Each of us had to carry three blankets. We had to sleep on those wet,
        completely <term ref="https://portal.ehri-project.eu/keywords/ehri_terms-831" type="subject"
          >soaked blankets</term> under the open sky, in pouring rain. We were entrained at a place
        130 kilometres from <placeName ref="http://www.geonames.org/756135/warsaw.html"
          >Warsaw</placeName>. The <term
          ref="https://portal.ehri-project.eu/keywords/ehri_terms-1216" type="subject"
          >Germans</term> started to beat and chase us again. Later we suffered from the terribly
        hot weather and we did not have any water for four days. On the fifth day we reached a
        river. When <term ref="https://portal.ehri-project.eu/keywords/ehri_terms-1207"
          type="subject">people</term> saw the water, they got completely wild, ran into the water
        and drank that filthy and dirty water full of seaweed like crazy. We did not want to come
        out of the water, so the <term ref="https://portal.ehri-project.eu/keywords/ehri_terms-1216"
          type="subject">SS</term> began to drive us out, naturally, by shooting at us. Among many
        others, my friend standing next to me was <term
          ref="https://portal.ehri-project.eu/keywords/ehri_terms-532" type="subject">shot</term>.
        When the <term ref="https://portal.ehri-project.eu/keywords/ehri_terms-1216" type="subject"
          >SS</term> noticed that his blood formed a stripe on the surface of the water, but he was
        still alive, they kept trampling him down until he <term
          ref="https://portal.ehri-project.eu/keywords/ehri_terms-532" type="subject"
        >drowned</term>. We already had been so apathetic that things like that had only a little
        effect on us. By the time we reached the freight cars, we had been totally exhausted. For
        example, one of my townsmen <term
          ref="https://portal.ehri-project.eu/keywords/ehri_terms-745" type="subject">died</term> of
        thirst in the lap of his <term ref="https://portal.ehri-project.eu/keywords/ehri_terms-819"
          type="subject">son</term>. He was moaning and begging for water, but we could not help
        him. That <term ref="https://portal.ehri-project.eu/keywords/ehri_terms-826" type="subject"
          >man</term> even tore his gold teeth out of his own mouth and gave them to the <term
          ref="https://portal.ehri-project.eu/keywords/ehri_terms-1216" type="subject">SS</term>
        guards, but despite that they did not have mercy on him. The <term
          ref="https://portal.ehri-project.eu/keywords/ehri_terms-485" type="subject">capos</term>
        were our <term type="subject" ref="https://portal.ehri-project.eu/keywords/ehri_terms-532"
          >murderers</term> and hurried our <term
          ref="https://portal.ehri-project.eu/keywords/ehri_terms-745" type="subject">death</term>.
        They beat and <term ref="https://portal.ehri-project.eu/keywords/ehri_terms-532"
          type="subject">killed</term> people with stakes. After travelling for six days without
          <term ref="https://portal.ehri-project.eu/keywords/ehri_terms-832" type="subject"
          >food</term> and water we arrived in <placeName
          ref="https://portal.ehri-project.eu/keywords/ehri_camps-177">Dachau</placeName>. By the
        time we got off the freight car, 14 out of 60 <term
          ref="https://portal.ehri-project.eu/keywords/ehri_terms-1207" type="subject">people</term>
        had already been <term ref="https://portal.ehri-project.eu/keywords/ehri_terms-745"
          type="subject">dead</term>. We had to leave behind everything we had, even our blankets.
        Being hardly able to walk, we were carried into the <term
          ref="https://portal.ehri-project.eu/keywords/ehri_terms-496" type="subject">camp</term> on
        stretchers, and as usual, we were disinfected. There we were given black <term
          ref="https://portal.ehri-project.eu/keywords/ehri_terms-832" type="subject">coffee</term>
        and a little <term ref="https://portal.ehri-project.eu/keywords/ehri_terms-832"
          type="subject">bread</term> in the morning and in the evening as well. We were in
          <placeName ref="https://portal.ehri-project.eu/keywords/ehri_camps-177">Dachau</placeName>
        for 14 days and then we were <term
          ref="https://portal.ehri-project.eu/keywords/ehri_terms-521" type="subject"
          >transported</term> to <placeName
          ref="https://portal.ehri-project.eu/keywords/ehri_camps-43">Buchenwald</placeName>, but
        they did not want to receive us there. After staying there for two days we were taken to
          <placeName ref="https://portal.ehri-project.eu/keywords/ehri_camps-1763"
          >Lublin</placeName>. The situation there was similar as in the other <term
          ref="https://portal.ehri-project.eu/keywords/ehri_terms-496" type="subject">camps</term>.
        We were assigned to <term ref="https://portal.ehri-project.eu/keywords/ehri_terms-556"
          type="subject">work</term> in a stone quarry near <placeName
          ref="https://portal.ehri-project.eu/keywords/ehri_camps-1763">Lublin</placeName>. The
          <term ref="https://portal.ehri-project.eu/keywords/ehri_terms-556" type="subject"
          >work</term> was terribly hard and <term
          ref="https://portal.ehri-project.eu/keywords/ehri_terms-1207" type="subject">people</term>
        were <term ref="https://portal.ehri-project.eu/keywords/ehri_terms-745" type="subject"
          >dying</term> off daily. In the opinion of the <term
          ref="https://portal.ehri-project.eu/keywords/ehri_terms-1216" type="subject">SS men</term>
        there were too many of us, so the <term
          ref="https://portal.ehri-project.eu/keywords/ehri_terms-477" type="subject"
          >Lagerführer</term> gave an order to the <term
          ref="https://portal.ehri-project.eu/keywords/ehri_terms-485" type="subject">capos</term>
        and the <term ref="https://portal.ehri-project.eu/keywords/ehri_terms-477" type="subject"
          >Kommandoführer</term> saying <q>look, here is the commando, bring home 10-20 people <term
            ref="https://portal.ehri-project.eu/keywords/ehri_terms-745" type="subject"
          >dead</term>.</q> Whether they wanted or not, they had to beat some <term
          ref="https://portal.ehri-project.eu/keywords/ehri_terms-1207" type="subject">people</term>
        to <term ref="https://portal.ehri-project.eu/keywords/ehri_terms-745" type="subject"
          >death</term>. The <foreign xml:lang="de">Lagerführer</foreign> came in at <term
          ref="https://portal.ehri-project.eu/keywords/ehri_terms-487" type="subject">roll
          call</term> to count how many <term
          ref="https://portal.ehri-project.eu/keywords/ehri_terms-1207" type="subject">people</term>
        had been actually <term ref="https://portal.ehri-project.eu/keywords/ehri_terms-532"
          type="subject">killed</term>. In spite of those acts there were still too many <term
          ref="https://portal.ehri-project.eu/keywords/ehri_terms-650" type="subject"
          >prisoners</term>, as far as they judged. Therefore we were sent further to <placeName
          ref="https://portal.ehri-project.eu/keywords/ehri_camps-433">Gross Rosen</placeName>. That
          <term ref="https://portal.ehri-project.eu/keywords/ehri_terms-496" type="subject"
          >camp</term> was on the top of a high mountain, and in order to get there we had to climb
        stairs. We stayed there for about two weeks. We were at such a great height, that even going
        for our <term ref="https://portal.ehri-project.eu/keywords/ehri_terms-832" type="subject"
          >breakfast</term> was hard. We would have rather not had <term
          ref="https://portal.ehri-project.eu/keywords/ehri_terms-832" type="subject">food</term>
        than go up this height. On these occasions the <term
          ref="https://portal.ehri-project.eu/keywords/ehri_terms-485" type="subject">capos</term>
        started to do their job, and until they collected six <term
          ref="https://portal.ehri-project.eu/keywords/ehri_terms-1207" type="subject">people</term>
        to send for <term ref="https://portal.ehri-project.eu/keywords/ehri_terms-832"
          type="subject">lunch</term>, they had beaten 20 <term
          ref="https://portal.ehri-project.eu/keywords/ehri_terms-1207" type="subject">people</term>
        to <term ref="https://portal.ehri-project.eu/keywords/ehri_terms-745" type="subject"
          >death</term>, because we were unable to walk any more. <term
          ref="https://portal.ehri-project.eu/keywords/ehri_terms-485" type="subject">Capos</term>
        hit <term ref="https://portal.ehri-project.eu/keywords/ehri_terms-1207" type="subject"
          >people</term> so hard that they fell and he continued the beating until their victims
          <term ref="https://portal.ehri-project.eu/keywords/ehri_terms-745" type="subject"
          >died</term> at their feet. After two miserable weeks we were <term
          ref="https://portal.ehri-project.eu/keywords/ehri_terms-521" type="subject"
          >transported</term> to <placeName
          ref="https://portal.ehri-project.eu/keywords/ehri_camps-247">Mühldorf</placeName>. A
        so-called <foreign xml:lang="de">Hauptbaustelle</foreign> (main construction site) was being
        built here. It needed a lot of <term
          ref="https://portal.ehri-project.eu/keywords/ehri_terms-556" type="subject"
          >workforce</term>: about 5000-6000 of us <term
          ref="https://portal.ehri-project.eu/keywords/ehri_terms-556" type="subject">worked</term>
        there. My <term ref="https://portal.ehri-project.eu/keywords/ehri_terms-556" type="subject"
          >job</term> was carrying cement. I had to carry 50-kilogram cement bags up to the mixers.
          <term ref="https://portal.ehri-project.eu/keywords/ehri_terms-1207" type="subject"
          >People</term> became incapable of <term
          ref="https://portal.ehri-project.eu/keywords/ehri_terms-556" type="subject">working</term>
        on daily basis. We <term ref="https://portal.ehri-project.eu/keywords/ehri_terms-556"
          type="subject">worked</term> 12 hours a day. Later I was sent to work in the kitchen. The
          <term ref="https://portal.ehri-project.eu/keywords/ehri_terms-477" type="subject"
          >Lagerältesters</term> were criminals <term type="subject"
          ref="https://portal.ehri-project.eu/keywords/ehri_terms-1130">sentenced</term> to 10-15
        years for <term ref="https://portal.ehri-project.eu/keywords/ehri_terms-532" type="subject"
          >murder</term> in <term ref="https://portal.ehri-project.eu/keywords/ehri_terms-1159"
          type="subject">Germany</term>. They were appointed as our lords and they became our
          <q>gods</q>. As I have told before, I became a cook. One time at <term
          ref="https://portal.ehri-project.eu/keywords/ehri_terms-487" type="subject">roll
          call</term> they were looking for a cook, so I applied. I was assigned to this job. I was
        doing relatively well, inasmuch as it could be good to see my fellow <term
          ref="https://portal.ehri-project.eu/keywords/ehri_terms-650" type="subject"
          >prisoners</term><term ref="https://portal.ehri-project.eu/keywords/ehri_terms-569"
          type="subject">starving</term> and to be unable to help them. I was there until I fell
          <term ref="https://portal.ehri-project.eu/keywords/ehri_terms-292" type="subject"
          >ill</term> with <term ref="https://portal.ehri-project.eu/keywords/ehri_terms-493"
          type="subject">typhus</term>. Then I was locked up in a quarantine <term
          ref="https://portal.ehri-project.eu/keywords/ehri_terms-496" type="subject">camp</term>
        and stayed there until April 25. At the time of the greatest crisis I was lying ill in bed
        with a <term ref="https://portal.ehri-project.eu/keywords/ehri_terms-292" type="subject"
          >fever</term> of 40-41.6 degrees Celsius. Two of my <term
          ref="https://portal.ehri-project.eu/keywords/ehri_terms-483" type="subject"
          >companions</term> came for me, because our <term
          ref="https://portal.ehri-project.eu/keywords/ehri_terms-496" type="subject">camp</term>
        was <term ref="https://portal.ehri-project.eu/keywords/ehri_terms-623" type="subject"
          >evacuated</term> and they did not want to leave me behind. Otherwise I would not have
        survived, as those who stayed behind were finished off. The <term
          ref="https://portal.ehri-project.eu/keywords/ehri_terms-483" type="subject">boys</term>
        took me out of bed and smuggled me out. I travelled for six days still having a <term
          ref="https://portal.ehri-project.eu/keywords/ehri_terms-292" type="subject">high
          fever</term> until we managed to <term
          ref="https://portal.ehri-project.eu/keywords/ehri_terms-573" type="subject">reach the
          Americans</term>. They assembled us there, and I was taken to <term
          ref="https://portal.ehri-project.eu/keywords/ehri_terms-491" type="subject"
          >hospital</term> and got over the <term
          ref="https://portal.ehri-project.eu/keywords/ehri_terms-493" type="subject">typhus.</term>
        I was there until I fully recovered. We received <term
          ref="https://portal.ehri-project.eu/keywords/ehri_terms-832" type="subject">food</term>
        parcels, <term ref="https://portal.ehri-project.eu/keywords/ehri_terms-483" type="subject"
          >clothes</term> and everything we needed. I cannot find my <term
          ref="https://portal.ehri-project.eu/keywords/ehri_terms-819" type="subject">mother</term>
        and I do not want to live at home without her. I would like <term
          ref="https://portal.ehri-project.eu/keywords/ehri_terms-203" type="subject">to go</term>
        to <term ref="https://portal.ehri-project.eu/keywords/ehri_terms-906" type="subject"
          >Palestine</term> as soon as possible.</p>
    </body>
  </text>
</TEI>
