<?xml version="1.0" encoding="UTF-8"?>
<?xml-model href="http://www.tei-c.org/release/xml/tei/custom/schema/relaxng/tei_all.rng" type="application/xml" schematypens="http://relaxng.org/ns/structure/1.0"?>
<TEI xmlns="http://www.tei-c.org/ns/1.0" xml:id="EHRI-ET-DEGOB0701_EN">
  <teiHeader>
    <fileDesc>
      <titleStmt>
        <title>Protocol no. 701.</title>
      </titleStmt>
      <editionStmt>
        <edition>EHRI Edition of Early Holocaust Testimony</edition>
        <author>
          <persName>Zoltán Vági</persName>
        </author>
        <author>
          <persName>Gábor Kádár</persName>
        </author>
      </editionStmt>
      <publicationStmt>
        <publisher>
          <ref target="https://www.ehri-project.eu/">European Holocaust Research
            Infrastructure</ref>
        </publisher>
        <availability>
          <licence target="http://creativecommons.org/licenses/by-sa/4.0/">Attribution-ShareAlike
            4.0 International</licence>
        </availability>
      </publicationStmt>
      <sourceDesc>
        <msDesc>
          <msIdentifier>
            <country ref="https://portal.ehri-project.eu/countries/hu">Hungary</country>
            <repository ref="https://portal.ehri-project.eu/institutions/hu-002737">Hungarian Jewish
              Archives</repository>
            <collection ref="https://portal.ehri-project.eu/units/hu-002737-hu_hja_pih_i_m#desc-eng"
              >National Relief Committee for Deportees (interview project, DEGOB)</collection>

          </msIdentifier>
          <physDesc/>
        </msDesc>
        <bibl>HJA, DEGOB, Protocol no. 701 <textLang mainLang="hu">Original in
          Hungarian.</textLang></bibl>

      </sourceDesc>
    </fileDesc>
    <profileDesc>
      <creation><date when="1945-07-09">9. 7. 1945</date>, <orgName
          ref="https://portal.ehri-project.eu/authorities/ehri_cb-004602">National Committee for
          Attending Deportees (DEGOB)</orgName>, <placeName type="camp"
          ref="https://portal.ehri-project.eu/keywords/ehri-camps-2">Auschwitz</placeName>,
          <placeName ref="http://www.geonames.org/3050290/kistarcsa.html">Kistarcsa</placeName>,
          <placeName ref="http://www.geonames.org/3074133/jiretin-pod-jedlovou.html">St.
          Gheorgenthal</placeName>, <idno>EHRI-ET-DEGOB0701</idno></creation>
      <textClass>
        <keywords>
          <term>testimony</term>
        </keywords>
      </textClass>

      <langUsage>
        <language ident="en">English</language>
      </langUsage>
      <abstract>
        <p>Testimony of the 30-year old K.D. on her arrest right after the German occupation in
          March 1944, her experiences in the Kistarcsa internment camp, and in the Auschwitz and St.
          Gheorgenthal concentration camps.</p>
      </abstract>
    </profileDesc>
  </teiHeader>
  <text>
    <body>
      <p>DEGOB Protocol 701</p>
      <p>Keywords: <term ref="https://portal.ehri-project.eu/keywords/ehri_terms-335" type="subject"
          >anti-Jewish measures</term>, <term
          ref="https://portal.ehri-project.eu/keywords/ehri_terms-504" type="subject">internment
          camps</term>, <term ref="https://portal.ehri-project.eu/keywords/ehri_terms-518"
          type="subject">deportation</term>, <orgName
          ref="https://portal.ehri-project.eu/authorities/ehri_cb-004774">Kanadakommando</orgName>,
          <term ref="https://portal.ehri-project.eu/keywords/ehri_terms-1391" type="subject"
          >Sonderkommando</term>, <term ref="https://portal.ehri-project.eu/keywords/ehri_terms-529"
          type="subject">extermination</term>, <term
          ref="https://portal.ehri-project.eu/keywords/ehri_terms-556" type="subject">forced
          labour</term></p>
      <p>The person in question has given us the following information: On the <date
          when="1944-03-20">20th of March 1944</date>, a day after the <term
          ref="https://portal.ehri-project.eu/keywords/ehri_terms-1216" type="subject"
          >Germans</term>
        <term ref="https://portal.ehri-project.eu/keywords/ehri_terms-633" type="subject">invaded
          the country</term> I wanted to send a pack to my husband who was in <term
          ref="https://portal.ehri-project.eu/keywords/ehri_terms-560" type="subject">labour
          service</term> with one of his comrades, who spent his days off at home and was travelling
        back the same day. I asked a <term
          ref="https://portal.ehri-project.eu/keywords/ehri_terms-1119" type="subject"
          >policeman</term> whether I could enter the building of the railway station. He politely
        responded <q>Just come in</q>, and he right away put me in the line of other captured Jews.
        In the evening they took me to <placeName
          ref="http://www.geonames.org/3050290/kistarcsa.html">Kistarcsa</placeName>, and the <date
          when="1944-04-29">29th of April</date> to <placeName
          ref="https://portal.ehri-project.eu/keywords/ehri_camps-2">Auschwitz</placeName>. The
        first weeks in <placeName ref="http://www.geonames.org/3050290/kistarcsa.html"
          >Kistarcsa</placeName> were awful. 10-12 <term
          ref="https://portal.ehri-project.eu/keywords/ehri_terms-1207" type="subject">people</term>
        lay on a <term ref="https://portal.ehri-project.eu/keywords/ehri_terms-831" type="subject"
          >straw mattress</term> without any cover or provision. The only <term
          ref="https://portal.ehri-project.eu/keywords/ehri_terms-832" type="subject">food</term> we
        got was sent to us by the <orgName
          ref="https://portal.ehri-project.eu/authorities/ehri_cb-607">Hungarian National Jewish Aid
          Action</orgName>. There was a <term
          ref="https://portal.ehri-project.eu/keywords/ehri_terms-1119" type="subject"
          >policeman</term> called <persName ref="#ehri_et_bakos">Bakos</persName>, who was
        infinitely cruel to us. He destroyed us mentally. He kept telling us that <q>You would not
          go home from here any more</q>. It appeared that he was going to be right because we had
        to <term ref="https://portal.ehri-project.eu/keywords/ehri_terms-518" type="subject"
          >leave</term> for <placeName ref="https://portal.ehri-project.eu/keywords/ehri_camps-2"
          >Auschwitz</placeName> the <date when="1944-04-28">28th of April</date>. There were 78
          <term ref="https://portal.ehri-project.eu/keywords/ehri_terms-1207" type="subject"
          >people</term> in the freight car: 50 <term
          ref="https://portal.ehri-project.eu/keywords/ehri_terms-825" type="subject">women</term>
        and 28 <term ref="https://portal.ehri-project.eu/keywords/ehri_terms-826" type="subject"
          >men</term>. We arrived after a day of travel. On arrival, they asked us at the station
        whether someone was <term ref="https://portal.ehri-project.eu/keywords/ehri_terms-791"
          type="subject">sick</term> or unable to walk. Naturally, many volunteered. They were sent
        directly to the <term ref="https://portal.ehri-project.eu/keywords/ehri_terms-499"
          type="subject">gas chamber</term>. In those days the <term
          ref="https://portal.ehri-project.eu/keywords/ehri_terms-518" type="subject">train</term>
        stopped far away, and later we - the first <term type="subject"
          ref="#ehri_et_nationalities_hungarians">Hungarian</term>
        <term ref="https://portal.ehri-project.eu/keywords/ehri_terms-521" type="subject"
          >transport</term> – built the rail on which the <term
          ref="https://portal.ehri-project.eu/keywords/ehri_terms-518" type="subject">train</term>
        could come closer. For three weeks we stayed in a so-called quarantine before I got into the
        so-called <orgName ref="https://portal.ehri-project.eu/authorities/ehri_cb-004774"
          >Kanadakommando</orgName> together with 150 others. The <orgName
          ref="https://portal.ehri-project.eu/authorities/ehri_cb-004774">Kanadakommando</orgName>
        used to open the luggage and sort out the <term
          ref="https://portal.ehri-project.eu/keywords/ehri_terms-836" type="subject">clothes</term>
        of the <term ref="https://portal.ehri-project.eu/keywords/ehri_terms-518" type="subject"
          >deported</term>. We received better treatment, and wore the same striped <term
          ref="https://portal.ehri-project.eu/keywords/ehri_terms-836" type="subject">clothes</term>
        and red <term ref="https://portal.ehri-project.eu/keywords/ehri_terms-836" type="subject"
          >headscarves</term>. I spent here around four months. We <term
          ref="https://portal.ehri-project.eu/keywords/ehri_terms-556" type="subject">worked</term>
        with the <term ref="https://portal.ehri-project.eu/keywords/ehri_terms-836" type="subject"
          >clothes</term> of <term ref="https://portal.ehri-project.eu/keywords/ehri_terms-515"
          type="subject">dead people</term>. We found documents and photos in their pockets.
        Mentally, this work destroyed us completely. It was horrible to see the <term
          ref="https://portal.ehri-project.eu/keywords/ehri_terms-501" type="subject"
          >chimneys</term> throwing out fire everyday, and to see the pits on fire from afar. <term
          ref="https://portal.ehri-project.eu/keywords/ehri_terms-515" type="subject">Dead
          bodies</term> were so numerous that the <term
          ref="https://portal.ehri-project.eu/keywords/ehri_terms-501" type="subject"
          >crematoria</term> did not have the capacities to burn them all so they burnt <term
          ref="https://portal.ehri-project.eu/keywords/ehri_terms-1207" type="subject">people</term>
        also in pits out in the open. There were <term
          ref="https://portal.ehri-project.eu/keywords/ehri_terms-521" type="subject"
          >transports</term> that arrived during the night and were sent to the <term
          ref="https://portal.ehri-project.eu/keywords/ehri_terms-499" type="subject">gas
          chamber</term> without <term ref="https://portal.ehri-project.eu/keywords/ehri_terms-411"
          type="subject">selections</term>. There were nights when they burnt 25,000 <term
          ref="https://portal.ehri-project.eu/keywords/ehri_terms-1207" type="subject"
        >people</term>. <term ref="https://portal.ehri-project.eu/keywords/ehri_terms-1207"
          type="subject">People</term> from the last <term type="subject"
          ref="#ehri_et_nationalities_hungarians">Hungarian</term>
        <term ref="https://portal.ehri-project.eu/keywords/ehri_terms-521" type="subject"
          >transport</term> came from <placeName ref="http://www.geonames.org/3043470/neu-pest.html"
          >Újpest</placeName> and the neighbourhoods of <placeName
          ref="http://www.geonames.org/3054643/budapest.html">Pest</placeName>. A few weeks later
        there was less <term ref="https://portal.ehri-project.eu/keywords/ehri_terms-556"
          type="subject">work</term> to do because no new <term
          ref="https://portal.ehri-project.eu/keywords/ehri_terms-521" type="subject"
          >transports</term> arrived so the <orgName
          ref="https://portal.ehri-project.eu/authorities/ehri_cb-004774">Kanadakommando</orgName>
        was dismissed. My last horrible memory working in the <orgName
          ref="https://portal.ehri-project.eu/authorities/ehri_cb-004774">Kanada</orgName> is the
        episode when <term ref="https://portal.ehri-project.eu/keywords/ehri_terms-1391"
          type="subject">men</term>, who had <term
          ref="https://portal.ehri-project.eu/keywords/ehri_terms-556" type="subject">worked</term>
        in the <term ref="https://portal.ehri-project.eu/keywords/ehri_terms-499" type="subject">gas
          chambers</term>, were brought to our place and <term
          ref="https://portal.ehri-project.eu/keywords/ehri_terms-499" type="subject">gassed</term>
        in the room where the <orgName
          ref="https://portal.ehri-project.eu/authorities/ehri_cb-004774">Kanada</orgName> used to
          <term ref="https://portal.ehri-project.eu/keywords/ehri_terms-499" type="subject"
          >gas</term>
        <term ref="https://portal.ehri-project.eu/keywords/ehri_terms-836" type="subject"
          >clothes</term>. For four weeks I was in quarantine from where I got into an <term
          ref="https://portal.ehri-project.eu/keywords/ehri_terms-489" type="subject"
          >Aussenkommando</term>. On the third day an <term
          ref="https://portal.ehri-project.eu/keywords/ehri_terms-1216" type="subject">SS-man</term>
        beat me almost to <term type="subject"
          ref="https://portal.ehri-project.eu/keywords/ehri_terms-745">death</term> with no apparent
        reason only because he was drunk. He was treading on me, kicking me, and he broke three of
        my ribs. The <term ref="https://portal.ehri-project.eu/keywords/ehri_terms-1216"
          type="subject">German head doctor</term> of the <term
          ref="https://portal.ehri-project.eu/keywords/ehri_terms-491" type="subject"
          >hospital</term> prepared a report (so-called <foreign xml:lang="de">Meldung</foreign>)
        about it, since it was too much even for him. I stayed in <term
          ref="https://portal.ehri-project.eu/keywords/ehri_terms-491" type="subject"
          >hospital</term> for 8 days, and I could stay another week in the block for the
        convalescent. Later, I was transferred into the <term
          ref="https://portal.ehri-project.eu/keywords/ehri_terms-489" type="subject"
          >commando</term> of the weaving mill. This was the most horrible. If we did not weave the
        expected quantity they would beat us. The road to the workplace led through totally muddy
        parts and we crossed them without <term
          ref="https://portal.ehri-project.eu/keywords/ehri_terms-836" type="subject">shoes</term>
        and warm <term ref="https://portal.ehri-project.eu/keywords/ehri_terms-836" type="subject"
          >clothes</term>. At the end of <date when="1944-10">October</date>, also the <term
          ref="https://portal.ehri-project.eu/keywords/ehri_terms-489" type="subject"
          >commando</term> of the weaving mill was moved into <placeName
          ref="https://portal.ehri-project.eu/keywords/ehri_camps-2">Camp C</placeName>. This was
        even more horrible because the rain fell into the block. We stood there lined up for <term
          ref="https://portal.ehri-project.eu/keywords/ehri_terms-487" type="subject">roll
          call</term> in the freezing cold and we had to <term
          ref="https://portal.ehri-project.eu/keywords/ehri_terms-556" type="subject">work</term>
        afterwards. It also happened that they were disinfecting us all the night and we could not
        sleep at all but we had to go to <term
          ref="https://portal.ehri-project.eu/keywords/ehri_terms-556" type="subject">work</term>
        all the same. At the same time the kitchen moved and it meant that we did not get a bite of
          <term ref="https://portal.ehri-project.eu/keywords/ehri_terms-832" type="subject"
          >food</term> from Sunday noon till Wednesday evening. They said it was a punishment but we
        never found out for what. When they wanted to make <term
          ref="https://portal.ehri-project.eu/keywords/ehri_terms-373" type="subject">Aryan</term>
        people work in the weaving mill the Jews were dismissed and I was <term
          ref="https://portal.ehri-project.eu/keywords/ehri_terms-411" type="subject"
          >selected</term> for a <term ref="https://portal.ehri-project.eu/keywords/ehri_terms-521"
          type="subject">transport</term> the <date when="1944-11-29">29th of November</date>. They
        took me to <placeName ref="http://www.geonames.org/3074133/jiretin-pod-jedlovou.html">St.
          Gheorgenthal</placeName>, where I <term
          ref="https://portal.ehri-project.eu/keywords/ehri_terms-556" type="subject">worked</term>
        for an aircraft parts plant. In the beginning there were only 200 people <term
          ref="https://portal.ehri-project.eu/keywords/ehri_terms-556" type="subject">working</term>
        there guarded by 10 <term ref="https://portal.ehri-project.eu/keywords/ehri_terms-478"
          type="subject">Aufseherins</term>. These <term
          ref="https://portal.ehri-project.eu/keywords/ehri_terms-478" type="subject"
          >Aufseherins</term> were quite nice when compared to those in <placeName
          ref="https://portal.ehri-project.eu/keywords/ehri_camps-2">Auschwitz</placeName>. When
          <orgName ref="https://portal.ehri-project.eu/authorities/ehri_cb-004583"
          >Russians</orgName> approached us they brought here <term
          ref="https://portal.ehri-project.eu/keywords/ehri_terms-650" type="subject"
          >prisoners</term> from various<term
          ref="https://portal.ehri-project.eu/keywords/ehri_terms-496" type="subject">camps</term>,
        and also the <term ref="https://portal.ehri-project.eu/keywords/ehri_terms-1216"
          type="subject">SS</term> came with them. This meant that life became hell also here. They
        would keep beating us. We dug trenches, and they forced us to get prepared to counter the
        enemy. On the <date when="1944-12-20">20th of December</date>, I fell <term
          ref="https://portal.ehri-project.eu/keywords/ehri_terms-791" type="subject">sick</term>
        with <term ref="https://portal.ehri-project.eu/keywords/ehri_terms-791" type="subject"
          >pneumonia</term> and <term ref="https://portal.ehri-project.eu/keywords/ehri_terms-493"
          type="subject">typhus</term> that had an effect later also on my legs. The <date
          when="1945-05-09">9th of May</date>, the <orgName
          ref="https://portal.ehri-project.eu/authorities/ehri_cb-004583">Russians</orgName>
        <term ref="https://portal.ehri-project.eu/keywords/ehri_terms-573" type="subject"
          >liberated</term> us. I spent another two weeks in <term
          ref="https://portal.ehri-project.eu/keywords/ehri_terms-791" type="subject"
          >hospital</term> before I came home.</p>
    </body>
  </text>
</TEI>
